หลักทรัพย์,ชื่อผู้ได้มา/จำหน่าย,วิธีการ,ประเภท หลักทรัพย์ 1,% ก่อน ได้มา/ จำหน่าย,% ได้มา/ จำหน่าย,% หลัง ได้มา/ จำหน่าย,วันที่ได้มา/ จำหน่าย,% ก่อน ได้มา/ จำหน่าย (กลุ่ม)2,% ได้มา/ จำหน่าย (กลุ่ม)2,% หลัง ได้มา/ จำหน่าย (กลุ่ม)2,หมายเหตุ3,PDF,หมายเลข
BCP,กองทุนรวมวายุภักษ์ หนึ่ง,จำหน่าย,หุ้น,10.0327,0.0341,9.9986,18/09/2569,10.0327,0.0341,9.9986,,https://web-r246-api.sec.or.th/api/forms/pdf/publish/6ab0b5ee187437e026bb77ce,246043972609-1
VIH,บริษัท บีบีทีวี เอ็คควิตี้ จำกัด,จำหน่าย,หุ้น,20.0477,20.0477,0.0,15/09/2569,20.0477,20.0477,0.0,,https://web-r246-api.sec.or.th/api/forms/pdf/publish/6aa906265669891379e0e84e,246043902609-1
VIH,บริษัท พี อาร์ จี คอร์ปอเรชั่น จำกัด (มหาชน),ได้มา,หุ้น,0.0,20.0477,20.0477,15/09/2569,0.0,20.0477,20.0477,,https://web-r246-api.sec.or.th/api/forms/pdf/publish/6aa3ae9f5669891379e0e83d,246043892609-1
A5,นาย สาโรจน์ อัศวพรชัย,ได้มา,หุ้น,4.9958,0.0047,5.0005,14/09/2569,4.9958,0.0047,5.0005,,https://web-r246-api.sec.or.th/api/forms/pdf/publish/6aa89d4e5669891379e0e848,246043862609-1
KGEN,นาง ประจิตรา วรนาวิน,จำหน่าย,หุ้น,6.765,4.9422,1.8228,14/09/2569,6.765,4.9422,1.8228,,https://web-r246-api.sec.or.th/api/forms/pdf/publish/6aaa5aa65669891379e0e85a,246043932609-1
BIS,"นาง พัชรี นันทวัฒน์ศิริ, นาย ศราวุธ เตชะสัตยา, นาง รุ่งนภา เตชะสัตยา",เริ่มต้น Concert Party,หุ้น,33.3809,0.0,33.3809,10/09/2569,33.3809,0.0,33.3809,จะทำคำเสนอซื้อ,https://web-r246-api.sec.or.th/api/forms/pdf/publish/6aa37eba5669891379e0e83b,246043842609-1
TNDT,นาย กฤชรักษ์ วรชนนภากาศ,ได้มา,หลักทรัพย์แปลงสภาพ,0.0,10.0347,10.0347,10/09/2569,0.0,10.0347,10.0347,ฉบับแก้ไข,https://web-r246-api.sec.or.th/api/forms/pdf/publish/6aa917335669891379e0e850,246043882609-2
B,นางสาว ธนิกา ตั้งพูนผลวิวัฒน์,ได้มา,หุ้น,12.8089,4.0335,16.8424,08/09/2569,12.8089,4.0335,16.8424,,https://web-r246-api.sec.or.th/api/forms/pdf/publish/6aa0f0cd5669891379e0e821,246043772609-1
BCP,สำนักงานประกันสังคม,จำหน่าย,หุ้น,10.1447,0.205,9.9396,07/09/2569,10.1447,0.205,9.9396,,https://web-r246-api.sec.or.th/api/forms/pdf/publish/6aa1297b5669891379e0e823,246043792609-1
KKP,บริษัท วีอีท จำกัด,ได้มา,หุ้น,0.0,1.6269,1.6269,07/09/2569,3.3958,1.6269,5.0227,,https://web-r246-api.sec.or.th/api/forms/pdf/publish/6aa25e065669891379e0e834,246043802609-1
HL,นาย ธัญกร พันธุกานนท์,ได้มา,หุ้น,4.3806,1.1134,5.494,04/09/2569,4.3806,1.1134,5.494,,https://web-r246-api.sec.or.th/api/forms/pdf/publish/6a9eae1b8a4638066c2f4d18,246043752609-1
STELLA,นันทิดา กิตติอิสรานนท์,ได้มา,หุ้น,4.9966,0.0033,5.0,04/09/2569,4.9966,0.0033,5.0,,https://web-r246-api.sec.or.th/api/forms/pdf/publish/6a9f672e5669891379e0e81a,246043762609-1
DPAINT,นางสาว ณดา อนิรุทธ์เทวา,ได้มา,หุ้น,0.0043,21.2286,21.2297,02/09/2569,0.0043,21.2286,21.2297,,https://web-r246-api.sec.or.th/api/forms/pdf/publish/6ab09803187437e026bb77cd,246043962609-1
STELLA,นาย ประเดช กิตติอิสรานนท์,จำหน่าย,หุ้น,6.2616,1.3952,4.8663,02/09/2569,6.2616,1.3952,4.8663,,https://web-r246-api.sec.or.th/api/forms/pdf/publish/6a9e15038a4638066c2f4d16,246043742609-1
TRC,พีเอส แคปปิตอล โฮลดิ้งส์,จำหน่าย,หุ้น,9.0546,4.4367,4.6178,01/09/2569,9.0546,4.4367,4.6178,,https://web-r246-api.sec.or.th/api/forms/pdf/publish/6aa3cd375669891379e0e840,246043852609-1
IROYAL,นางสาว ชุติมา เดชทิพย์ประภาพ,ได้มา,หลักทรัพย์แปลงสภาพ,0.0,12.9797,12.9797,31/08/2569,0.0,12.9797,12.9797,,https://web-r246-api.sec.or.th/api/forms/pdf/publish/6a9a73183b0bc43579425138,246043722609-1
SIMAT,ทองคำ มานะศิลปพันธ์,ได้มา,หุ้น,4.9202,1.6603,6.5805,31/08/2569,4.9202,1.6603,6.5805,,https://web-r246-api.sec.or.th/api/forms/pdf/publish/6a96aee23b0bc4357942512e,246043662609-1
YONG,นาย สรรเพชญ ศลิษฏ์อรรถกร,ได้มา,หุ้น,14.9564,0.0882,15.0446,31/08/2569,14.9564,0.0882,15.0446,,https://web-r246-api.sec.or.th/api/forms/pdf/publish/6a96594d3b0bc4357942512d,246043652609-1
NCL,พงษ์เทพ วิชัยกุล,จำหน่าย,หุ้น,10.0723,0.278,9.7943,25/08/2569,10.0723,0.278,9.7943,,https://web-r246-api.sec.or.th/api/forms/pdf/publish/6a9137aa3b0bc43579425119,246043572608-1
RML,กฤษณ์ ณรงค์เดช,ได้มา,หุ้น,5.1421,0.0153,5.1575,21/08/2569,39.9902,0.0153,40.0056,,https://web-r246-api.sec.or.th/api/forms/pdf/publish/6a995f0d3b0bc43579425135,246043702609-1
ACC,นาย วิเชียร เอื้อสงวนกุล,ได้มา,หุ้น,1.0698,4.6091,5.6789,20/08/2569,1.0698,4.6091,5.6789,,https://web-r246-api.sec.or.th/api/forms/pdf/publish/6a8d2e463b0bc435794250fc,246043522608-1
SPCG,วันดี กุญชรยาคง,จำหน่าย,หุ้น,46.0841,46.0841,0.0,20/08/2569,46.0841,46.0841,0.0,,https://web-r246-api.sec.or.th/api/forms/pdf/publish/6a84074aa06a7961be119e39,246043372608-1
SPCG,เคียวเซร่า คอร์ปอเรชั่น,จำหน่าย,หุ้น,6.0144,6.0144,0.0,20/08/2569,6.0144,6.0144,0.0,,https://web-r246-api.sec.or.th/api/forms/pdf/publish/6a8bb7b5a06a7961be119e6f,246043412608-1
SPCG,นางสาว รัชณีวัลย์ อัครวิกรัย,จำหน่าย,หุ้น,6.219,3.4653,2.7536,20/08/2569,6.219,3.4653,2.7536,,https://web-r246-api.sec.or.th/api/forms/pdf/publish/6a8c0485a06a7961be119e88,246043442608-1
SPCG,"นาย วรสิทธิ์ โภคาชัยพัฒน์, บริษัท เจอาร์ที กรีน เอ็นเนอร์ยี่ จำกัด, PREMIA GLOBAL LIMITED, นาย เกรียงไกร จารุทวี, บริษัท พรีเมีย โกลบอล ไทย จำกัด",เริ่มต้น Concert Party,หุ้น,57.4632,0.0,57.4632,20/08/2569,57.4632,0.0,57.4632,จะทำคำเสนอซื้อ,https://web-r246-api.sec.or.th/api/forms/pdf/publish/6a880caca06a7961be119e6b,246043402608-1
TTB,บริษัท ไอเอ็นจี แบงก์ เอ็น.วี. จำกัด,จำหน่าย,หุ้น,19.507,7.8725,11.6345,19/08/2569,19.507,7.8725,11.6345,,https://web-r246-api.sec.or.th/api/forms/pdf/publish/6a85b279a06a7961be119e55,246043382608-1
AP,จัดการการลงทุน แอร์เมส,ได้มา,หุ้น,9.977,0.076,10.053,18/08/2569,9.977,0.076,10.053,,https://web-r246-api.sec.or.th/api/forms/pdf/publish/6a85e52ba06a7961be119e56,246043362608-1
DMT,บริษัท โกลเด้น ฮอร์ส จำกัด,จำหน่าย,หุ้น,10.0101,1.6084,8.4016,18/08/2569,10.0101,1.6084,8.4016,,https://web-r246-api.sec.or.th/api/forms/pdf/publish/6a96c09e3b0bc43579425130,246043692609-1
FNS,นาย เชิญชัย นิยมานุสร,ได้มา,หุ้น,0.0,7.9296,7.9296,18/08/2569,0.0,7.9296,7.9296,,https://web-r246-api.sec.or.th/api/forms/pdf/publish/6a852b36a06a7961be119e4a,246043232608-1
FNS,นาย วรสิทธิ์ โภคาชัยพัฒน์,จำหน่าย,หุ้น,49.4531,7.9296,41.5235,18/08/2569,57.8422,7.9296,49.9125,,https://web-r246-api.sec.or.th/api/forms/pdf/publish/6a85214ca06a7961be119e47,246043222608-1
SICT,นาย มานพ ธรรมสิริอนันต์,จำหน่าย,หุ้น,19.992,5.7205,14.2714,17/08/2569,19.992,5.7205,14.2714,,https://web-r246-api.sec.or.th/api/forms/pdf/publish/6a82f812a06a7961be119e2e,246043082608-1
STX,กฤตนันท์ ปิงคลาศัย,จำหน่าย,หุ้น,0.0227,0.0,0.0227,17/08/2569,15.1033,0.3255,14.7778,,https://web-r246-api.sec.or.th/api/forms/pdf/publish/6a841162a06a7961be119e42,246043252608-1
STX,นางสาว อรจิรา ปิงคลาศัย,จำหน่าย,หุ้น,0.0,0.0,0.0,17/08/2569,15.0806,0.3255,14.755,,https://web-r246-api.sec.or.th/api/forms/pdf/publish/6a84124fa06a7961be119e43,246043262608-1
STX,นาย ณัฐกุล ปิงคลาศัย,จำหน่าย,หุ้น,0.0,0.0,0.0,17/08/2569,15.0806,0.3255,14.755,,https://web-r246-api.sec.or.th/api/forms/pdf/publish/6a83fb3fa06a7961be119e35,246043242608-1
STX,บริษัท ดราก้อน วัน จำกัด,จำหน่าย,หุ้น,14.755,0.3255,14.4294,17/08/2569,15.0806,0.3255,14.755,,https://web-r246-api.sec.or.th/api/forms/pdf/publish/6a8bf0e6a06a7961be119e78,246043422608-1
QDC,Mr Vatcharakiatth Taechasirithiwapakdi,จำหน่าย,หุ้น,31.9637,2.1059,29.8577,14/08/2569,31.9637,2.1059,29.8577,,https://web-r246-api.sec.or.th/api/forms/pdf/publish/6a8539b3a06a7961be119e4c,246043202608-1
RCL,นาย สุเมธ ตันธุวนิตย์,จำหน่าย,หุ้น,6.8375,2.2503,4.5871,11/08/2569,6.8375,2.2503,4.5871,,https://web-r246-api.sec.or.th/api/forms/pdf/publish/6a7d2ad6287aee7f13d55975,246043052608-1
ETTH26,บริษัท รักษ์ มาร์เก็ตติ้ง จำกัด,ได้มา,หุ้น,0.0,5.5199,5.5199,06/08/2569,0.0,5.5199,5.5199,,https://web-r246-api.sec.or.th/api/forms/pdf/publish/6a83da32a06a7961be119e33,246043092608-1
EMC,ชินชัย ลีนะบรรจง,จำหน่าย,หุ้น,15.0255,0.1623,14.8631,03/08/2569,15.0255,0.1623,14.8631,,https://web-r246-api.sec.or.th/api/forms/pdf/publish/6a745363963bca29fc4ecc9f,246043002608-1
SMD100,นาย ทวีศักดิ์ บุญประสิทธิ์,จำหน่าย,หุ้น,5.7774,2.8887,2.8887,31/07/2569,5.7774,2.8887,2.8887,,https://web-r246-api.sec.or.th/api/forms/pdf/publish/6a799a45287aee7f13d5596f,246043032608-1
FMT,บริษัท ฮ่องกง จีดี เทรดดิ้ง จำกัด,ได้มา,หุ้น,0.0,42.2505,42.2505,27/07/2569,0.0,42.2505,42.2505,จะทำคำเสนอซื้อ,https://web-r246-api.sec.or.th/api/forms/pdf/publish/6a6b0f4f3639b7274eabb66f,246042962607-1
TRV,นางสาว กุลณฐา แสงธนนิรมิต,จำหน่าย,หุ้น,6.0393,2.9166,3.1226,22/07/2569,6.0393,2.9166,3.1226,,https://web-r246-api.sec.or.th/api/forms/pdf/publish/6a60886f3639b7274eabb668,246042932607-1
KK,นาง ฐิตารัตน์ สิริธนนนท์สกุล,ได้มา,หุ้น,4.3149,20.7913,25.1062,21/07/2569,4.3149,20.7913,25.1062,ได้รับยกเว้นทำคำเสนอซื้อ,https://web-r246-api.sec.or.th/api/forms/pdf/publish/6a603e223639b7274eabb660,246042922607-1
BCP,กองทุนรวมวายุภักษ์ หนึ่ง,จำหน่าย,หุ้น,15.0352,0.1742,14.8609,20/07/2569,15.0352,0.1742,14.8609,,https://web-r246-api.sec.or.th/api/forms/pdf/publish/6a5eeec23639b7274eabb65a,246042892607-1
PROUD,นาย สมพงษ์ ชลคดีดำรงกุล,จำหน่าย,หุ้น,3.4696,0.0005,3.4691,16/07/2569,5.0031,0.0338,4.9692,,https://web-r246-api.sec.or.th/api/forms/pdf/publish/6a59b47c3639b7274eabb652,246042862607-1
READY,นาย ทวีรัช ปรุงพัฒนสกุล,ได้มา,หุ้น,19.9916,0.0166,20.0083,16/07/2569,19.9916,0.0166,20.0083,,https://web-r246-api.sec.or.th/api/forms/pdf/publish/6a58e0963639b7274eabb651,246042842607-1
THMUI,นาย ทชากร ลีลาประชากุล,ได้มา,หุ้น,14.6553,4.3428,16.0671,15/07/2569,14.6553,4.3428,16.0671,,https://web-r246-api.sec.or.th/api/forms/pdf/publish/6a59f8123639b7274eabb655,246042872607-1
TVDH,นางสาว จิราภรณ์ พินิจนรชัย,ได้มา,หุ้น,0.5706,8.3403,8.7793,14/07/2569,0.5706,8.3403,8.7793,ผู้รายงานแจ้งยกเลิก,https://web-r246-api.sec.or.th/api/forms/pdf/publish/6a607d153639b7274eabb664,246042912607-1
QTCG,นาย ชาคร ศรีวัฒนประยูร,ได้มา,หุ้น,10.4849,14.9034,17.1095,13/07/2569,10.4849,14.9034,17.1095,,https://web-r246-api.sec.or.th/api/forms/pdf/publish/6a5dbc9a3639b7274eabb658,246042882607-1
TVDH,นาย วโรตม์ หน่อแก้ว,ได้มา,หุ้น,7.8355,11.3148,19.1503,13/07/2569,7.8355,11.3148,19.1503,ผู้รายงานแจ้งยกเลิก,https://web-r246-api.sec.or.th/api/forms/pdf/publish/6a572b843639b7274eabb64e,246042832607-1
QTCG,นาย ถาวร เพชรโลหะกุล,ได้มา,หุ้น,0.0012,10.52,10.5213,10/07/2569,0.0012,10.52,10.5213,,https://web-r246-api.sec.or.th/api/forms/pdf/publish/6a55bdb49657a11387b92484,246042812607-1
QTCG,นาย ธณตวงศ์ บรรลือทรัพย์,ได้มา,หุ้น,0.1199,6.575,6.6003,10/07/2569,0.1199,6.575,6.6003,จะลดสัดส่วนการถือหุ้น,https://web-r246-api.sec.or.th/api/forms/pdf/publish/6a56049c3639b7274eabb64c,246042822607-1
QTCG,นาย ปวิณ จิตติวงศ์สมาน,ได้มา,หุ้น,0.0012,6.9213,6.9225,10/07/2569,0.0012,6.9213,6.9225,,https://web-r246-api.sec.or.th/api/forms/pdf/publish/6a55adce9657a11387b92482,246042802607-1
QTCG,นาย สกนธ์ การกระสัง,ได้มา,หุ้น,0.0103,8.7667,8.7689,10/07/2569,0.0103,8.7667,8.7689,,https://web-r246-api.sec.or.th/api/forms/pdf/publish/6a5193169657a11387b9247e,246042792607-1
SGC,บริษัท ซิงเกอร์ประเทศไทย จำกัด (มหาชน),จำหน่าย,หุ้น,78.166,3.1664,74.9996,10/07/2569,78.166,3.1664,74.9996,,https://web-r246-api.sec.or.th/api/forms/pdf/publish/6a50e18b9657a11387b9247d,246042782607-1
XBIO,นางสาว ปรียสุดา อัครศรีสวัสดิ์,จำหน่าย,หุ้น,85.5422,4.1105,81.4316,10/07/2569,85.5422,4.1105,81.4316,,https://web-r246-api.sec.or.th/api/forms/pdf/publish/6a5f1fa33639b7274eabb65b,246042902607-1
BIS,นาย สุชาติ วรวุฒางกูร,จำหน่าย,หุ้น,5.0173,0.0378,4.9794,09/07/2569,5.0173,0.0378,4.9794,,https://web-r246-api.sec.or.th/api/forms/pdf/publish/6a796f14287aee7f13d5596c,246043012608-1
TGPRO,นางสาว มณฑิรา ลีลาประชากุล,จำหน่าย,หุ้น,12.2414,12.2414,0.0,09/07/2569,12.2414,12.2414,0.0,,https://web-r246-api.sec.or.th/api/forms/pdf/publish/6a2fb0397f39376f1afc98f0,246042762607-1
TGPRO,บริษัท หลักทรัพย์จัดการกองทุนเอ็มเอฟซี จำกัด (มหาชน),ได้มา,หุ้น,0.0,12.2414,12.2414,09/07/2569,0.0,12.2414,12.2414,,https://web-r246-api.sec.or.th/api/forms/pdf/publish/6a4f5f2d1f51c254c7ade40b,246042752607-1
TVDH,นางสาว จิราภรณ์ พินิจนรชัย,ได้มา,หุ้น,0.5706,8.3403,8.7793,09/07/2569,0.5706,8.3403,8.7793,,https://web-r246-api.sec.or.th/api/forms/pdf/publish/6a6196fe3639b7274eabb66d,246042942607-1
TVDH,นาย วโรตม์ หน่อแก้ว,ได้มา,หุ้น,7.8355,11.3148,19.1503,09/07/2569,7.8355,11.3148,19.1503,,https://web-r246-api.sec.or.th/api/forms/pdf/publish/6a59f1f93639b7274eabb654,246042852607-1
EMPIRE,นาย กระทรวง จารุศิระ,ได้มา,หุ้น,5.3925,5.2339,10.6264,08/07/2569,5.3925,5.2339,10.6264,ผู้รายงานแจ้งยกเลิก,https://web-r246-api.sec.or.th/api/forms/pdf/publish/6a4e2ce61f51c254c7ade403,246042722607-1
PPPM,นาย วรัชญ์ รัศมีไพศาล,ได้มา,หลักทรัพย์แปลงสภาพ,0.0,5.5143,5.5143,08/07/2569,0.0,5.5143,5.5143,,https://web-r246-api.sec.or.th/api/forms/pdf/publish/6a4f6dd11f51c254c7ade40e,246042732607-1
EMPIRE,นาย กระทรวง จารุศิระ,ได้มา,หุ้น,7.9259,2.5333,10.4592,07/07/2569,7.9259,2.5333,10.4592,,https://web-r246-api.sec.or.th/api/forms/pdf/publish/6a504b5d9657a11387b92479,246042742607-1
TATG,คุณ บัณฑูร เหล่าสินชัย,ได้มา,หุ้น,2.325,0.5,2.825,07/07/2569,4.65,0.5,5.15,,https://web-r246-api.sec.or.th/api/forms/pdf/publish/6a4dc8f71f51c254c7ade401,246042702607-1
TACC,นาย ชัชชวี วัฒนสุข,จำหน่าย,หุ้น,15.0383,0.0745,14.9637,06/07/2569,15.0383,0.0745,14.9637,,https://web-r246-api.sec.or.th/api/forms/pdf/publish/6a4e07111f51c254c7ade402,246042712607-1
TRUE,บริษัท เครือเจริญโภคภัณฑ์ จำกัด,จำหน่าย,หุ้น,7.8663,1.2734,6.5928,06/07/2569,22.3067,2.5853,19.7214,,https://web-r246-api.sec.or.th/api/forms/pdf/publish/6a4b78a71f51c254c7ade3ee,246042662607-1
TRUE,บริษัท ซีพีเอช เทลโค จำกัด,จำหน่าย,หุ้น,9.1583,1.3119,7.8463,06/07/2569,22.3067,2.5853,19.7214,,https://web-r246-api.sec.or.th/api/forms/pdf/publish/6a4b7bde1f51c254c7ade3ef,246042672607-1
KTC,นาย มงคล ประกิตชัยวัฒนา,จำหน่าย,หุ้น,5.0148,0.7756,4.2391,03/07/2569,5.0148,0.7756,4.2391,,https://web-r246-api.sec.or.th/api/forms/pdf/publish/6a4dc7fc1f51c254c7ade400,246042692607-1
TMD,นาย ยงยุทธ จรัญวาศน์,จำหน่าย,หุ้น,9.1133,9.1133,0.0,03/07/2569,9.1133,9.1133,0.0,,https://web-r246-api.sec.or.th/api/forms/pdf/publish/6a4b0c851f51c254c7ade3e0,246042642607-1
TMD,นาย สุภกฤต โช,ได้มา,หุ้น,0.0,9.1133,9.1133,03/07/2569,0.0,9.1133,9.1133,,https://web-r246-api.sec.or.th/api/forms/pdf/publish/6a47a07740002b757d3c8374,246042632607-1
ITEL,บริษัท อินเตอร์ลิ้งค์ คอมมิวนิเคชั่น จำกัด (มหาชน),ได้มา,หลักทรัพย์แปลงสภาพ,33.8227,3.2716,35.9877,01/07/2569,33.8227,3.2716,35.9877,,https://web-r246-api.sec.or.th/api/forms/pdf/publish/6a4629ac40002b757d3c836e,246042612607-1
COM7,นาย พงศ์ศักดิ์ ธรรมธัชอารี,จำหน่าย,หุ้น,20.3487,5.0048,15.3439,30/06/2569,20.3487,5.0048,15.3439,,https://web-r246-api.sec.or.th/api/forms/pdf/publish/6a45157940002b757d3c8363,246042542607-1
COM7,บริษัท แพลน บี มีเดีย จำกัด (มหาชน),ได้มา,หุ้น,3.9445,7.2104,11.1549,30/06/2569,3.9445,7.2104,11.1549,,https://web-r246-api.sec.or.th/api/forms/pdf/publish/6a43a79440002b757d3c8359,246042552607-1
ECF,นาย อรุต ธนาสุวรรณดิถี,ได้มา,หุ้น,9.5477,1.6024,11.1501,30/06/2569,9.5477,1.6024,11.1501,,https://web-r246-api.sec.or.th/api/forms/pdf/publish/6a47952340002b757d3c8373,246042622607-1
OSP,กรีนวิว นอมินี ลิมิเต็ด,ได้มานิติบุคคลตามมาตรา 258,หุ้น,0.0,7.3594,7.3594,30/06/2569,7.3594,7.3594,7.3594,,https://web-r246-api.sec.or.th/api/forms/pdf/publish/6a4404b340002b757d3c8360,246042532607-1
OSP,คอยเล่ โฮลดิงส์,สิ้นสุดนิติบุคคลตามมาตรา 258,หุ้น,0.0,7.3594,-7.3594,30/06/2569,0.0,7.3594,0.0,,https://web-r246-api.sec.or.th/api/forms/pdf/publish/6a44021040002b757d3c835f,246042522607-1
HANN,นาง ประภาศรี สุฉันทบุตร,จำหน่าย,หุ้น,27.346,3.9285,23.4174,29/06/2569,63.0603,3.9285,59.1317,,https://web-r246-api.sec.or.th/api/forms/pdf/publish/6a4c6cba1f51c254c7ade3f1,246042652607-1
FPT,นาย เจริญ สิริวัฒนภักดี,สิ้นสุดนิติบุคคลตามมาตรา 258,หุ้น,0.0,0.0,0.0,24/06/2569,81.8324,0.0,81.8324,,https://web-r246-api.sec.or.th/api/forms/pdf/publish/6a3bab507f39376f1afc9906,246042462606-1
XO,นางสาว วาสนา จันทรัช,ได้มา,หุ้น,14.9617,0.467,15.4287,24/06/2569,14.9617,0.467,15.4287,,https://web-r246-api.sec.or.th/api/forms/pdf/publish/6a41e9c740002b757d3c834c,246042482606-1
GULF,สิงเทล โกลบอล อินเวสต์เมนท์ พีทีอี แอลทีดี,จำหน่าย,หุ้น,7.7339,2.7845,4.9494,23/06/2569,7.7339,2.7845,4.9494,,https://web-r246-api.sec.or.th/api/forms/pdf/publish/6a3624167f39376f1afc9901,246042442606-1
THAI,สหกรณ์ออมทรัพย์การไฟฟ้าฝ่ายผลิตแห่งประเทศไทย จำกัด,จำหน่าย,หุ้น,5.4344,1.3586,4.0758,18/06/2569,5.4344,1.3586,4.0758,,https://web-r246-api.sec.or.th/api/forms/pdf/publish/6a336a2c7f39376f1afc9900,246042432606-1
BLC,นาย อภิรุม ปัญญาพล,ได้มา,หุ้น,4.9994,0.0122,5.0117,17/06/2569,4.9994,0.0122,5.0117,,https://web-r246-api.sec.or.th/api/forms/pdf/publish/6a325b3a7f39376f1afc98fc,246042422606-1
QDC,Mr Vatcharakiatth Taechasirithiwapakdi,จำหน่าย,หุ้น,35.4127,1.7477,33.665,15/06/2569,35.4127,1.7477,33.665,,https://web-r246-api.sec.or.th/api/forms/pdf/publish/6a853af6a06a7961be119e4e,246043212608-1
TRUE,บริษัท เครือเจริญโภคภัณฑ์ จำกัด,จำหน่าย,หุ้น,9.0384,1.1721,7.8663,15/06/2569,25.0128,2.706,22.3067,,https://web-r246-api.sec.or.th/api/forms/pdf/publish/6a2f86957f39376f1afc98ec,246042392606-1
TRUE,บริษัท ซีพีเอช เทลโค จำกัด,จำหน่าย,หุ้น,10.6922,1.5339,9.1583,15/06/2569,25.0128,2.706,22.3067,,https://web-r246-api.sec.or.th/api/forms/pdf/publish/6a2fa10e7f39376f1afc98ef,246042402606-1
DPAINT,นางสาว เพ็ญพร วงศ์นพรัตน์เลิศ,จำหน่าย,หุ้น,10.4227,10.4227,0.0,12/06/2569,10.4227,10.4227,0.0,,https://web-r246-api.sec.or.th/api/forms/pdf/publish/6a30b1737f39376f1afc98f4,246042382606-1
TTB,บริษัท ไอเอ็นจี แบงก์ เอ็น.วี. จำกัด,จำหน่าย,หุ้น,23.0996,4.4635,18.6361,12/06/2569,23.0996,4.4635,18.6361,,https://web-r246-api.sec.or.th/api/forms/pdf/publish/6a2bddc77f39376f1afc98e9,246042352606-1
META,นายกองตรี สุวิทย์ พิพัฒน์วิไลกุล,ได้มา,หุ้น,4.2352,1.5991,5.8343,11/06/2569,4.2352,1.5991,5.8343,ฉบับแก้ไข,https://web-r246-api.sec.or.th/api/forms/pdf/publish/6a8fd8753b0bc43579425115,246043542608-2
EMPIRE,นาย วโรตม์ หน่อแก้ว,จำหน่าย,หุ้น,7.2759,3.8949,3.3809,10/06/2569,7.2759,3.8949,3.3809,,https://web-r246-api.sec.or.th/api/forms/pdf/publish/6a30119e7f39376f1afc98f3,246042372606-1
XO,นาย จิตติพร จันทรัช,ได้มา,หุ้น,9.4541,0.9049,10.3591,10/06/2569,9.6876,0.9049,10.5926,,https://web-r246-api.sec.or.th/api/forms/pdf/publish/6a293a9b7f39376f1afc98dc,246042302606-1
MATI,นาย ปราปต์ บุนปาน,ได้มา,หุ้น,7.0046,3.5068,10.5115,09/06/2569,7.0046,3.5068,10.5115,,https://web-r246-api.sec.or.th/api/forms/pdf/publish/6a2906d27f39376f1afc98d6,246042272606-1
PSTC,โสมพัฒน์ ไตรโสรัส,จำหน่าย,หุ้น,17.9876,17.9876,0.0,09/06/2569,17.9876,17.9876,0.0,,https://web-r246-api.sec.or.th/api/forms/pdf/publish/6a27e5c97f39376f1afc98d0,246042242606-1
PSTC,นาย ศิโรตม์ เสตะพันธุ,ได้มา,หุ้น,0.0,17.9876,17.9876,09/06/2569,0.0,17.9876,17.9876,,https://web-r246-api.sec.or.th/api/forms/pdf/publish/6a280c3d7f39376f1afc98d4,246042262606-1
MVP,นาย สุระ คณิตทวีกุล,จำหน่าย,หุ้น,5.3074,0.3632,4.9442,08/06/2569,5.3074,0.3632,4.9442,,https://web-r246-api.sec.or.th/api/forms/pdf/publish/6a2a2a0b7f39376f1afc98df,246042322606-1
ECF,นาย ณัฐปภัสร์ เกสร์ชัยมงคล,ได้มา,หุ้น,14.1765,1.2778,15.4543,05/06/2569,14.1765,1.2778,15.4543,,https://web-r246-api.sec.or.th/api/forms/pdf/publish/6a30e8747f39376f1afc98f6,246042412606-1
ASN,นาง จารุทรรศ เลิศรุ่งเรือง,จำหน่าย,หุ้น,15.3838,15.3838,0.0,04/06/2569,15.3838,15.3838,0.0,,https://web-r246-api.sec.or.th/api/forms/pdf/publish/6a228c1d7f39376f1afc98c9,246042212606-1
ASN,นางสาว พัชรา เลิศรุ่งเรือง,ได้มา,หุ้น,0.4563,15.3838,15.8401,04/06/2569,0.4563,15.3838,15.8401,,https://web-r246-api.sec.or.th/api/forms/pdf/publish/6a226ec27f39376f1afc98c1,246042202606-1
EMPIRE,นาย วโรตม์ หน่อแก้ว,จำหน่าย,หุ้น,10.4519,1.7297,8.7221,04/06/2569,10.4519,1.7297,8.7221,,https://web-r246-api.sec.or.th/api/forms/pdf/publish/6a280bc27f39376f1afc98d3,246042252606-1
STELLA,บริษัท ธนา พาวเวอร์ โฮลดิ้ง จำกัด,ได้มา,หุ้น,19.9783,0.0229,20.0012,04/06/2569,19.9783,0.0229,20.0012,,https://web-r246-api.sec.or.th/api/forms/pdf/publish/6a22454d7f39376f1afc98bf,246042182606-1
AMARIN,บริษัท สิริภักดีธรรม จำกัด,จำหน่าย,หุ้น,13.0611,4.8082,8.2528,28/05/2569,89.7911,4.8082,84.9828,,https://web-r246-api.sec.or.th/api/forms/pdf/publish/6a06a8a87f39376f1afc987a,246042162605-1
JAS,นาย พิชญ์ โพธารามิก,จำหน่าย,หุ้น,50.0087,49.876,0.1326,28/05/2569,50.0087,49.876,0.1326,,https://web-r246-api.sec.or.th/api/forms/pdf/publish/6a181bb47f39376f1afc98b9,246042172605-1
JAS,นาย พิชญ์ โพธารามิก,จำหน่าย,หุ้น,50.0087,0.1326,49.876,28/05/2569,50.0087,0.1326,49.876,ฉบับแก้ไข,https://web-r246-api.sec.or.th/api/forms/pdf/publish/6a1ede717f39376f1afc98be,246042172605-2
PJW,นาย พิรุฬห์ เหมมณฑารพ,ได้มา,หุ้น,9.9591,1.5523,11.5114,27/05/2569,9.9591,1.5523,11.5114,,https://web-r246-api.sec.or.th/api/forms/pdf/publish/6a1800497f39376f1afc98b7,246042152605-1
MONO,นาย พิชญ์ โพธารามิก,จำหน่าย,หุ้น,45.017,0.288,44.7289,22/05/2569,45.017,0.288,44.7289,,https://web-r246-api.sec.or.th/api/forms/pdf/publish/6a166dc67f39376f1afc98b5,246042132605-1
UMS,บริษัท อะธีน โฮลดิ้งส์ จำกัด,จำหน่าย,หุ้น,89.3591,4.9825,84.3765,22/05/2569,89.3591,4.9825,84.3765,,https://web-r246-api.sec.or.th/api/forms/pdf/publish/6a16611a7f39376f1afc98b0,246042142605-1
PIS,บริษัท สกาย ไอซีที จำกัด (มหาชน),ได้มา,หุ้น,69.9787,0.0279,70.0067,21/05/2569,69.9787,0.0279,70.0067,,https://web-r246-api.sec.or.th/api/forms/pdf/publish/6a0edbe57f39376f1afc98a7,246042102605-1
UMS,บริษัท อะธีน โฮลดิ้งส์ จำกัด,จำหน่าย,หุ้น,92.9712,3.6121,89.3591,21/05/2569,92.9712,3.6121,89.3591,,https://web-r246-api.sec.or.th/api/forms/pdf/publish/6a0e78bb7f39376f1afc989a,246042112605-1
TSR,นาย ยรรยง ธรรมธัชอารี,ได้มา,หุ้น,0.0,5.6257,5.6257,20/05/2569,0.0,5.6257,5.6257,,https://web-r246-api.sec.or.th/api/forms/pdf/publish/6a0e9a347f39376f1afc989e,246042062605-1
AMARIN,บริษัท สิริภักดีธรรม จำกัด,จำหน่าย,หุ้น,13.8625,0.8013,13.0611,19/05/2569,90.5925,0.8013,89.7911,,https://web-r246-api.sec.or.th/api/forms/pdf/publish/6a06a6dc7f39376f1afc9879,246042042605-1
ETTH26,นาย อานุภาพ ปัญญาคะโป,ได้มา,หุ้น,4.5899,0.68,5.28,19/05/2569,4.5899,0.68,5.28,,https://web-r246-api.sec.or.th/api/forms/pdf/publish/6a1029c97f39376f1afc98ac,246042122605-1
F&D,นาย จาง จื้อ ห่าว,จำหน่าย,หุ้น,68.8149,22.0959,46.7189,19/05/2569,68.8149,22.0959,46.7189,,https://web-r246-api.sec.or.th/api/forms/pdf/publish/6a0d9d0b7f39376f1afc9899,246042032605-1
KGEN,นาย ธนัช ปวรวิปุลยากร,จำหน่าย,หุ้น,7.503,4.8407,2.6623,19/05/2569,7.503,4.8407,2.6623,,https://web-r246-api.sec.or.th/api/forms/pdf/publish/6a0beca67f39376f1afc987e,246041962605-1
UBA,บริษัท สยามอีสต์ โซลูชั่น จำกัด (มหาชน),ได้มานิติบุคคลตามมาตรา 258,หุ้น,33.0265,0.865,33.8916,19/05/2569,35.014,0.865,35.014,,https://web-r246-api.sec.or.th/api/forms/pdf/publish/6a0ea95d7f39376f1afc98a0,246042072605-1
CI,นางสาว กรัชเพชร อิสสระ,ได้มา,หุ้น,3.8993,2.2937,6.1931,18/05/2569,3.8993,2.2937,6.1931,,https://web-r246-api.sec.or.th/api/forms/pdf/publish/6a0d87297f39376f1afc9897,246042022605-1
THMUI,นาย ทชากร ลีลาประชากุล,ได้มา,หุ้น,6.2242,8.4311,14.6553,18/05/2569,6.2242,8.4311,14.6553,,https://web-r246-api.sec.or.th/api/forms/pdf/publish/6a0d2a807f39376f1afc988e,246041972605-1
THMUI,นาย วีระพล ลีลาประชากุล,จำหน่าย,หุ้น,21.0777,21.0777,0.0,18/05/2569,21.0777,21.0777,0.0,,https://web-r246-api.sec.or.th/api/forms/pdf/publish/6a0d52137f39376f1afc9894,246042012605-1
THMUI,นาย ศุภณัชรัญญ์ พงสินณัชชาพล,ได้มา,หุ้น,6.0732,4.2155,10.2888,18/05/2569,6.0732,4.2155,10.2888,,https://web-r246-api.sec.or.th/api/forms/pdf/publish/6a0d2fac7f39376f1afc988f,246041982605-1
THMUI,นาย ศุภณัชวัชญ์ พงสินณัชชาพล,ได้มา,หุ้น,6.0732,4.2155,10.2888,18/05/2569,6.0732,4.2155,10.2888,,https://web-r246-api.sec.or.th/api/forms/pdf/publish/6a0d33067f39376f1afc9893,246042002605-1
THMUI,นาย เอกบดินทร์ ลีลาประชากุล,ได้มา,หุ้น,6.0732,4.2155,10.2888,18/05/2569,6.0732,4.2155,10.2888,,https://web-r246-api.sec.or.th/api/forms/pdf/publish/6a0d31e97f39376f1afc9891,246041992605-1
CSS,นาย ชาคร ศรีวัฒนประยูร,ได้มา,หุ้น,4.9858,0.0193,5.0052,13/05/2569,4.9858,0.0193,5.0052,,https://web-r246-api.sec.or.th/api/forms/pdf/publish/6a0afd657f39376f1afc987d,246041892605-1
PRM,บริษัท นทลิน จำกัด,ได้มา,หุ้น,64.1799,3.8981,68.078,12/05/2569,64.1799,3.8981,68.078,,https://web-r246-api.sec.or.th/api/forms/pdf/publish/6a0541cc7f39376f1afc986f,246041882605-1
ERW,นาย ธีระชัย กีรติเตชากร,ได้มา,หุ้น,4.8085,1.825,6.6336,08/05/2569,4.8085,1.825,6.6336,,https://web-r246-api.sec.or.th/api/forms/pdf/publish/6a01b4577f39376f1afc9868,246041852605-1
JUBILE,นาย พีรนาถ โชควัฒนา,ได้มา,หุ้น,5.0011,5.0011,10.0023,08/05/2569,5.0011,5.0011,10.0023,,https://web-r246-api.sec.or.th/api/forms/pdf/publish/69fd9f5a7f39376f1afc9863,246041822605-1
JUBILE,นาย พีรนาถ โชควัฒนา,ได้มา,หุ้น,4.9993,0.0017,5.0011,08/05/2569,4.9993,0.0017,5.0011,ฉบับแก้ไข,https://web-r246-api.sec.or.th/api/forms/pdf/publish/6a01455a7f39376f1afc9867,246041822605-2
TSTH,นาย ธีระชัย กีรติเตชากร,ได้มา,หุ้น,4.9689,0.7927,5.7616,08/05/2569,4.9689,0.7927,5.7616,,https://web-r246-api.sec.or.th/api/forms/pdf/publish/6a035dfe7f39376f1afc986b,246041862605-1
XBIO,นางสาว วรรณณี โรจนวณิชยากร,จำหน่าย,หุ้น,7.8925,7.8925,0.0,08/05/2569,7.8925,7.8925,0.0,,https://web-r246-api.sec.or.th/api/forms/pdf/publish/69fda74e7f39376f1afc9865,246041832605-1
KTMS,นางสาว กาญจนา พงศ์พัฒนะเดชา,ได้มา,หุ้น,6.9174,53.075,59.9924,05/05/2569,8.0191,53.075,61.0942,จะทำคำเสนอซื้อ,https://web-r246-api.sec.or.th/api/forms/pdf/publish/6a0ed21c7f39376f1afc98a5,246042082605-1
KTMS,บริษัท ฟิลเตอร์ วิชั่น จำกัด (มหาชน),จำหน่าย,หุ้น,53.075,53.075,0.0,05/05/2569,53.075,53.075,0.0,,https://web-r246-api.sec.or.th/api/forms/pdf/publish/6a0ed3877f39376f1afc98a6,246042092605-1
WP,นาย อัยยวัฒน์ ศรีวัฒนประภา,จำหน่าย,หุ้น,15.0831,0.1528,14.9302,29/04/2569,15.0831,0.1528,14.9302,,https://web-r246-api.sec.or.th/api/forms/pdf/publish/69f2dac87f39376f1afc985b,246041802604-1
EMPIRE,นาย กระทรวง จารุศิระ,จำหน่าย,หุ้น,10.3237,1.0925,9.2312,22/04/2569,10.3237,1.0925,9.2312,,https://web-r246-api.sec.or.th/api/forms/pdf/publish/69ead9b37f39376f1afc9842,246041752604-1
QTCG,นาย ชาคร ศรีวัฒนประยูร,ได้มา,หุ้น,9.9957,0.0624,10.0582,21/04/2569,9.9957,0.0624,10.0582,,https://web-r246-api.sec.or.th/api/forms/pdf/publish/69eb3d937f39376f1afc9845,246041772604-1
SPA,FIL LIMITED,จำหน่าย,หุ้น,5.8375,1.8099,4.0275,21/04/2569,5.8375,1.8099,4.0275,,https://web-r246-api.sec.or.th/api/forms/pdf/publish/69eae1317f39376f1afc9843,246041762604-1
TRV,นาย สุเทพ สมานบุตร,จำหน่าย,หุ้น,13.5416,3.9583,9.5833,21/04/2569,13.5416,3.9583,9.5833,,https://web-r246-api.sec.or.th/api/forms/pdf/publish/6a0aa5c77f39376f1afc987c,246041902605-1
TSE,น.ส. แคทลีน มาลีนนท์,ได้มา,หุ้น,0.0,45.7472,45.7472,21/04/2569,0.0,45.7472,45.7472,ฉบับแก้ไข จะลดสัดส่วนการถือหุ้น,https://web-r246-api.sec.or.th/api/forms/pdf/publish/6a2a86ed7f39376f1afc98e1,246042312606-2
TSE,บริษัท หลักทรัพย์จัดการกองทุนรวมบัวหลวง จำกัด,จำหน่าย,หุ้น,45.7472,45.7472,0.0,21/04/2569,45.7472,45.7472,0.0,,https://web-r246-api.sec.or.th/api/forms/pdf/publish/69e88f847f39376f1afc9841,246041742604-1
PJW,นาย วิวรรธน์ เหมมณฑารพ,จำหน่าย,หุ้น,5.7347,0.8633,4.8714,20/04/2569,5.7347,0.8633,4.8714,,https://web-r246-api.sec.or.th/api/forms/pdf/publish/69e5c70f7f39376f1afc982e,246041712604-1
EMPIRE,นาย กระทรวง จารุศิระ,ได้มา,หุ้น,6.2044,5.5511,10.3237,17/04/2569,6.2044,5.5511,10.3237,,https://web-r246-api.sec.or.th/api/forms/pdf/publish/69e6f9407f39376f1afc983b,246041732604-1
EMPIRE,นาย วโรตม์ หน่อแก้ว,ได้มา,หุ้น,0.001,13.5278,13.5288,17/04/2569,0.001,13.5278,13.5288,,https://web-r246-api.sec.or.th/api/forms/pdf/publish/69e5dc4b7f39376f1afc9835,246041702604-1
XBIO,นางสาว วรรณณี โรจนวณิชยากร,ได้มา,หุ้น,0.0,7.7994,7.7994,17/04/2569,0.0,7.7994,7.7994,,https://web-r246-api.sec.or.th/api/forms/pdf/publish/69f19aac7f39376f1afc9853,246041792604-1
SENX,นาง นิดดา จูรัตน์ศักดิ์เจริญ,จำหน่าย,หุ้น,10.5039,10.5039,0.0,16/04/2569,10.5039,10.5039,0.0,,https://web-r246-api.sec.or.th/api/forms/pdf/publish/69e19f0f7f39376f1afc9824,246041662604-1
SENX,นาย จิตร์ ธัญลักษณ์ภาคย์,ได้มา,หุ้น,0.0047,19.6207,19.6255,16/04/2569,0.0047,19.6207,19.6255,,https://web-r246-api.sec.or.th/api/forms/pdf/publish/69e1e80e7f39376f1afc982a,246041672604-1
HFT,บริษัท ฮั้วฟง รับเบอร์ อินดัสทรี จำกัด,ได้มา,หุ้น,50.4226,10.4812,60.9039,09/04/2569,50.4226,10.4812,60.9039,,https://web-r246-api.sec.or.th/api/forms/pdf/publish/69fbfe437f39376f1afc985f,246041812605-1
MASTEC,นาย ดุษฎี มีชัย,ได้มา,หุ้น,28.7522,0.05,28.8022,08/04/2569,29.9688,0.05,30.0188,,https://web-r246-api.sec.or.th/api/forms/pdf/publish/6a066eb17f39376f1afc9877,246041872605-1
TPOLY,นาย ชัยรัตน์ โกวิทจินดาชัย,จำหน่าย,หุ้น,5.1493,1.7628,3.3865,07/04/2569,5.1493,1.7628,3.3865,,https://web-r246-api.sec.or.th/api/forms/pdf/publish/69d6033b7f39376f1afc981c,246041622604-1
APP,นางสาว มัชฌิมา ตั้งอดุลย์รัตน์,ได้มา,หุ้น,0.0,55.0341,55.0341,03/04/2569,0.0,55.0341,55.0341,ได้รับยกเว้นทำคำเสนอซื้อ,https://web-r246-api.sec.or.th/api/forms/pdf/publish/69d76efc7f39376f1afc981e,246041632604-1
WARRIX,วิศัลย์ วนะศักดิ์ศรีสกุล,จำหน่าย,หุ้น,41.7087,5.6019,36.1067,03/04/2569,41.7087,5.6019,36.1067,,https://web-r246-api.sec.or.th/api/forms/pdf/publish/69cf9c937f39376f1afc981b,246041612604-1
DUSIT,นาง สุนงค์ สาลีรัฐวิภาค,สิ้นสุดนิติบุคคลตามมาตรา 258,หุ้น,0.0,49.7436,-49.7436,31/03/2569,0.0,49.7436,0.0,,https://web-r246-api.sec.or.th/api/forms/pdf/publish/69cca1227f39376f1afc9813,246041592604-1
PICO,นาง ธันยพร ตั้งคารวคุณ,ได้มา,หุ้น,0.0,12.4324,12.4324,31/03/2569,0.0,12.4324,12.4324,,https://web-r246-api.sec.or.th/api/forms/pdf/publish/69e5d3097f39376f1afc9833,246041692604-1
PICO,นาย สุรินทร์ บรรยงพงศ์เลิศ,จำหน่าย,หุ้น,12.4351,12.4324,0.0026,31/03/2569,12.4815,12.4324,0.049,,https://web-r246-api.sec.or.th/api/forms/pdf/publish/69cb581a7f39376f1afc980e,246041572604-1
PLE,นาย เมธัส ศรีสุชาต,ได้มา,หุ้น,4.8369,6.5885,10.5792,31/03/2569,4.8369,6.5885,10.5792,,https://web-r246-api.sec.or.th/api/forms/pdf/publish/69e1acb67f39376f1afc9827,246041652604-1
PLE,นาย เสวก ศรีสุชาต,ได้มา,หุ้น,21.8658,28.9454,46.9857,31/03/2569,21.8658,28.9454,46.9857,,https://web-r246-api.sec.or.th/api/forms/pdf/publish/69e1a5007f39376f1afc9826,246041642604-1
PLE,นาย เสวก ศรีสุชาต,ได้มา,หุ้น,21.8658,10.9051,28.9454,31/03/2569,21.8658,10.9051,28.9454,ฉบับแก้ไข,https://web-r246-api.sec.or.th/api/forms/pdf/publish/69e58ceb7f39376f1afc982d,246041642604-2
SPTX,นาย รัสมิ์ภูมิ สุเมธีวิทย์,จำหน่าย,หุ้น,11.7875,6.7099,5.0775,31/03/2569,11.7875,6.7099,5.0775,,https://web-r246-api.sec.or.th/api/forms/pdf/publish/69cf22957f39376f1afc9817,246041582604-1
XBIO,นาย สุรพงศ์ แซ่เฮง,จำหน่าย,หุ้น,5.2876,2.9215,2.366,31/03/2569,5.2876,2.9215,2.366,,https://web-r246-api.sec.or.th/api/forms/pdf/publish/69cbc9907f39376f1afc9810,246041552603-1
DIMET,นาย ธารินทร์ หริรุ่งเจริญ,ได้มา,หุ้น,13.7495,6.6889,20.4384,25/03/2569,13.7495,6.6889,20.4384,,https://web-r246-api.sec.or.th/api/forms/pdf/publish/69cf8e3f7f39376f1afc981a,246041602604-1
GOHR25,บริษัท จี แคปปิตอล จำกัด (มหาชน),ได้มา,หุ้น,0.0,8.4399,8.4399,25/03/2569,8.4399,8.4399,8.4399,,https://web-r246-api.sec.or.th/api/forms/pdf/publish/69c513927f39376f1afc9803,246041502603-1
NDR,นาง นิตยา สัมฤทธิวณิชชา,จำหน่าย,หุ้น,10.9435,1.8034,9.14,25/03/2569,10.9435,1.8034,9.14,,https://web-r246-api.sec.or.th/api/forms/pdf/publish/69c4fa8b7f39376f1afc9802,246041532603-1
NDR,นาย ชัยสิทธิ์ สัมฤทธิวณิชชา,จำหน่าย,หุ้น,24.317,7.9352,16.3818,25/03/2569,24.317,7.9352,16.3818,,https://web-r246-api.sec.or.th/api/forms/pdf/publish/69c4f6407f39376f1afc9801,246041522603-1
BKA,นาย ต่อศักดิ์ วงศ์พจนีย์,ได้มา,หุ้น,5.4738,5.4738,10.9476,23/03/2569,5.4738,5.4738,10.9476,,https://web-r246-api.sec.or.th/api/forms/pdf/publish/69c10d6f7f39376f1afc97f8,246041482603-1
TRV,นางสาว กุลณฐา แสงธนนิรมิต,จำหน่าย,หุ้น,12.3072,3.9346,8.3726,23/03/2569,12.3072,3.9346,8.3726,,https://web-r246-api.sec.or.th/api/forms/pdf/publish/69c0dfe67f39376f1afc97f4,246041472603-1
TRV,นาย จิรวิช กาสุวรรณ,ได้มา,หุ้น,2.936,3.9346,6.8706,23/03/2569,2.936,3.9346,6.8706,,https://web-r246-api.sec.or.th/api/forms/pdf/publish/69c52a047f39376f1afc9804,246041512603-1
DMT,บริษัท ธานินทร์ โฮลดิ้ง จำกัด,ได้มา,หุ้น,34.065,1.7898,35.8549,20/03/2569,34.065,1.7898,35.8549,,https://web-r246-api.sec.or.th/api/forms/pdf/publish/69c0ab647f39376f1afc97ee,246041462603-1
TRV,นางสาว ณัฏฐ์ณัชชา ลีลาปัญญาเลิศ,จำหน่าย,หุ้น,15.375,14.7916,0.5833,19/03/2569,15.375,14.7916,0.5833,,https://web-r246-api.sec.or.th/api/forms/pdf/publish/69bbc7b47f39376f1afc97e6,246041422603-1
TRV,นาย สุเทพ สมานบุตร,ได้มา,หุ้น,0.0,14.7916,14.7916,19/03/2569,0.0,14.7916,14.7916,,https://web-r246-api.sec.or.th/api/forms/pdf/publish/69bc03077f39376f1afc97ea,246041442603-1
TPL,นาย อิชย์ศีล สุวรรณวงศ์,ได้มา,หลักทรัพย์แปลงสภาพ,0.1086,4.993,5.1016,18/03/2569,0.1086,4.993,5.1016,จะลดสัดส่วนการถือหุ้น,https://web-r246-api.sec.or.th/api/forms/pdf/publish/69bcd2237f39376f1afc97ed,246041452603-1
EMC,บริษัท ระยองไวร์ อินดัสตรีส์ จำกัด (มหาชน),จำหน่าย,หุ้น,15.5358,5.6564,9.8793,17/03/2569,15.5358,5.6564,9.8793,,https://web-r246-api.sec.or.th/api/forms/pdf/publish/69b8cd987f39376f1afc97dd,246041352603-1
TPBI,นางสาว ชุลีพร บริสุทธนะกุล,ได้มา,หุ้น,4.5576,1.4392,5.9969,17/03/2569,4.5576,1.4392,5.9969,,https://web-r246-api.sec.or.th/api/forms/pdf/publish/69bbd0db7f39376f1afc97e7,246041432603-1
EMC,นาย LOH SOON GNEE -,ได้มา,หุ้น,0.0,14.5006,14.5006,13/03/2569,0.0,14.5006,14.5006,,https://web-r246-api.sec.or.th/api/forms/pdf/publish/69b928867f39376f1afc97df,246041362603-1
EMC,นาย เอกภพ รักตพงศ์ไพศาล,ได้มา,หุ้น,4.411,3.9775,8.3885,13/03/2569,4.411,3.9775,8.3885,,https://web-r246-api.sec.or.th/api/forms/pdf/publish/69b78a007f39376f1afc97da,246041322603-1
EMC,บริษัท แคปปิทอล เอ็นจิเนียริ่ง เน็ตเวิร์ค จำกัด (มหาชน),จำหน่าย,หุ้น,17.3843,17.3843,0.0,13/03/2569,32.9201,17.3843,15.5358,,https://web-r246-api.sec.or.th/api/forms/pdf/publish/69b75b897f39376f1afc97d5,246041302603-1
EMC,บริษัท แคปปิทอล เอ็นจิเนียริ่ง เน็ตเวิร์ค จำกัด (มหาชน),สิ้นสุดนิติบุคคลตามมาตรา 258,หุ้น,17.3843,15.5358,1.8484,13/03/2569,17.3843,15.5358,17.3843,,https://web-r246-api.sec.or.th/api/forms/pdf/publish/69b764a97f39376f1afc97d7,246041312603-1
HYDRO,นาย โชคชัย รุ่งเจริญชัย,ได้มา,หุ้น,7.1152,2.9803,10.0955,13/03/2569,7.1152,2.9803,10.0955,,https://web-r246-api.sec.or.th/api/forms/pdf/publish/69b933337f39376f1afc97e1,246041402603-1
TRUE,TELENOR THAILAND INVESTMENTS PTE LTD,จำหน่าย,หุ้น,30.3002,24.95,5.3502,13/03/2569,30.3002,24.95,5.3502,,https://web-r246-api.sec.or.th/api/forms/pdf/publish/69b9383e7f39376f1afc97e3,246041412603-1
TRUE,"TELENOR THAILAND INVESTMENTS PTE LTD, เทเลนอร์ เอเชีย พีทีอี แอลทีดี, TELENOR SOUTH EAST ASIA INVESTMENT PTE.LTD., ไทย เทลโค โฮลดิ้งส์, บริษัท ซิทริน โกลบอล จำกัด, บริษัท ซิทริน เวนเจอร์ โฮลดิ้งส์ จำกัด, CITRINE VENTURE SG PTE LTD, CITRINE INVESTMENT SG PTE. LTD., ORIENT GLORY GROUP LIMITED, บริษัท เครือเจริญโภคภัณฑ์ จำกัด, บริษัท ยูนีค เน็ตเวิร์ค จำกัด, บริษัท ไวด์ บรอด คาสท์ จำกัด, บริษัท ซี.พี. อินเตอร์ฟู้ด (ไทยแลนด์) จำกัด, บริษัท ซี.พี.โฮลดิ้ง (ประเทศไทย) จำกัด, บริษัท เจริญโภคภัณฑ์โฮลดิ้ง จำกัด, บริษัท เกษตรภัณฑ์อุตสาหกรรม จำกัด, CREATIVE LIGHT INVESTMENTS LIMITED, GLORY SUMMER ENTERPRISES LIMITED, WORTH ACCESS TRADING LIMITED, JUMBO KINGDOM VENTURES LIMITED, บริษัท ซีพีเอฟ (ประเทศไทย) จำกัด (มหาชน), กรุงเทพโปรดิ๊วส, บริษัท ซีพีเอช เทลโค จำกัด, Crystal Rose Global Limited",สิ้นสุด Concert Party,หุ้น,55.3131,0.0,55.3131,13/03/2569,55.3131,0.0,55.3131,,https://web-r246-api.sec.or.th/api/forms/pdf/publish/69b23add30554da3345de370,246041382603-1
TRUE,"บริษัท ยูนีค เน็ตเวิร์ค จำกัด, บริษัท เครือเจริญโภคภัณฑ์ จำกัด, บริษัท เจริญโภคภัณฑ์โฮลดิ้ง จำกัด, บริษัท ซี.พี.โฮลดิ้ง (ประเทศไทย) จำกัด, บริษัท ไวด์ บรอด คาสท์ จำกัด, บริษัท ซีพีเอช เทลโค จำกัด, บริษัท ซีพีเอฟ (ประเทศไทย) จำกัด (มหาชน), กรุงเทพโปรดิ๊วส, บริษัท ซี.พี. อินเตอร์ฟู้ด (ไทยแลนด์) จำกัด, บริษัท เกษตรภัณฑ์อุตสาหกรรม จำกัด, WORTH ACCESS TRADING LIMITED, CREATIVE LIGHT INVESTMENTS LIMITED, ORIENT GLORY GROUP LIMITED, GLORY SUMMER ENTERPRISES LIMITED, JUMBO KINGDOM VENTURES LIMITED, CRYSTAL ROSE GLOBAL LIMITED",เริ่มต้น Concert Party,หุ้น,25.0128,0.0,25.0128,13/03/2569,25.0128,0.0,25.0128,,https://web-r246-api.sec.or.th/api/forms/pdf/publish/69b238ae30554da3345de36f,246041372603-1
TRUE,บริษัท อไรซ์ ดิจิทัล เทคโนโลยี จำกัด,ได้มา,หุ้น,0.0,24.95,24.95,13/03/2569,0.0276,24.95,24.9776,,https://web-r246-api.sec.or.th/api/forms/pdf/publish/69b797937f39376f1afc97db,246041392603-1
XBIO,นาย สุรพงศ์ แซ่เฮง,ได้มา,หุ้น,3.5983,5.0201,5.3329,13/03/2569,3.5983,5.0201,5.3329,,https://web-r246-api.sec.or.th/api/forms/pdf/publish/69b777497f39376f1afc97d9,246041342603-1
CEN,ชินชัย ลีนะบรรจง,จำหน่าย,หุ้น,10.7886,1.3822,9.4064,11/03/2569,10.7886,1.3822,9.4064,,https://web-r246-api.sec.or.th/api/forms/pdf/publish/69b223e330554da3345de36b,246041272603-1
CEN,นางสาว ชินภัทร ลีนะบรรจง,ได้มา,หุ้น,4.3449,1.3822,5.7272,11/03/2569,4.3449,1.3822,5.7272,,https://web-r246-api.sec.or.th/api/forms/pdf/publish/69b115bf30554da3345de364,246041262603-1
DMT,นาย สมบัติ พานิชชีวะ,จำหน่าย,หุ้น,6.4197,2.1164,4.3033,11/03/2569,6.4197,2.1164,4.3033,,https://web-r246-api.sec.or.th/api/forms/pdf/publish/69b7ec3c7f39376f1afc97dc,246041332603-1
DMT,บริษัท ธานินทร์ โฮลดิ้ง จำกัด,ได้มา,หุ้น,29.8322,2.1164,31.9486,11/03/2569,29.8322,2.1164,31.9486,,https://web-r246-api.sec.or.th/api/forms/pdf/publish/69b3cd477f39376f1afc97d3,246041292603-1
XBIO,นางสาว ปรียสุดา อัครศรีสวัสดิ์,ได้มา,หุ้น,9.5208,64.1926,65.0156,11/03/2569,9.5208,64.1926,65.0156,จะทำคำเสนอซื้อ,https://web-r246-api.sec.or.th/api/forms/pdf/publish/69b3d0aa7f39376f1afc97d4,246041282603-1
SPTX,นาย รัสมิ์ภูมิ สุเมธีวิทย์,ได้มา,หุ้น,4.8862,6.9012,11.7875,10/03/2569,4.8862,6.9012,11.7875,,https://web-r246-api.sec.or.th/api/forms/pdf/publish/69b0ee5730554da3345de362,246041252603-1
BCPG,CAPITAL ASIA INVESTMENTS PTE. LTD.,จำหน่าย,หุ้น,5.486,0.8912,4.5947,09/03/2569,5.486,0.8912,4.5947,,https://web-r246-api.sec.or.th/api/forms/pdf/publish/69afbc4a30554da3345de35d,246041232603-1
BCPG,CAPITAL ASIA INVESTMENTS PTE. LTD.,จำหน่าย,หุ้น,6.4974,1.9026,4.5947,09/03/2569,6.4974,1.9026,4.5947,ฉบับแก้ไข,https://web-r246-api.sec.or.th/api/forms/pdf/publish/69b11c0e30554da3345de367,246041232603-2
SC,นางสาว แพทองธาร ชินวัตร,จำหน่าย,หุ้น,28.4328,3.4428,24.9899,06/03/2569,28.4328,3.4428,24.9899,,https://web-r246-api.sec.or.th/api/forms/pdf/publish/69a67a0f30554da3345de33c,246041172603-1
GFC,นางสาว ภาสิรี อรวัฒนศรีกุล,จำหน่าย,หุ้น,10.1863,2.434,7.7522,05/03/2569,10.1863,2.434,7.7522,,https://web-r246-api.sec.or.th/api/forms/pdf/publish/69b0ecc630554da3345de360,246041242603-1
NAT,นาย นิทธันต์ เทสวงนนท์,ได้มา,หุ้น,10.9729,10.9729,21.9459,05/03/2569,10.9729,10.9729,21.9459,,https://web-r246-api.sec.or.th/api/forms/pdf/publish/69a5363b30554da3345de335,246041182603-1
NAT,นาย สหทัศน์ ตรีเมธสุนทร,จำหน่าย,หุ้น,10.9729,10.9729,0.0,05/03/2569,10.9729,10.9729,0.0,,https://web-r246-api.sec.or.th/api/forms/pdf/publish/69a535a630554da3345de334,246041192603-1
FVC,นางสาว ปรียนันท์ พิริยะกุลเวช,ได้มา,หุ้น,4.8727,0.7959,5.6686,04/03/2569,4.8727,0.7959,5.6686,,https://web-r246-api.sec.or.th/api/forms/pdf/publish/69af89fc30554da3345de35b,246041222603-1
BA,นาง จารุณี ชินวงศ์วรกุล,ได้มา,หุ้น,4.9896,0.0385,5.0281,02/03/2569,4.9896,0.0385,5.0281,,https://web-r246-api.sec.or.th/api/forms/pdf/publish/69aa533d30554da3345de357,246041162603-1
DMT,นาย สมบัติ พานิชชีวะ,จำหน่าย,หุ้น,10.5679,2.0317,8.5361,02/03/2569,10.5679,2.0317,8.5361,,https://web-r246-api.sec.or.th/api/forms/pdf/publish/69a8039a30554da3345de346,246041102603-1
STX,กฤตนันท์ ปิงคลาศัย,จำหน่าย,หุ้น,0.0227,0.0,0.0227,02/03/2569,20.0534,0.2621,19.7912,,https://web-r246-api.sec.or.th/api/forms/pdf/publish/69a7bd5c30554da3345de342,246041082603-1
STX,ณัฐกุล ปิงคลาศัย,จำหน่าย,หุ้น,0.0,0.0,0.0,02/03/2569,20.0306,0.2621,19.7684,,https://web-r246-api.sec.or.th/api/forms/pdf/publish/69a7b8b330554da3345de341,246041072603-1
STX,นางสาว อรจิรา ปิงคลาศัย,จำหน่าย,หุ้น,0.0,0.0,0.0,02/03/2569,20.0306,0.2621,19.7684,,https://web-r246-api.sec.or.th/api/forms/pdf/publish/69a7b52130554da3345de340,246041062603-1
FVC,นางสาว ณัชชา เปี้ยสืบ,ได้มา,หุ้น,19.4415,3.3271,22.7687,27/02/2569,19.4415,3.3271,22.7687,,https://web-r246-api.sec.or.th/api/forms/pdf/publish/69a571c530554da3345de339,246041052603-1
FVC,นาย บุรโชติ เตชะเกษม,จำหน่าย,หุ้น,8.2999,8.2999,0.0,27/02/2569,8.2999,8.2999,0.0,ฉบับแก้ไข,https://web-r246-api.sec.or.th/api/forms/pdf/publish/69ce15547f39376f1afc9816,246040962602-2
SPTX,นาย รัสมิ์ภูมิ สุเมธีวิทย์,จำหน่าย,หุ้น,14.4719,9.5856,4.8862,27/02/2569,14.4719,9.5856,4.8862,,https://web-r246-api.sec.or.th/api/forms/pdf/publish/69a7f97030554da3345de345,246041092603-1
TRUE,CRYSTAL ROSE GLOBAL LIMITED,จำหน่าย,หุ้น,0.3617,0.3617,0.0,27/02/2569,60.0216,4.7085,55.3131,,https://web-r246-api.sec.or.th/api/forms/pdf/publish/69a9424630554da3345de354,246041112603-1
TRUE,GLORY SUMMER ENTERPRISES LIMITED,จำหน่าย,หุ้น,1.363,1.363,0.0,27/02/2569,60.0216,4.7085,55.3131,,https://web-r246-api.sec.or.th/api/forms/pdf/publish/69a93bfe30554da3345de352,246041142603-1
TRUE,JUMBO KINGDOM VENTURES LIMITED,จำหน่าย,หุ้น,1.947,1.947,0.0,27/02/2569,60.0216,4.7085,55.3131,,https://web-r246-api.sec.or.th/api/forms/pdf/publish/69a93f7530554da3345de353,246041152603-1
TRUE,ORIENT GLORY GROUP LIMITED,จำหน่าย,หุ้น,0.5881,0.5881,0.0,27/02/2569,60.0216,4.7085,55.3131,,https://web-r246-api.sec.or.th/api/forms/pdf/publish/69a81dc630554da3345de349,246041132603-1
TRUE,บริษัท เครือเจริญโภคภัณฑ์ จำกัด,จำหน่าย,หุ้น,9.487,0.4485,9.0384,27/02/2569,60.0216,4.7085,55.3131,,https://web-r246-api.sec.or.th/api/forms/pdf/publish/69a937ed30554da3345de351,246041122603-1
FVC,นาย บุรโชติ เตชะเกษม,จำหน่าย,หุ้น,8.2999,8.2999,0.0,26/02/2569,8.2999,8.2999,0.0,,https://web-r246-api.sec.or.th/api/forms/pdf/publish/69a1866e30554da3345de325,246040962602-1
MALEE,นาง จินตนา บุญรัตน์,ได้มา,หุ้น,4.9324,0.0743,5.0068,26/02/2569,4.9324,0.0743,5.0068,,https://web-r246-api.sec.or.th/api/forms/pdf/publish/69a54ceb30554da3345de337,246041032603-1
TTI,นางสาว วิไล ชื่นชูจิตต์,ได้มา,หุ้น,5.1361,8.0212,13.1574,26/02/2569,5.1361,8.0212,13.1574,,https://web-r246-api.sec.or.th/api/forms/pdf/publish/69a50d6b30554da3345de330,246041022603-1
TTI,นาย ไพโรจน์ ชื่นชูจิตต์,จำหน่าย,หุ้น,11.3212,8.0212,3.2999,26/02/2569,11.3212,8.0212,3.2999,,https://web-r246-api.sec.or.th/api/forms/pdf/publish/69a4fb3d30554da3345de32e,246041012603-1
CEN,ชินชัย ลีนะบรรจง,จำหน่าย,หุ้น,17.9817,6.1463,11.8354,24/02/2569,17.9817,6.1463,11.8354,,https://web-r246-api.sec.or.th/api/forms/pdf/publish/69a16cb030554da3345de324,246040952602-1
CEN,นาย ชินชนะ ลีนะบรรจง,ได้มา,หุ้น,3.8056,6.1463,9.9519,24/02/2569,3.8056,6.1463,9.9519,,https://web-r246-api.sec.or.th/api/forms/pdf/publish/699d5bf030554da3345de2f2,246040812602-1
BKA,นาย กวิน เตชนันท์,จำหน่าย,หุ้น,5.7619,2.0952,3.6666,23/02/2569,5.7619,2.0952,3.6666,,https://web-r246-api.sec.or.th/api/forms/pdf/publish/69a08df330554da3345de31e,246040922602-1
LHK,นาง เย็นจิต นิลผาย,ได้มา,หุ้น,4.8722,1.4882,6.3605,23/02/2569,4.8722,1.4882,6.3605,,https://web-r246-api.sec.or.th/api/forms/pdf/publish/699d64a330554da3345de2f5,246040792602-1
NAT,นาย นิทธันต์ เทสวงนนท์,ได้มา,หุ้น,10.9729,10.9729,21.9459,23/02/2569,10.9729,10.9729,21.9459,ผู้รายงานแจ้งยกเลิก,https://web-r246-api.sec.or.th/api/forms/pdf/publish/699fdde830554da3345de312,246040882602-1
NAT,นาย นิทธันต์ เทสวงนนท์,ได้มา,หุ้น,0.0,10.9729,10.9729,23/02/2569,0.0,10.9729,10.9729,,https://web-r246-api.sec.or.th/api/forms/pdf/publish/69a0f3ce30554da3345de31f,246040932602-1
NAT,นาย สุธี อภิชนรัตนกร,จำหน่าย,หุ้น,10.9729,10.9729,0.0,23/02/2569,10.9729,10.9729,0.0,,https://web-r246-api.sec.or.th/api/forms/pdf/publish/699fd2df30554da3345de310,246040872602-1
HYDRO,นาย โชคชัย รุ่งเจริญชัย,ได้มา,หุ้น,3.5478,3.5673,7.1152,20/02/2569,3.5478,3.5673,7.1152,,https://web-r246-api.sec.or.th/api/forms/pdf/publish/699c2f4c30554da3345de2ee,246040782602-1
XBIO,นาย โชดิวัต ดั่นธนสาร,จำหน่าย,หุ้น,5.1412,2.5706,2.5706,20/02/2569,5.1412,2.5706,2.5706,,https://web-r246-api.sec.or.th/api/forms/pdf/publish/699bd3b230554da3345de2eb,246040762602-1
KASET,นาย สมฤกษ์ ตั้งพิรุฬห์ธรรม,ได้มา,หุ้น,3.7491,4.768,8.2753,18/02/2569,3.7491,4.768,8.2753,อื่นๆ,https://web-r246-api.sec.or.th/api/forms/pdf/publish/699bc2c430554da3345de2ea,246040752602-1
SPTX,บริษัท มัลทิตา โฮลดิ้ง จำกัด,ได้มา,หุ้น,0.0,5.7512,5.7512,18/02/2569,0.0,5.7512,5.7512,,https://web-r246-api.sec.or.th/api/forms/pdf/publish/6996bb8d30554da3345de2dc,246040742602-1
SPTX,บริษัท วิมายา คอร์ป จำกัด,ได้มา,หุ้น,0.0,6.2306,6.2306,18/02/2569,0.0,6.2306,6.2306,,https://web-r246-api.sec.or.th/api/forms/pdf/publish/6996b4ea30554da3345de2db,246040732602-1
THANI,NORTH HAVEN THAI PRIVATE EQUITY TITAN COMPANY (HONG KONG) LIMITED,จำหน่าย,หุ้น,5.6018,0.7357,4.8661,18/02/2569,5.6018,0.7357,4.8661,,https://web-r246-api.sec.or.th/api/forms/pdf/publish/6996906c30554da3345de2d6,246040722602-1
CPT,"REAL D&C CO.,LTD., บริษัท ซีพีที โฮลดิ้ง จำกัด, SAISHIN ENERGY LLC.",สิ้นสุด Concert Party,หุ้น,69.5914,0.0,69.5914,17/02/2569,69.5914,0.0,69.5914,,https://web-r246-api.sec.or.th/api/forms/pdf/publish/6965b6b230554da3345de26c,246040692602-1
CPT,"SAISHIN ENERGY LLC., บริษัท ซีพีที โฮลดิ้ง จำกัด, Real D&C Co., Ltd.",สิ้นสุด Concert Party,หุ้น,69.5914,0.0,69.5914,17/02/2569,69.5914,0.0,69.5914,,https://web-r246-api.sec.or.th/api/forms/pdf/publish/6965bb0e30554da3345de26d,246040672602-1
CPT,"บริษัท ซีพีที โฮลดิ้ง จำกัด, SAISHIN ENERGY LLC., Real D&C Co., Ltd.",สิ้นสุด Concert Party,หุ้น,69.5914,0.0,69.5914,17/02/2569,69.5914,0.0,69.5914,,https://web-r246-api.sec.or.th/api/forms/pdf/publish/6965d27830554da3345de270,246040682602-1
NATION,นาง โฉมพิศ บุนนาค,ได้มา,หุ้น,0.0,16.9551,16.9551,17/02/2569,0.0,16.9551,16.9551,,https://web-r246-api.sec.or.th/api/forms/pdf/publish/69952be730554da3345de2d1,246040712602-1
NATION,นางสาว อรอร อัครเศรณี,จำหน่าย,หุ้น,16.9551,16.9551,0.0,17/02/2569,16.9551,16.9551,0.0,,https://web-r246-api.sec.or.th/api/forms/pdf/publish/69953dd330554da3345de2d2,246040702602-1
SMD100,นางสาว โสรัจจา บุญประสิทธิ์,จำหน่าย,หุ้น,11.202,3.8516,7.3503,17/02/2569,11.202,3.8516,7.3503,,https://web-r246-api.sec.or.th/api/forms/pdf/publish/699ea98c30554da3345de303,246040842602-1
KBANK,บริษัท กัลฟ์ ดีเวลลอปเมนท์ จำกัด (มหาชน),ได้มา,หุ้น,9.9044,0.1254,10.0298,12/02/2569,9.9096,0.1254,10.0351,,https://web-r246-api.sec.or.th/api/forms/pdf/publish/6989d88630554da3345de2c2,246040642602-1
LEE,บริษัท แอ็ลไลแอนซ์ จำกัด,จำหน่าย,หุ้น,6.6219,2.2447,4.3772,11/02/2569,6.6219,2.2447,4.3772,,https://web-r246-api.sec.or.th/api/forms/pdf/publish/6992d6f930554da3345de2d0,246040662602-1
THREL,นาย วชิระ ทยานาราพร,ได้มา,หุ้น,4.9999,0.1209,5.1209,09/02/2569,4.9999,0.1209,5.1209,,https://web-r246-api.sec.or.th/api/forms/pdf/publish/698abc5930554da3345de2c4,246040632602-1
XBIO,นางสาว นิตยา อุทกโยธะ,จำหน่าย,หุ้น,10.7586,1.7137,9.0448,03/02/2569,10.7586,1.7137,9.0448,,https://web-r246-api.sec.or.th/api/forms/pdf/publish/6984235730554da3345de2bf,246040622602-1
DUSIT,นาง สุนงค์ สาลีรัฐวิภาค,ได้มานิติบุคคลตามมาตรา 258,หุ้น,0.0,49.7436,49.7436,29/01/2569,49.7436,49.7436,49.7436,,https://web-r246-api.sec.or.th/api/forms/pdf/publish/69788fbc30554da3345de2b0,246040552601-1
TOG,นาง หัสดี ประจักษ์ธรรม,ได้มา,หุ้น,0.4005,5.0728,5.4734,29/01/2569,0.4005,5.0728,5.4734,,https://web-r246-api.sec.or.th/api/forms/pdf/publish/698056ce30554da3345de2bc,246040592602-1
DUSIT,ชนัตถ์และลูก,ได้มา Chain principle,หุ้น,47.07,5.0499,52.1199,28/01/2569,49.8055,0.0,49.8055,,https://web-r246-api.sec.or.th/api/forms/pdf/publish/697ab08930554da3345de2b4,246040562601-1
KASET,นาย สมฤกษ์ ตั้งพิรุฬห์ธรรม,ได้มา,หลักทรัพย์แปลงสภาพ,1.4996,3.5971,5.0967,27/01/2569,1.4996,3.5971,5.0967,,https://web-r246-api.sec.or.th/api/forms/pdf/publish/697b13fd30554da3345de2b7,246040582601-1
XBIO,นางสาว นิตยา อุทกโยธะ,ได้มา,หุ้น,0.0,12.6627,12.6627,27/01/2569,0.0,12.6627,12.6627,,https://web-r246-api.sec.or.th/api/forms/pdf/publish/6979da8130554da3345de2b3,246040542601-1
XBIO,นาย ฉาย บุนนาค,จำหน่าย,หุ้น,12.6628,12.6627,0.0,27/01/2569,12.6628,12.6627,0.0,,https://web-r246-api.sec.or.th/api/forms/pdf/publish/697adc9130554da3345de2b5,246040572601-1
EMPIRE,นางสาว ปัทมาวดี ชุ่มแสง,จำหน่าย,หุ้น,6.0617,2.0618,3.9998,26/01/2569,6.0617,2.0618,3.9998,,https://web-r246-api.sec.or.th/api/forms/pdf/publish/698ee76030554da3345de2c9,246040652602-1
SCM,นางสาว กนกวรรณ วัฒนกีบุตร,ได้มา,หุ้น,2.5379,18.8049,20.5124,26/01/2569,2.5379,18.8049,20.5124,จะลดสัดส่วนการถือหุ้น,https://web-r246-api.sec.or.th/api/forms/pdf/publish/697868cf30554da3345de2a8,246040492601-1
STOWER,นางสาว ปรียสุดา อัครศรีสวัสดิ์,ได้มา,หุ้น,0.0,8.9848,8.9848,26/01/2569,0.0,8.9848,8.9848,,https://web-r246-api.sec.or.th/api/forms/pdf/publish/6a9a7e5c3b0bc43579425139,246043732609-1
88TH,นางสาว สิริลักษณ์ อรุณเนตรทอง,ได้มา,หุ้น,4.7058,8.0,12.7058,23/01/2569,4.7058,8.0,12.7058,,https://web-r246-api.sec.or.th/api/forms/pdf/publish/6976ee0430554da3345de29a,246040392601-1
BVG,นาย สมพงษ์ ชลคดีดำรงกุล,จำหน่าย,หุ้น,5.0073,0.0958,4.9114,23/01/2569,5.0073,0.0958,4.9114,,https://web-r246-api.sec.or.th/api/forms/pdf/publish/697726f930554da3345de2a2,246040462601-1
TTB,กองทุนรวมวายุภักษ์ หนึ่ง,จำหน่าย,หุ้น,5.0731,0.0948,4.9782,21/01/2569,5.0731,0.0948,4.9782,,https://web-r246-api.sec.or.th/api/forms/pdf/publish/6971c0c330554da3345de28d,246040362601-1
III,"นาย วิรัช นอบน้อมธรรม, นางสาว อชิรญาณ์ สงวนคงวิไล",สิ้นสุด Concert Party,หุ้น,15.3213,0.0,15.3213,20/01/2569,15.3213,0.0,15.3213,,https://web-r246-api.sec.or.th/api/forms/pdf/publish/696da06730554da3345de27f,246040332601-1
NOBLE,นาย ธงชัย บุศราพันธ์,จำหน่าย,หุ้น,20.0937,6.0043,14.0893,20/01/2569,20.206,6.0043,14.2017,,https://web-r246-api.sec.or.th/api/forms/pdf/publish/697040fe30554da3345de287,246040342601-1
TL,นาย คีรีภัทร์ ศุภสินประภาพงศ์,ได้มา,หุ้น,100.0,18.4665,20.4843,15/01/2569,100.0,18.4665,20.4843,,https://web-r246-api.sec.or.th/api/forms/pdf/publish/696e25b030554da3345de284,246040322601-1
XBIO,นาย ฉาย บุนนาค,ได้มา,หุ้น,9.5909,1.0437,10.6346,12/01/2569,9.5909,1.0437,10.6346,,https://web-r246-api.sec.or.th/api/forms/pdf/publish/6964caf230554da3345de267,246040262601-1
AJA,"LANPWR ENERGY TECHNOLOGY CO.,LTD",ได้มา,หุ้น,0.0,5.0601,5.0601,09/01/2569,0.0,5.0601,5.0601,จะลดสัดส่วนการถือหุ้น,https://web-r246-api.sec.or.th/api/forms/pdf/publish/6a2f752f7f39376f1afc98ea,246042362606-1
CHARAN,บริษัท บีเคไอ โฮลดิ้งส์ จำกัด (มหาชน),ได้มานิติบุคคลตามมาตรา 258,หุ้น,0.2041,4.8166,5.0208,08/01/2569,5.0208,4.8166,5.0208,ได้รับยกเว้นทำคำเสนอซื้อ,https://web-r246-api.sec.or.th/api/forms/pdf/publish/69660dbc30554da3345de274,246040292601-1
GULF,นาย สารัชถ์ รัตนาวะดี,ได้มา,หุ้น,29.211,0.0344,29.2454,08/01/2569,59.97,0.0344,60.0044,,https://web-r246-api.sec.or.th/api/forms/pdf/publish/6966251b30554da3345de275,246040302601-1
NOVA,บริษัท เสริมสร้าง พาวเวอร์ คอร์ปอเรชั่น จำกัด (มหาชน),จำหน่าย,หุ้น,5.2853,5.2853,0.0,08/01/2569,5.2853,5.2853,0.0,,https://web-r246-api.sec.or.th/api/forms/pdf/publish/69607706cc5c35a564162a11,246040232601-1
QDC,นาย จรูญสิทธิ์ คุณานันทวิศาล,จำหน่าย,หุ้น,5.7512,3.0056,2.7456,07/01/2569,5.7512,3.0056,2.7456,,https://web-r246-api.sec.or.th/api/forms/pdf/publish/69606670cc5c35a564162a0f,246040212601-1
QDC,นาย ศุภัช คุณานันทวิศาล,จำหน่าย,หุ้น,7.5536,6.836,0.7176,07/01/2569,7.5536,6.836,0.7176,,https://web-r246-api.sec.or.th/api/forms/pdf/publish/696061dfcc5c35a564162a0d,246040202601-1
QDC,นาย สรัช จันทร์บูรณะพินิจ,จำหน่าย,หุ้น,7.4672,6.0649,1.4022,07/01/2569,7.4672,6.0649,1.4022,,https://web-r246-api.sec.or.th/api/forms/pdf/publish/6962072acc5c35a564162a1e,246040242601-1
SMD100,นาย วิโรจน์ วสุศุทธิกุลกานต์,จำหน่าย,หุ้น,5.9673,2.7924,3.1748,07/01/2569,5.9673,2.7924,3.1748,,https://web-r246-api.sec.or.th/api/forms/pdf/publish/6a7ac852287aee7f13d55973,246043042608-1
SMD100,นาย วิโรจน์ วสุศุทธิกุลกานต์,จำหน่าย,หุ้น,5.9673,2.7924,3.1748,07/01/2569,12.3283,2.7924,9.5358,,https://web-r246-api.sec.or.th/api/forms/pdf/publish/6a8bf21da06a7961be119e7a,246043432608-1
CEN,นาย ชนะชัย ลีนะบรรจง,ได้มา,หุ้น,4.9947,2.9223,7.917,06/01/2569,4.9947,2.9223,7.917,,https://web-r246-api.sec.or.th/api/forms/pdf/publish/695f55bbcc5c35a564162a0c,246040182601-1
JCK,นางสาว อรณัฐ เตชะอุบล,ได้มา,หุ้น,4.9294,0.184,5.1135,06/01/2569,4.9294,0.184,5.1135,,https://web-r246-api.sec.or.th/api/forms/pdf/publish/695dd447cc5c35a564162a01,246040112601-1
TNITY,นาย ณัฐพงศ์ ศีตวรรัตน์,จำหน่าย,หุ้น,11.1765,1.2126,9.9638,05/01/2569,11.1765,1.2126,9.9638,,https://web-r246-api.sec.or.th/api/forms/pdf/publish/695ddee3cc5c35a564162a03,246040132601-1
UBIS,นาย นันท์ กฤตยานุตกุลท์,จำหน่าย,หุ้น,56.2224,54.6129,1.6095,05/01/2569,56.2224,54.6129,1.6095,,https://web-r246-api.sec.or.th/api/forms/pdf/publish/695cbe88cc5c35a5641629fc,246040102601-1
UBIS,นาย ปิยคุณ กฤตยานุตกุลท์,ได้มา,หุ้น,0.0,54.6129,54.6129,05/01/2569,0.0,54.6129,54.6129,อื่นๆ,https://web-r246-api.sec.or.th/api/forms/pdf/publish/695cbd8ccc5c35a5641629fb,246040192601-1
QDC,นาย สรัช จันทร์บูรณะพินิจ,ได้มา,หุ้น,3.3735,2.3576,5.7312,30/12/2568,3.3735,2.3576,5.7312,,https://web-r246-api.sec.or.th/api/forms/pdf/publish/695b1afacc5c35a5641629f3,246040082601-1
TVDH,นาง พิมพ์เพ็ญ ดีพันธุ์พงษ์,จำหน่าย,หุ้น,1.3416,1.3416,0.0,30/12/2568,5.3016,1.7539,3.5477,,https://web-r246-api.sec.or.th/api/forms/pdf/publish/695f1125cc5c35a564162a0a,246040172601-1
XBIO,นาย ฉาย บุนนาค,ได้มา,หุ้น,3.9924,3.2719,7.2644,30/12/2568,3.9924,3.2719,7.2644,,https://web-r246-api.sec.or.th/api/forms/pdf/publish/695ddd92cc5c35a564162a02,246040122601-1
QDC,นาย ศุภัช คุณานันทวิศาล,จำหน่าย,หุ้น,11.505,5.1032,6.4017,29/12/2568,11.505,5.1032,6.4017,,https://web-r246-api.sec.or.th/api/forms/pdf/publish/69532e84cc5c35a5641629e9,246040052512-1
AS,ปราโมทย์ สุดจิตพร,จำหน่าย,หุ้น,35.5569,1.2018,34.3551,26/12/2568,35.5569,1.2018,34.3551,,https://web-r246-api.sec.or.th/api/forms/pdf/publish/694dfa3ecc5c35a5641629d5,246039992512-1
DUSIT,นาย ชนินทธ์ โทณวณิก,ได้มานิติบุคคลตามมาตรา 258,หุ้น,0.0618,49.7436,49.8055,26/12/2568,49.8055,49.7436,49.8055,,https://web-r246-api.sec.or.th/api/forms/pdf/publish/69520d24cc5c35a5641629e5,246040012512-1
NATION,นาย ฉาย บุนนาค,ได้มา,หุ้น,14.6098,14.8357,24.9125,25/12/2568,14.6098,14.8357,24.9125,,https://web-r246-api.sec.or.th/api/forms/pdf/publish/694e0e6dcc5c35a5641629d7,246040022512-1
NATION,บริษัท เพียร์ ฟอร์ ยู จำกัด (มหาชน),ได้มา,หุ้น,4.9164,15.6834,19.0744,25/12/2568,4.9164,15.6834,19.0744,จะลดสัดส่วนการถือหุ้น,https://web-r246-api.sec.or.th/api/forms/pdf/publish/694d1519cc5c35a5641629cc,246040002512-1
NATION,บริษัท เพียร์ ฟอร์ ยู จำกัด (มหาชน),ได้มา,หุ้น,4.9164,15.6834,19.0744,25/12/2568,4.9164,15.6834,19.0744,ฉบับแก้ไข,https://web-r246-api.sec.or.th/api/forms/pdf/publish/69647e8d30554da3345de252,246040002512-2
BH,บริษัท กรุงเทพประกันภัย จำกัด (มหาชน),จำหน่าย,หุ้น,10.0344,0.0502,9.9842,24/12/2568,10.0344,0.0502,9.9842,,https://web-r246-api.sec.or.th/api/forms/pdf/publish/694cddb1cc5c35a5641629c4,246039982512-1
PAF,บริษัท อี-คอมเมอร์ซ ดิจิทัล ไทย โฮลดิ้ง จำกัด (มหาชน),ได้มา,หุ้น,0.0,18.1191,18.1191,24/12/2568,0.0,18.1191,18.1191,,https://web-r246-api.sec.or.th/api/forms/pdf/publish/69524ae9cc5c35a5641629e7,246040032512-1
PAF,บริษัท สหพัฒนพิบูล จำกัด (มหาชน),จำหน่าย,หุ้น,18.1191,18.1191,0.0,22/12/2568,18.1191,18.1191,0.0,,https://web-r246-api.sec.or.th/api/forms/pdf/publish/695e0fdfcc5c35a564162a04,246040142601-1
PRIME,นาย วรุณ วรวณิชชา,ได้มา,หุ้น,0.0,5.0508,5.0508,22/12/2568,0.0,5.0508,5.0508,,https://web-r246-api.sec.or.th/api/forms/pdf/publish/694a05f4cc5c35a5641629a5,246039932512-1
SCG,บริษัท สหพัฒนพิบูล จำกัด (มหาชน),จำหน่าย,หุ้น,5.7446,1.6671,4.0775,22/12/2568,5.7446,1.6671,4.0775,,https://web-r246-api.sec.or.th/api/forms/pdf/publish/695e10a1cc5c35a564162a05,246040152601-1
XBIO,นางสาว ปรียสุดา อัครศรีสวัสดิ์,ได้มา,หุ้น,0.0,9.5208,9.5208,22/12/2568,0.0,9.5208,9.5208,,https://web-r246-api.sec.or.th/api/forms/pdf/publish/69734a3530554da3345de295,246040382601-1
ITEL,SEAX ASIA PTE LTD,ได้มา,หุ้น,0.0,31.1364,31.1364,19/12/2568,0.0,31.1364,31.1364,ได้รับการผ่อนผัน,https://web-r246-api.sec.or.th/api/forms/pdf/publish/69491eb3cc5c35a564162999,246039902512-1
PROUD,นาง จรัสพิมพ์ ลิปตพัลลภ,ได้มา,หุ้น,7.5211,17.3788,24.8999,19/12/2568,7.5211,17.3788,24.8999,,https://web-r246-api.sec.or.th/api/forms/pdf/publish/69426689cc5c35a564162982,246039912512-1
PROUD,นางสาว พราวพุธ ลิปตพัลลภ,จำหน่าย,หุ้น,23.501,8.6894,14.8116,19/12/2568,44.8608,17.3788,27.4819,,https://web-r246-api.sec.or.th/api/forms/pdf/publish/694b7048cc5c35a5641629be,246039942512-1
PROUD,นาย พสุ ลิปตพัลลภ,จำหน่าย,หุ้น,21.3597,8.6894,12.6703,19/12/2568,44.8608,17.3788,27.4819,,https://web-r246-api.sec.or.th/api/forms/pdf/publish/694a0116cc5c35a5641629a3,246039892512-1
QTCG,นาย ชาคร ศรีวัฒนประยูร,ได้มา,หุ้น,0.0,5.0468,5.0468,19/12/2568,0.0,5.0468,5.0468,,https://web-r246-api.sec.or.th/api/forms/pdf/publish/6948e21fcc5c35a564162998,246039882512-1
RBF,นาง เพ็ชรา รัตนภูมิภิญโญ,จำหน่าย,หุ้น,24.6253,0.0461,24.5791,19/12/2568,50.0371,0.0461,49.9909,,https://web-r246-api.sec.or.th/api/forms/pdf/publish/694a5995cc5c35a5641629b6,246039922512-1
TNR,บริษัท หลักทรัพย์จัดการกองทุนรวมบัวหลวง จำกัด,จำหน่าย,หุ้น,5.0135,0.0167,4.9968,19/12/2568,5.0135,0.0167,4.9968,,https://web-r246-api.sec.or.th/api/forms/pdf/publish/6948b935cc5c35a564162997,246039872512-1
ALPHAX,นาย ธีร ชุติวราภรณ์,จำหน่าย,หุ้น,9.388,5.3807,4.0072,18/12/2568,9.388,5.3807,4.0072,,https://web-r246-api.sec.or.th/api/forms/pdf/publish/6943c3fecc5c35a564162991,246039832512-1
RBF,นาง เพ็ชรา รัตนภูมิภิญโญ,ได้มา,หุ้น,24.5686,0.0566,24.6253,18/12/2568,49.9804,0.0566,50.0371,จะลดสัดส่วนการถือหุ้น,https://web-r246-api.sec.or.th/api/forms/pdf/publish/6943e7fecc5c35a564162994,246039862512-1
88TH,นาย ล้ำพันธุ์ พรรธนประเทศ,จำหน่าย,หุ้น,32.6719,18.8235,13.8484,16/12/2568,32.6719,18.8235,13.8484,ผู้รายงานแจ้งยกเลิก,https://web-r246-api.sec.or.th/api/forms/pdf/publish/69410315cc5c35a564162973,246039812512-1
88TH,นาย ล้ำพันธุ์ พรรธนประเทศ,จำหน่าย,หุ้น,32.6719,32.6719,0.0,16/12/2568,32.6719,32.6719,0.0,,https://web-r246-api.sec.or.th/api/forms/pdf/publish/694121fbcc5c35a564162976,246039852512-1
88TH,บริษัท หลักทรัพย์จัดการกองทุนเกียรตินาคินภัทร จำกัด,ได้มา,หุ้น,0.0,18.8235,18.8235,16/12/2568,0.0,18.8235,18.8235,ผู้รายงานแจ้งยกเลิก,https://web-r246-api.sec.or.th/api/forms/pdf/publish/69412ad6cc5c35a564162978,246039742512-1
88TH,บริษัท หลักทรัพย์จัดการกองทุนเกียรตินาคินภัทร จำกัด,ได้มา,หุ้น,18.8235,18.8235,37.647,16/12/2568,18.8235,18.8235,37.647,อื่นๆ,https://web-r246-api.sec.or.th/api/forms/pdf/publish/694a2103cc5c35a5641629b2,246039962512-1
88TH,บริษัท หลักทรัพย์จัดการกองทุนเกียรตินาคินภัทร จำกัด,ได้มา,หุ้น,0.0,18.8235,18.8235,16/12/2568,0.0,18.8235,18.8235,ฉบับแก้ไข,https://web-r246-api.sec.or.th/api/forms/pdf/publish/694e0ed7cc5c35a5641629d9,246039962512-2
88TH,บริษัท หลักทรัพย์จัดการกองทุนเอ็มเอฟซี จำกัด (มหาชน),ได้มา,หุ้น,0.0,13.8484,13.8484,16/12/2568,0.0,13.8484,13.8484,ผู้รายงานแจ้งยกเลิก,https://web-r246-api.sec.or.th/api/forms/pdf/publish/69411acdcc5c35a564162975,246039722512-1
88TH,บริษัท หลักทรัพย์จัดการกองทุนเอ็มเอฟซี จำกัด (มหาชน),ได้มา,หุ้น,0.0,13.8484,13.8484,16/12/2568,0.0,13.8484,13.8484,,https://web-r246-api.sec.or.th/api/forms/pdf/publish/694262b1cc5c35a564162981,246039762512-1
AE,นางสาว ชมกมล พุ่มพันธุ์ม่วง,ได้มา,หุ้น,3.3054,1.9443,5.2497,16/12/2568,3.3054,1.9443,5.2497,,https://web-r246-api.sec.or.th/api/forms/pdf/publish/69421d15cc5c35a56416297b,246039752512-1
AE,นาย สมยศ พุ่มพันธุ์ม่วง,จำหน่าย,หุ้น,5.1793,5.1793,0.0,16/12/2568,5.1793,5.1793,0.0,,https://web-r246-api.sec.or.th/api/forms/pdf/publish/694372cccc5c35a56416298f,246039802512-1
DOD,นาย ล้ำพันธุ์ พรรธนประเทศ,จำหน่าย,หุ้น,19.5153,19.5153,0.0,16/12/2568,19.5153,19.5153,0.0,,https://web-r246-api.sec.or.th/api/forms/pdf/publish/694379e5cc5c35a564162990,246039822512-1
DOD,บริษัท หลักทรัพย์จัดการกองทุนเกียรตินาคินภัทร จำกัด,ได้มา,หุ้น,0.0,19.5153,19.5153,16/12/2568,0.0,19.5153,19.5153,ผู้รายงานแจ้งยกเลิก,https://web-r246-api.sec.or.th/api/forms/pdf/publish/6941268fcc5c35a564162977,246039732512-1
DOD,บริษัท หลักทรัพย์จัดการกองทุนเกียรตินาคินภัทร จำกัด,ได้มา,หุ้น,19.5153,19.5153,39.0307,16/12/2568,19.5153,19.5153,39.0307,อื่นๆ,https://web-r246-api.sec.or.th/api/forms/pdf/publish/694a21aecc5c35a5641629b3,246039972512-1
DOD,บริษัท หลักทรัพย์จัดการกองทุนเกียรตินาคินภัทร จำกัด,ได้มา,หุ้น,0.0,19.5153,19.5153,16/12/2568,0.0,19.5153,19.5153,ฉบับแก้ไข,https://web-r246-api.sec.or.th/api/forms/pdf/publish/694e0e90cc5c35a5641629d8,246039972512-2
RBF,นาง เพ็ชรา รัตนภูมิภิญโญ,จำหน่าย,หุ้น,24.8762,0.3076,24.5686,16/12/2568,50.288,0.3076,49.9804,,https://web-r246-api.sec.or.th/api/forms/pdf/publish/6943e4e2cc5c35a564162993,246039842512-1
KC,นาย วันชัย เตียละวณิชย์,ได้มา,หุ้น,3.7097,5.7965,9.5063,15/12/2568,3.7097,5.7965,9.5063,,https://web-r246-api.sec.or.th/api/forms/pdf/publish/6940c523cc5c35a56416296c,246039702512-1
KC,นาย สุทธิชัย เต็มประเสริฐฤดี,จำหน่าย,หุ้น,12.2114,12.2114,0.0,15/12/2568,12.2114,12.2114,0.0,,https://web-r246-api.sec.or.th/api/forms/pdf/publish/69427923cc5c35a564162987,246039782512-1
TSE,น.ส. แคทลีน มาลีนนท์,จำหน่าย,หุ้น,28.9016,28.9016,0.0,15/12/2568,28.9016,28.9016,0.0,,https://web-r246-api.sec.or.th/api/forms/pdf/publish/6a292e5b7f39376f1afc98d8,246042292606-1
TSE,บริษัท หลักทรัพย์จัดการกองทุนรวมบัวหลวง จำกัด,ได้มา,หุ้น,16.8456,28.9016,45.7472,15/12/2568,16.8456,28.9016,45.7472,อื่นๆ,https://web-r246-api.sec.or.th/api/forms/pdf/publish/6940c9ddcc5c35a564162970,246039712512-1
NEWS,นาย รัสมิ์ภูมิ สุเมธีวิทย์,ได้มา,หุ้น,14.7404,1.7016,16.442,12/12/2568,14.7404,1.7016,16.442,,https://web-r246-api.sec.or.th/api/forms/pdf/publish/693bc9a7cc5c35a564162961,246039642512-1
PLANB,นาย พิธาน องค์โฆษิต,ได้มา,หุ้น,4.9676,0.0391,5.0067,12/12/2568,4.9676,0.0391,5.0067,,https://web-r246-api.sec.or.th/api/forms/pdf/publish/6960a9eecc5c35a564162a15,246040222601-1
SPCG,วันดี กุญชรยาคง,ได้มา,หุ้น,37.1049,8.9792,46.0841,12/12/2568,37.1049,8.9792,46.0841,,https://web-r246-api.sec.or.th/api/forms/pdf/publish/693f5feacc5c35a564162966,246039672512-1
SPCG,GULF INTERNATIONAL INVESTMENT (HONG KONG) LIMITED,จำหน่าย,หุ้น,8.9792,8.9792,0.0,12/12/2568,8.9792,8.9792,0.0,,https://web-r246-api.sec.or.th/api/forms/pdf/publish/6937c2bbcc5c35a564162945,246039692512-1
VGI,บริษัท บีทีเอส กรุ๊ป โฮลดิ้งส์ จำกัด (มหาชน),ได้มา,หุ้น,36.4404,9.5104,45.9509,12/12/2568,36.7944,9.5104,46.3049,,https://web-r246-api.sec.or.th/api/forms/pdf/publish/693bcbbdcc5c35a564162962,246039652512-1
VGI,ศรีสุข แอลลี่ ลิมิเต็ด,จำหน่าย,หุ้น,9.5104,9.5104,0.0,12/12/2568,9.5104,9.5104,0.0,,https://web-r246-api.sec.or.th/api/forms/pdf/publish/693fe99ccc5c35a56416296a,246039682512-1
SAAM,นางสาว กฤติยา หงส์หิรัญ,ได้มา,หุ้น,29.2444,0.8201,30.0646,09/12/2568,29.2444,0.8201,30.0646,,https://web-r246-api.sec.or.th/api/forms/pdf/publish/693bb789cc5c35a56416295e,246039662512-1
AE,นาย ภาณุพงศ์ พรหมปัญญา,ได้มา,หุ้น,0.0,17.7987,17.7987,08/12/2568,0.0,17.7987,17.7987,,https://web-r246-api.sec.or.th/api/forms/pdf/publish/693abd6dcc5c35a564162959,246039632512-1
TSE,น.ส. แคทลีน มาลีนนท์,จำหน่าย,หุ้น,45.7472,16.8456,28.9016,08/12/2568,45.7472,16.8456,28.9016,,https://web-r246-api.sec.or.th/api/forms/pdf/publish/6a2929a47f39376f1afc98d7,246042282606-1
TSE,บริษัท หลักทรัพย์จัดการกองทุนรวมบัวหลวง จำกัด,ได้มา,หุ้น,0.0,16.8456,16.8456,08/12/2568,0.0,16.8456,16.8456,,https://web-r246-api.sec.or.th/api/forms/pdf/publish/6937de1fcc5c35a56416294b,246039602512-1
AQUA,บริษัท เพียร์ ฟอร์ ยู จำกัด (มหาชน),ได้มา,หุ้น,4.9663,0.035,5.0013,04/12/2568,4.9663,0.035,5.0013,,https://web-r246-api.sec.or.th/api/forms/pdf/publish/69353a19cc5c35a564162940,246039572512-1
KC,อภิชัย พันธุมาศ,ได้มา,หุ้น,6.9606,5.6022,12.5629,04/12/2568,6.9606,5.6022,12.5629,,https://web-r246-api.sec.or.th/api/forms/pdf/publish/6938437dcc5c35a564162953,246039622512-1
KC,นาย สุทธิชัย เต็มประเสริฐฤดี,จำหน่าย,หุ้น,17.8136,5.6022,12.2114,04/12/2568,17.8136,5.6022,12.2114,,https://web-r246-api.sec.or.th/api/forms/pdf/publish/6938f224cc5c35a564162954,246039612512-1
KC,นาย สุทธิชัย เต็มประเสริฐฤดี,จำหน่าย,หุ้น,17.8136,5.6022,12.2114,04/12/2568,17.8136,5.6022,12.2114,ฉบับแก้ไข,https://web-r246-api.sec.or.th/api/forms/pdf/publish/693be4e6cc5c35a564162964,246039612512-2
TEGH,บริษัท ทีอีจี แอสเซท จำกัด,ได้มา,หุ้น,37.5,3.6564,41.1564,03/12/2568,37.5,3.6564,41.1564,,https://web-r246-api.sec.or.th/api/forms/pdf/publish/69364ba3cc5c35a564162941,246039562512-1
XBIO,นาย โชดิวัต ดั่นธนสาร,ได้มา,หุ้น,2.002,4.57,5.1412,03/12/2568,2.002,4.57,5.1412,อื่นๆ,https://web-r246-api.sec.or.th/api/forms/pdf/publish/696dbb1230554da3345de281,246040312601-1
MTW,MS. TZU-JUNG HUANG,ได้มา,หุ้น,9.9981,0.0324,10.0305,02/12/2568,9.9981,0.0324,10.0305,,https://web-r246-api.sec.or.th/api/forms/pdf/publish/6a8fcd1a3b0bc43579425113,246043552608-1
BCP,บริษัท อัลฟ่า ชาร์เตอร์ด เอนเนอร์จี จำกัด,จำหน่าย,หุ้น,20.0664,1.9717,18.0947,28/11/2568,20.0664,1.9717,18.0947,,https://web-r246-api.sec.or.th/api/forms/pdf/publish/692c70d5794d88d1dd8c6ef7,246039532512-1
HFT,บริษัท ฮั้วฟง รับเบอร์ อินดัสทรี จำก้ด,ได้มา,หุ้น,54.9759,0.0386,55.0146,26/11/2568,54.9759,0.0386,55.0146,,https://web-r246-api.sec.or.th/api/forms/pdf/publish/6927f5ae794d88d1dd8c6ef4,246039472511-1
TWPC,บริษัท บิบาเซ่ (กรุงเทพ) จำกัด,ได้มา,หุ้น,0.0,6.4999,6.4999,26/11/2568,7.0442,6.4999,13.5442,,https://web-r246-api.sec.or.th/api/forms/pdf/publish/692687bf953d9a9109e0a52c,246039502511-1
BSRC,กองทุนรวมวายุภักษ์ หนึ่ง,จำหน่าย,หุ้น,8.8261,8.8261,0.0,25/11/2568,8.8261,8.8261,0.0,,https://web-r246-api.sec.or.th/api/forms/pdf/publish/69256532d12d38b9457ecd65,246039482511-1
NEWS,นางสาว สีตลา รักประเทศ,จำหน่าย,หุ้น,12.9456,3.4033,9.5423,25/11/2568,12.9456,3.4033,9.5423,,https://web-r246-api.sec.or.th/api/forms/pdf/publish/6926788b953d9a9109e0a528,246039432511-1
TRV,นางสาว ณัฏฐ์ณัชชา ลีลาปัญญาเลิศ,จำหน่าย,หุ้น,20.5833,5.2083,15.375,24/11/2568,20.5833,5.2083,15.375,,https://web-r246-api.sec.or.th/api/forms/pdf/publish/6924f9f6d12d38b9457ecd5e,246039422511-1
TRV,นาย วรพจน์ อำนวยพล,ได้มา,หุ้น,13.125,5.2083,18.3333,24/11/2568,13.125,5.2083,18.3333,,https://web-r246-api.sec.or.th/api/forms/pdf/publish/6924379be4625c55aca269ca,246039412511-1
TPL,นาย พชร ปัญญายงค์,ได้มา,หุ้น,0.0,16.6707,16.6707,21/11/2568,0.0,16.6707,16.6707,,https://web-r246-api.sec.or.th/api/forms/pdf/publish/6923e177e4625c55aca269c8,246039392511-1
AMATA,บริษัท หลักทรัพย์จัดการกองทุนกสิกรไทย จำกัด,จำหน่าย,หุ้น,5.2549,0.2568,4.9981,19/11/2568,5.2549,0.2568,4.9981,,https://web-r246-api.sec.or.th/api/forms/pdf/publish/6923d163e4625c55aca269c5,246039382511-1
MEDEZE,นาย วีรพล เขมะรังสรรค์,ได้มา,หุ้น,25.0268,0.2059,25.2328,19/11/2568,59.8047,0.2059,60.0106,,https://web-r246-api.sec.or.th/api/forms/pdf/publish/691c2a3a4f20b3a3c3f9b7e7,246039342511-1
LTS,นางสาว สุวิมล เชาวนโยธิน,จำหน่าย,หุ้น,5.6209,0.6454,4.9755,17/11/2568,5.6209,0.6454,4.9755,,https://web-r246-api.sec.or.th/api/forms/pdf/publish/691c4b2a4f20b3a3c3f9b7ec,246039302511-1
TPCH,บริษัท ไทยโพลีคอนส์ จำกัด (มหาชน),จำหน่าย,หุ้น,43.2624,8.225,35.0374,17/11/2568,43.2624,8.225,35.0374,,https://web-r246-api.sec.or.th/api/forms/pdf/publish/69539367cc5c35a5641629ed,246040062512-1
BPS,นาย ชาคร ศรีวัฒนประยูร,ได้มา,หุ้น,0.0,5.7469,5.7469,15/11/2568,0.0,5.7469,5.7469,,https://web-r246-api.sec.or.th/api/forms/pdf/publish/691c324e4f20b3a3c3f9b7e9,246039292511-1
BKA,นาย กวิน เตชนันท์,ได้มา,หุ้น,4.8952,0.1047,5.0,14/11/2568,4.8952,0.1047,5.0,,https://web-r246-api.sec.or.th/api/forms/pdf/publish/691adab14f20b3a3c3f9b7de,246039272511-1
HEALTH,นาย ปวิช ปัญจพนภูชิษ,ได้มา,หุ้น,0.0,14.1951,14.1951,14/11/2568,0.0,14.1951,14.1951,,https://web-r246-api.sec.or.th/api/forms/pdf/publish/691c4f1e4f20b3a3c3f9b7f0,246039312511-1
HEALTH,นาย พีระพล สุวรรณแสง,จำหน่าย,หุ้น,14.1951,14.1951,0.0,14/11/2568,14.1951,14.1951,0.0,,https://web-r246-api.sec.or.th/api/forms/pdf/publish/691ea14d2876c15ba6076fbf,246039352511-1
CMO,นาย กิติศักดิ์ จำปาทิพย์พงศ์,จำหน่าย,หุ้น,14.9526,7.9581,6.9945,13/11/2568,14.9526,7.9581,6.9945,,https://web-r246-api.sec.or.th/api/forms/pdf/publish/6a030bf17f39376f1afc986a,246041842605-1
DEMCO,บริษัท ธนา พาวเวอร์ โฮลดิ้ง จำกัด,ได้มา,หุ้น,12.982,2.1699,15.1519,13/11/2568,12.982,2.1699,15.1519,,https://web-r246-api.sec.or.th/api/forms/pdf/publish/691ada124f20b3a3c3f9b7dc,246039262511-1
HEALTH,นาย ธีรยุทธ เหรียญชัยยุทธ,จำหน่าย,หุ้น,9.1396,9.1396,0.0,13/11/2568,9.1396,9.1396,0.0,,https://web-r246-api.sec.or.th/api/forms/pdf/publish/691d5b1b74408bc324d1d73f,246039332511-1
HEALTH,นาย ปกรณ์ เล่าเปี่ยม,ได้มา,หุ้น,0.0,9.1394,9.1394,13/11/2568,0.0,9.1394,9.1394,,https://web-r246-api.sec.or.th/api/forms/pdf/publish/691bdb8c4f20b3a3c3f9b7e6,246039282511-1
HEALTH,นาย ปกรณ์ เล่าเปี่ยม,ได้มา,หุ้น,0.0578,9.1394,9.1972,13/11/2568,0.0578,9.1394,9.1972,ฉบับแก้ไข,https://web-r246-api.sec.or.th/api/forms/pdf/publish/691c52a34f20b3a3c3f9b7f1,246039282511-2
TVDH,นาย วโรตม์ หน่อแก้ว,ได้มา,หลักทรัพย์แปลงสภาพ,13.9587,1.7215,15.6802,13/11/2568,13.9587,1.7215,15.6802,,https://web-r246-api.sec.or.th/api/forms/pdf/publish/691d5c2474408bc324d1d741,246039322511-1
CAZ,นาย กอบคุณ เธียรปรีชา,ได้มา,หุ้น,14.9864,0.1836,15.17,12/11/2568,14.9864,0.1836,15.17,,https://web-r246-api.sec.or.th/api/forms/pdf/publish/69153e262d14c54db2c5f690,246039222511-1
STELLA,บริษัท ดีดี มาร์ท โฮลดิ้ง จำกัด,ได้มา,หุ้น,2.9209,22.9534,24.9255,06/11/2568,2.9209,22.9534,24.9255,,https://web-r246-api.sec.or.th/api/forms/pdf/publish/691162b451076ef66db50a85,246039212511-1
MRDIYT,นาย จอมพงษ์ โตมงคล,จำหน่าย,หุ้น,20.4503,4.0717,16.3786,05/11/2568,48.149,4.0717,44.0772,,https://web-r246-api.sec.or.th/api/forms/pdf/publish/690d60b9273afeb6fa44cb14,246039202511-1
NEP,นาย ชนนพล ชนุหะชา,ได้มา,หุ้น,4.7304,1.6841,6.4145,05/11/2568,4.7304,1.6841,6.4145,,https://web-r246-api.sec.or.th/api/forms/pdf/publish/69418a08cc5c35a56416297a,246039792512-1
TVDH,นาย วโรตม์ หน่อแก้ว,ได้มา,หลักทรัพย์แปลงสภาพ,0.0,13.6998,13.6998,05/11/2568,0.0,13.6998,13.6998,จะลดสัดส่วนการถือหุ้น,https://web-r246-api.sec.or.th/api/forms/pdf/publish/690ab56c34299274d6479cdc,246039182511-1
TVDH,นาย วโรตม์ หน่อแก้ว,ได้มา,หลักทรัพย์แปลงสภาพ,0.0,13.6998,13.6998,05/11/2568,0.0,13.6998,13.6998,ฉบับแก้ไข,https://web-r246-api.sec.or.th/api/forms/pdf/publish/691d5b5c74408bc324d1d740,246039182511-2
EMPIRE,นาย กระทรวง จารุศิระ,ได้มา,หุ้น,4.9308,7.3681,12.2989,04/11/2568,4.9308,7.3681,12.2989,,https://web-r246-api.sec.or.th/api/forms/pdf/publish/6909bd9334299274d6479cda,246039162511-1
TVDH,นาย วโรตม์ หน่อแก้ว,ได้มา,หุ้น,9.9916,0.4189,10.4105,04/11/2568,9.9916,0.4189,10.4105,,https://web-r246-api.sec.or.th/api/forms/pdf/publish/6909de7834299274d6479cdb,246039172511-1
REAL25,นาย ภูกิจ ดิศธรานนท์,จำหน่าย,หุ้น,43.2999,3.31,39.99,30/10/2568,43.2999,3.31,39.99,,https://web-r246-api.sec.or.th/api/forms/pdf/publish/692ff59dcc5c35a56416293a,246039522512-1
EVER,นาย ประสงค์ มานะยิ่ง,ได้มา,หุ้น,3.3369,0.0,3.3369,29/10/2568,4.9847,0.1034,5.0881,,https://web-r246-api.sec.or.th/api/forms/pdf/publish/69ca1e177f39376f1afc980a,246041542603-1
SIMAT,นาย อภิสิทธิ์ หงส์ลาวัณย์,จำหน่าย,หุ้น,6.089,3.0806,3.0084,29/10/2568,6.089,3.0806,3.0084,,https://web-r246-api.sec.or.th/api/forms/pdf/publish/6901d4957e53b04531f6594a,246039142510-1
MVP,CAPITAL ASIA INVESTMENTS PTE LTD,จำหน่าย,หุ้น,14.9736,13.3428,1.6307,22/10/2568,14.9736,13.3428,1.6307,,https://web-r246-api.sec.or.th/api/forms/pdf/publish/68f9da3a9323f69ae23caefc,246039082510-1
MVP,CAPITAL ASIA INVESTMENTS PTE LTD,จำหน่าย,หุ้น,13.3428,13.3428,0.0,22/10/2568,13.3428,13.3428,0.0,ฉบับแก้ไข,https://web-r246-api.sec.or.th/api/forms/pdf/publish/69017fbed65d3f59d7856df6,246039082510-2
MVP,นาย โอภาส เฉิดพันธุ์,ได้มา,หุ้น,8.5278,13.3428,21.8706,22/10/2568,8.5278,13.3428,21.8706,,https://web-r246-api.sec.or.th/api/forms/pdf/publish/69009ac3d65d3f59d7856df2,246039132510-1
AU,บริษัท บีทีเอส กรุ๊ป โฮลดิ้งส์ จำกัด (มหาชน),ได้มา,หุ้น,9.9899,0.0245,10.0144,21/10/2568,9.9899,0.0245,10.0144,,https://web-r246-api.sec.or.th/api/forms/pdf/publish/68f896bbd5583539727b4d8c,246039102510-1
RSXYZ,นาย โสรัตน์ วณิชวรากิจ,ได้มา,หุ้น,2.9825,2.8624,5.7084,21/10/2568,2.9825,2.8624,5.7084,จะลดสัดส่วนการถือหุ้น,https://web-r246-api.sec.or.th/api/forms/pdf/publish/68f739b7354035c3b17bd7cc,246039052510-1
REAL25,นาย อุกฤษฎ์ ตั้งสืบกุล,จำหน่าย,หุ้น,16.28,3.4599,12.82,20/10/2568,21.5199,3.4599,18.0599,,https://web-r246-api.sec.or.th/api/forms/pdf/publish/693005a6cc5c35a56416293c,246039552512-1
SPA,บริษัท ทีเคไอ เพอร์เพชชวล จำกัด,จำหน่าย,หุ้น,5.1516,2.3702,2.7814,20/10/2568,5.1516,2.3702,2.7814,,https://web-r246-api.sec.or.th/api/forms/pdf/publish/68f756b6354035c3b17bd7cf,246039062510-1
VGI,ศรีสุข แอลลี่ ลิมิเต็ด,จำหน่าย,หุ้น,10.0098,0.0342,9.9755,20/10/2568,10.0098,0.0342,9.9755,,https://web-r246-api.sec.or.th/api/forms/pdf/publish/68fb48fd097be8b2b12ec6ca,246039122510-1
DEMCO,บริษัท ธนา พาวเวอร์ โฮลดิ้ง จำกัด,ได้มา,หุ้น,9.9911,0.0329,10.0241,14/10/2568,9.9911,0.0329,10.0241,,https://web-r246-api.sec.or.th/api/forms/pdf/publish/68ef1eec67072cb2be72c6d8,246039022510-1
KBANK,บริษัท กัลฟ์ ดีเวลลอปเมนท์ จำกัด (มหาชน),ได้มา,หุ้น,4.8009,0.2278,5.0288,14/10/2568,4.8061,0.2278,5.034,,https://web-r246-api.sec.or.th/api/forms/pdf/publish/68ee2b7cca48fca8a042bcc2,246039002510-1
SVT,บริษัท อี-คอมเมอร์ซ ดิจิทัล ไทย โฮลดิ้ง จำกัด (มหาชน),ได้มา,หุ้น,4.9299,0.0714,5.0014,14/10/2568,4.9299,0.0714,5.0014,,https://web-r246-api.sec.or.th/api/forms/pdf/publish/69524d3fcc5c35a5641629e8,246040042512-1
WARRIX,นาย ทวีฉัตร จุฬางกูร,ได้มา,หุ้น,4.8256,0.2464,5.072,14/10/2568,4.8256,0.2464,5.072,,https://web-r246-api.sec.or.th/api/forms/pdf/publish/68f046d5f60c924669d85a81,246039032510-1
WARRIX,นาย ทวีฉัตร จุฬางกูร,ได้มา,หุ้น,4.8256,0.2464,5.072,14/10/2568,4.8256,0.2464,5.072,ฉบับแก้ไข,https://web-r246-api.sec.or.th/api/forms/pdf/publish/68f19e8ef60c924669d85a83,246039032510-2
24CS,นาย ธนวัฒน์ ตั้งวัฒนพูลผล,จำหน่าย,หุ้น,8.8659,6.721,2.1448,10/10/2568,8.8659,6.721,2.1448,,https://web-r246-api.sec.or.th/api/forms/pdf/publish/68f6f694354035c3b17bd7cb,246039042510-1
NEWS,นาง โฉมพิศ บุนนาค,จำหน่าย,หุ้น,5.6581,5.6581,0.0,10/10/2568,5.6581,5.6581,0.0,,https://web-r246-api.sec.or.th/api/forms/pdf/publish/68e8bff40275975133dd654e,246038932510-1
NEWS,นาย กระทรวง จารุศิระ,ได้มา,หุ้น,7.1755,10.0601,17.2357,10/10/2568,7.1755,10.0601,17.2357,,https://web-r246-api.sec.or.th/api/forms/pdf/publish/68ee2460ca48fca8a042bcc0,246038972510-1
STPI,นาย อนุทิน ชาญวีรกูล,จำหน่าย,หุ้น,9.8388,9.8388,0.0,10/10/2568,9.8388,9.8388,0.0,,https://web-r246-api.sec.or.th/api/forms/pdf/publish/68ee34caca48fca8a042bcc3,246038982510-1
STPI,บริษัท หลักทรัพย์จัดการกองทุนเกียรตินาคินภัทร จำกัด,ได้มา,หุ้น,0.0,9.8388,9.8388,10/10/2568,0.0,9.8388,9.8388,,https://web-r246-api.sec.or.th/api/forms/pdf/publish/68e8b84b0275975133dd654d,246038912510-1
WP,พันตำรวจตรี รชต พุ่มพันธุ์ม่วง,ได้มา,หุ้น,13.7119,2.3743,16.0862,10/10/2568,13.7119,2.3743,16.0862,,https://web-r246-api.sec.or.th/api/forms/pdf/publish/68e8cc680275975133dd6550,246038922510-1
AQUA,นาย ฉาย บุนนาค,ได้มา,หุ้น,18.3955,2.1006,20.4961,09/10/2568,18.3955,2.1006,20.4961,,https://web-r246-api.sec.or.th/api/forms/pdf/publish/68e7774629292654076c6828,246038902510-1
AQUA,นาย ปกรณ์ มงคลธาดา,จำหน่าย,หุ้น,6.251,2.1006,4.1503,09/10/2568,6.251,2.1006,4.1503,,https://web-r246-api.sec.or.th/api/forms/pdf/publish/68e860df0275975133dd654c,246038992510-1
24CS,นาย ธนวัฒน์ ตั้งวัฒนพูลผล,ได้มา,หุ้น,0.4206,8.8659,9.2865,08/10/2568,0.4206,8.8659,9.2865,,https://web-r246-api.sec.or.th/api/forms/pdf/publish/68fb37de9323f69ae23caf06,246039112510-1
24CS,นาย สันติ มณีวงศ์,จำหน่าย,หุ้น,9.0231,8.8659,0.1572,08/10/2568,9.0231,8.8659,0.1572,,https://web-r246-api.sec.or.th/api/forms/pdf/publish/68edf5cdca48fca8a042bcbd,246038962510-1
INET,"นาย วัลลภ อัจฉราวรรณ, นาง ภาวนา อัจฉราวรรณ",สิ้นสุด Concert Party,หุ้น,4.9999,0.0,4.9999,08/10/2568,4.9999,0.0,4.9999,อื่นๆ,https://web-r246-api.sec.or.th/api/forms/pdf/publish/68e3b38f274830ef4a770365,246038892510-1
PRTR,HOLISTIC IMPACT PTE. LTD.,ได้มา,หุ้น,0.0,14.9999,14.9999,08/10/2568,0.0,14.9999,14.9999,,https://web-r246-api.sec.or.th/api/forms/pdf/publish/68e63b6b4c7208790d4e8d26,246038852510-1
PRTR,บริษัท เจมาร์ท กรุ๊ป โฮลดิ้งส์ จำกัด (มหาชน),จำหน่าย,หุ้น,15.0,14.9999,0.0,08/10/2568,15.0,14.9999,0.0,,https://web-r246-api.sec.or.th/api/forms/pdf/publish/68e7260f29292654076c6822,246038872510-1
PTT,กองทุนรวมวายุภักษ์ หนึ่ง,จำหน่าย,หุ้น,10.0096,0.013,9.9966,08/10/2568,10.0096,0.013,9.9966,,https://web-r246-api.sec.or.th/api/forms/pdf/publish/68e73ee629292654076c6825,246038882510-1
HYDRO,นาย โชคชัย รุ่งเจริญชัย,จำหน่าย,หุ้น,5.9514,2.305,3.6463,03/10/2568,5.9514,2.305,3.6463,,https://web-r246-api.sec.or.th/api/forms/pdf/publish/699c266630554da3345de2ed,246040772602-1
REAL25,นาย อุกฤษฎ์ ตั้งสืบกุล,จำหน่าย,หุ้น,20.98,4.7,16.28,02/10/2568,26.2199,4.7,21.5199,,https://web-r246-api.sec.or.th/api/forms/pdf/publish/6930048bcc5c35a56416293b,246039542512-1
TPL,นาย ธนายุทธ ทองจินดาวงศ์,ได้มา,หุ้น,4.5335,2.4852,6.843,02/10/2568,4.5335,2.4852,6.843,,https://web-r246-api.sec.or.th/api/forms/pdf/publish/68df6d10b0415f4094a554ad,246038832510-1
SC,นางสาว แพทองธาร ชินวัตร,ได้มา,หุ้น,0.0,28.4328,28.4328,01/10/2568,0.0,28.4328,28.4328,อื่นๆ,https://web-r246-api.sec.or.th/api/forms/pdf/publish/68e39c77274830ef4a770364,246038842510-1
SC,บริษัท หลักทรัพย์จัดการกองทุนเกียรตินาคินภัทร จำกัด,จำหน่าย,หุ้น,23.9908,23.9908,0.0,01/10/2568,23.9908,23.9908,0.0,,https://web-r246-api.sec.or.th/api/forms/pdf/publish/68dcd242d902ee926234a684,246038792510-1
VS,นาย สุสิชณ์ทักษ์ อัจฉริยะสมบัติ,ได้มา,หุ้น,3.3209,4.34,7.6609,01/10/2568,3.3209,4.34,7.6609,,https://web-r246-api.sec.or.th/api/forms/pdf/publish/68de1b25c96d966defdc820b,246038822510-1
ADD,นาย เกรียงศักดิ์ เหล่าอาภาสุวงศ์,ได้มา,หุ้น,0.2241,1.7857,2.0098,29/09/2568,4.986,1.7857,6.7717,,https://web-r246-api.sec.or.th/api/forms/pdf/publish/6971994d30554da3345de28c,246040352601-1
SMD100,นาย วิโรจน์ วสุศุทธิกุลกานต์,จำหน่าย,หุ้น,8.519,2.5517,5.9673,29/09/2568,15.8429,2.5517,13.2912,,https://web-r246-api.sec.or.th/api/forms/pdf/publish/6a8d08f8a06a7961be119e8b,246043502608-1
KEX,KERRY PROPERTIES LIMITED,จำหน่าย,หุ้น,5.3942,5.3942,0.0,26/09/2568,5.3942,5.3942,0.0,,https://web-r246-api.sec.or.th/api/forms/pdf/publish/68d125abdd22ab67d2f17bf1,246038782509-1
NEWS,นาย กระทรวง จารุศิระ,จำหน่าย,หุ้น,11.7714,4.5958,7.1755,25/09/2568,11.7714,4.5958,7.1755,,https://web-r246-api.sec.or.th/api/forms/pdf/publish/68d61a8d79371b010561151f,246038742509-1
CTW,บริษัท กรุงเทพประกันภัย จำกัด (มหาชน),จำหน่าย,หุ้น,5.0247,0.5026,4.522,24/09/2568,5.0247,0.5026,4.522,,https://web-r246-api.sec.or.th/api/forms/pdf/publish/68d3c7656a0a33ac9979c0bc,246038612509-1
PTECH,นาย CHIEH YONG LEW,ได้มา,หุ้น,2.7225,5.445,8.1675,24/09/2568,2.7225,5.445,8.1675,,https://web-r246-api.sec.or.th/api/forms/pdf/publish/68ca61050654a54a25eb5e41,246038702509-1
PTECH,นาย พงษ์ศักดิ์ โล่ห์ทองคำ,จำหน่าย,หุ้น,13.6126,5.445,8.1675,24/09/2568,13.6126,5.445,8.1675,,https://web-r246-api.sec.or.th/api/forms/pdf/publish/68ca8d1b0654a54a25eb5e46,246038602509-1
PTECH,นาย พงษ์ศักดิ์ โล่ห์ทองคำ,จำหน่าย,หุ้น,15.4285,7.2609,8.1675,24/09/2568,15.4285,7.2609,8.1675,ฉบับแก้ไข,https://web-r246-api.sec.or.th/api/forms/pdf/publish/68db5e365a55208557669978,246038602509-2
ROCTEC,บริษัท บีทีเอส กรุ๊ป โฮลดิ้งส์ จำกัด (มหาชน),ได้มา,หุ้น,64.2559,3.7006,67.9566,24/09/2568,64.2559,3.7006,67.9566,,https://web-r246-api.sec.or.th/api/forms/pdf/publish/68d50658617af12845373c6d,246038732509-1
CRANE,นาย โสรัตน์ วณิชวรากิจ,จำหน่าย,หุ้น,16.9436,2.344,14.5996,23/09/2568,16.9436,2.344,14.5996,,https://web-r246-api.sec.or.th/api/forms/pdf/publish/68d25cd1dd22ab67d2f17bfe,246038532509-1
VS,นางสาว ณัฐวี อัจฉริยะสมบัติ,ได้มา,หุ้น,0.614,16.6498,17.2638,23/09/2568,0.614,16.6498,17.2638,,https://web-r246-api.sec.or.th/api/forms/pdf/publish/68d26d02dd22ab67d2f17c05,246038552509-1
VS,นาย สุสิชณ์ทักษ์ อัจฉริยะสมบัติ,จำหน่าย,หุ้น,19.9707,16.6498,3.3209,23/09/2568,19.9707,16.6498,3.3209,,https://web-r246-api.sec.or.th/api/forms/pdf/publish/68d4b5fa617af12845373c63,246038622509-1
SNSS24,นาย สรรค์ สยามิภักดิ์,ได้มา,หุ้น,28.98,4.83,33.81,22/09/2568,28.98,4.83,33.81,,https://web-r246-api.sec.or.th/api/forms/pdf/publish/68d4fe96617af12845373c6b,246038662509-1
STX,นางสาว อรจิรา ปิงคลาศัย,จำหน่าย,หุ้น,0.0,0.0,0.0,22/09/2568,25.3535,0.399,24.9545,,https://web-r246-api.sec.or.th/api/forms/pdf/publish/68d516f7617af12845373c70,246038682509-1
STX,นาย กฤตนันท์ ปิงคลาศัย,จำหน่าย,หุ้น,0.0227,0.0,0.0227,22/09/2568,25.3763,0.399,24.9773,,https://web-r246-api.sec.or.th/api/forms/pdf/publish/68d513cd617af12845373c6f,246038672509-1
STX,นาย ณัฐกุล ปิงคลาศัย,จำหน่าย,หุ้น,0.0,0.0,0.0,22/09/2568,25.3535,0.399,24.9545,,https://web-r246-api.sec.or.th/api/forms/pdf/publish/68d5182d617af12845373c71,246038692509-1
TPL,เค เอช เอส อาร์ อินเวสเม้นท์ พีทีอี. แอลที่ดี.,ได้มา,หุ้น,7.0072,10.0118,13.3344,22/09/2568,7.0072,10.0118,13.3344,จะลดสัดส่วนการถือหุ้น,https://web-r246-api.sec.or.th/api/forms/pdf/publish/68d390df6a0a33ac9979c0b4,246038592509-1
TPL,เค เอช เอส อาร์ อินเวสเม้นท์ พีทีอี. แอลที่ดี.,ได้มา,หุ้น,7.0072,10.0118,13.3344,22/09/2568,7.0072,10.0118,13.3344,ฉบับแก้ไข,https://web-r246-api.sec.or.th/api/forms/pdf/publish/68dccdb3d902ee926234a682,246038592509-2
TPL,นาย พิรัฐ ปัญญายงค์,ได้มา,หุ้น,0.0001,5.4294,5.4295,22/09/2568,0.0001,5.4294,5.4295,จะลดสัดส่วนการถือหุ้น,https://web-r246-api.sec.or.th/api/forms/pdf/publish/68d26073dd22ab67d2f17bff,246038542509-1
TPL,นาย พิรัฐ ปัญญายงค์,ได้มา,หุ้น,0.0001,5.4294,5.4295,22/09/2568,0.0001,5.4294,5.4295,ฉบับแก้ไข,https://web-r246-api.sec.or.th/api/forms/pdf/publish/68d50e57617af12845373c6e,246038542509-2
TRU,นาง ปราณี เผอิญโชค,จำหน่าย,หุ้น,21.3038,1.7628,19.5409,22/09/2568,21.3038,1.7628,19.5409,,https://web-r246-api.sec.or.th/api/forms/pdf/publish/68d203c4dd22ab67d2f17bf9,246038512509-1
ETL,นางสาว SHERLYN CHIA,ได้มา,หุ้น,11.0558,4.291,15.3469,19/09/2568,11.0558,4.291,15.3469,,https://web-r246-api.sec.or.th/api/forms/pdf/publish/68d27ec6dd22ab67d2f17c06,246038562509-1
ETL,นางสาว กฤชวรรณ ซื้อเจริญชัย,จำหน่าย,หุ้น,6.5001,4.291,2.2091,19/09/2568,6.5001,4.291,2.2091,,https://web-r246-api.sec.or.th/api/forms/pdf/publish/68d3951d6a0a33ac9979c0b6,246038582509-1
KC,นาย สุทธิชัย เต็มประเสริฐฤดี,ได้มา,หุ้น,14.2355,0.8945,15.13,19/09/2568,14.2355,0.8945,15.13,,https://web-r246-api.sec.or.th/api/forms/pdf/publish/68cd187e1067f6878d3c9ba7,246038462509-1
NCL,นาย พรเทพ วิชัยกุล,ได้มา,หุ้น,0.4975,14.4043,14.8302,19/09/2568,0.4975,14.4043,14.8302,,https://web-r246-api.sec.or.th/api/forms/pdf/publish/68d0c63c024e2c908a72a4a5,246038482509-1
TPL,นาย DELON TIO,ได้มา,หุ้น,0.0021,18.098,18.0991,19/09/2568,0.0021,18.098,18.0991,,https://web-r246-api.sec.or.th/api/forms/pdf/publish/68d335086a0a33ac9979c0b2,246038572509-1
DPAINT,นางสาว เพ็ญพร วงศ์นพรัตน์เลิศ,ได้มา,หุ้น,0.0,13.4782,13.4782,18/09/2568,0.0,13.4782,13.4782,,https://web-r246-api.sec.or.th/api/forms/pdf/publish/68cbdc80d064e2df2f28f34f,246038442509-1
DPAINT,นางสาว เพ็ญพร วงศ์นพรัตน์เลิศ,ได้มา,หุ้น,0.0,13.4782,13.4782,18/09/2568,0.0,13.4782,13.4782,ฉบับแก้ไข,https://web-r246-api.sec.or.th/api/forms/pdf/publish/68d2000cdd22ab67d2f17bf7,246038442509-2
DPAINT,นางสาว วาณุภัณฒ์ ตั้งคารวคุณ,จำหน่าย,หุ้น,13.4782,13.4782,0.0,18/09/2568,13.4782,13.4782,0.0,,https://web-r246-api.sec.or.th/api/forms/pdf/publish/68d1fc3edd22ab67d2f17bf6,246038502509-1
DPAINT,นางสาว สิดาพัณณ์ สมบัติธีระ,ได้มา,หุ้น,0.0,12.6086,12.6086,18/09/2568,0.0,12.6086,12.6086,,https://web-r246-api.sec.or.th/api/forms/pdf/publish/68cbdd83d064e2df2f28f350,246038432509-1
DPAINT,นาย อรรถพล ตั้งคารวคุณ,จำหน่าย,หุ้น,22.3913,12.6086,9.7826,18/09/2568,22.3913,12.6086,9.7826,,https://web-r246-api.sec.or.th/api/forms/pdf/publish/68d1f28cdd22ab67d2f17bf5,246038492509-1
NEWS,นางสาว อรอร อัครเศรณี,จำหน่าย,หุ้น,5.3895,0.9493,4.4401,18/09/2568,5.3895,0.9493,4.4401,,https://web-r246-api.sec.or.th/api/forms/pdf/publish/68d6210479371b0105611520,246038722509-1
NEWS,นาย รัสมิ์ภูมิ สุเมธีวิทย์,ได้มา,หุ้น,7.5253,2.7226,10.248,18/09/2568,7.5253,2.7226,10.248,,https://web-r246-api.sec.or.th/api/forms/pdf/publish/68ccc7c51067f6878d3c9ba6,246038452509-1
NRF,นางสาว นิตนารา มินทะขิน,ได้มา,หุ้น,0.0,4.6547,4.6547,18/09/2568,17.4768,4.6547,21.1301,,https://web-r246-api.sec.or.th/api/forms/pdf/publish/68d11956dd22ab67d2f17bf0,246038522509-1
AQUA,นาย ฉาย บุนนาค,ได้มา,หุ้น,14.9197,0.1259,15.0457,17/09/2568,14.9197,0.1259,15.0457,,https://web-r246-api.sec.or.th/api/forms/pdf/publish/68cd29ac1067f6878d3c9ba9,246038472509-1
FVC,นางสาว ณัชชา เปี้ยสืบ,ได้มา,หุ้น,0.6363,16.8882,17.5245,17/09/2568,0.6363,16.8882,17.5245,,https://web-r246-api.sec.or.th/api/forms/pdf/publish/68da48395a55208557669974,246038772509-1
FVC,นางสาว เสาวลักษณ์ ฉัตรลมัย,ได้มา,หุ้น,0.4486,15.5463,15.995,17/09/2568,0.4486,15.5463,15.995,,https://web-r246-api.sec.or.th/api/forms/pdf/publish/68d9fe905a55208557669971,246038762509-1
FVC,นาย บุรโชติ เตชะเกษม,ได้มา,หุ้น,0.5405,7.7594,8.2999,17/09/2568,0.5405,7.7594,8.2999,,https://web-r246-api.sec.or.th/api/forms/pdf/publish/68d65dda79371b0105611523,246038752509-1
NEWS,นาย กระทรวง จารุศิระ,จำหน่าย,หุ้น,18.8503,7.0788,11.7714,16/09/2568,18.8503,7.0788,11.7714,,https://web-r246-api.sec.or.th/api/forms/pdf/publish/68d4e24d617af12845373c68,246038642509-1
NEWS,นาย รัสมิ์ภูมิ สุเมธีวิทย์,ได้มา,หุ้น,4.8027,2.7226,7.5253,16/09/2568,4.8027,2.7226,7.5253,,https://web-r246-api.sec.or.th/api/forms/pdf/publish/68cbc633d064e2df2f28f34b,246038412509-1
PJW,นาง มาลี เหมมณฑารพ,จำหน่าย,หุ้น,12.1959,5.1801,7.0157,16/09/2568,12.1959,5.1801,7.0157,,https://web-r246-api.sec.or.th/api/forms/pdf/publish/68ca83220654a54a25eb5e44,246038392509-1
PJW,นางสาว กนกพรรณ กระบวนรัตน์,ได้มา,หุ้น,0.0,5.1801,5.1801,16/09/2568,5.9216,5.1801,11.1018,,https://web-r246-api.sec.or.th/api/forms/pdf/publish/68d4f903617af12845373c6a,246038652509-1
SCL,นาย สกล ตั้งก่อสกุล,ได้มา,หุ้น,29.8847,3.0,32.8847,16/09/2568,29.8847,3.0,32.8847,,https://web-r246-api.sec.or.th/api/forms/pdf/publish/68cbbdddd064e2df2f28f349,246038402509-1
VGI,บริษัท บีทีเอส กรุ๊ป โฮลดิ้งส์ จำกัด (มหาชน),ได้มา,หุ้น,34.2789,3.3356,35.8255,12/09/2568,34.6183,3.3679,36.1795,,https://web-r246-api.sec.or.th/api/forms/pdf/publish/68c7dec03d2ffea6a044babc,246038382509-1
CMO,นางสาว ฟ้าใส พัวถาวรสกุล,ได้มา,หุ้น,0.0,7.914,7.914,10/09/2568,0.0,7.914,7.914,,https://web-r246-api.sec.or.th/api/forms/pdf/publish/68c25e1948595bc61ea1da39,246038332509-1
CMO,นางสาว ยิ่งรัก พัวถาวรสกุล,ได้มา,หุ้น,8.2855,7.7433,16.0288,10/09/2568,8.2855,7.7433,16.0288,,https://web-r246-api.sec.or.th/api/forms/pdf/publish/68c25f9d48595bc61ea1da3a,246038342509-1
CMO,นาย กิตติ พัวถาวรสกุล,จำหน่าย,หุ้น,15.9665,15.6573,0.3092,10/09/2568,15.9665,15.6573,0.3092,,https://web-r246-api.sec.or.th/api/forms/pdf/publish/68c25cb448595bc61ea1da37,246038322509-1
JMART,นาย อรรถวัติ ศิริสิทธิธงไชย,ได้มา,หุ้น,4.9912,0.0136,5.0048,09/09/2568,4.9912,0.0136,5.0048,,https://web-r246-api.sec.or.th/api/forms/pdf/publish/692d486e794d88d1dd8c6efa,246039512512-1
NEWS,นางสาว สีตลา รักประเทศ,ได้มา,หุ้น,2.941,10.0046,12.9456,09/09/2568,2.941,10.0046,12.9456,ผู้รายงานแจ้งยกเลิก,https://web-r246-api.sec.or.th/api/forms/pdf/publish/68bfcb2ba437f635cf3c49e8,246038282509-1
TSI,นาย สันติ ปิยะทัต,จำหน่าย,หุ้น,6.6284,2.444,4.1843,09/09/2568,6.6284,2.444,4.1843,,https://web-r246-api.sec.or.th/api/forms/pdf/publish/68c3c2c8583c69472d71d29e,246038362509-1
EASTW,นาย ภวินท์ คุณาดิเรกวงศ์,ได้มา,หุ้น,0.0,18.7196,18.7196,05/09/2568,0.0,18.7196,18.7196,,https://web-r246-api.sec.or.th/api/forms/pdf/publish/68bace27896f4890158ea430,246038232509-1
EASTW,บริษัท มะนิลา วอเตอร์ (ประเทศไทย) จำกัด,จำหน่าย,หุ้น,18.7196,18.7196,0.0,05/09/2568,18.7196,18.7196,0.0,,https://web-r246-api.sec.or.th/api/forms/pdf/publish/68b90a40686bab58aef16cc9,246038272509-1
GULF,นาย สารัชถ์ รัตนาวะดี,จำหน่าย,หุ้น,29.6126,0.4149,29.1976,05/09/2568,60.3716,0.4149,59.9566,,https://web-r246-api.sec.or.th/api/forms/pdf/publish/68baa190896f4890158ea42f,246038222509-1
STELLA,บริษัท ดีดี มาร์ท โฮลดิ้ง จำกัด,จำหน่าย,หุ้น,6.6606,3.7396,2.9209,05/09/2568,6.6606,3.7396,2.9209,,https://web-r246-api.sec.or.th/api/forms/pdf/publish/68be66b08f1869e68caffaac,246038302509-1
VPO,นาย สุทธิลักษณ์ จิราธิวัฒน์,จำหน่าย,หุ้น,10.0313,0.118,9.9133,02/09/2568,10.0313,0.118,9.9133,,https://web-r246-api.sec.or.th/api/forms/pdf/publish/68b6c2e07328a121aee735c8,246038142509-1
XBIO,นางสาว นิตยา อุทกโยธะ,จำหน่าย,หุ้น,5.2877,0.5243,4.7633,02/09/2568,5.2877,0.5243,4.7633,,https://web-r246-api.sec.or.th/api/forms/pdf/publish/690d92b5273afeb6fa44cb15,246039192511-1
NER,นาย ชูวิทย์ จึงธนสมบูรณ์,จำหน่าย,หุ้น,22.2232,4.3294,17.8937,29/08/2568,22.2232,4.3294,17.8937,,https://web-r246-api.sec.or.th/api/forms/pdf/publish/68b79a187328a121aee735ca,246038152509-1
SCM,นาย รินพงษ์ ขันรินทร์,ได้มา,หุ้น,0.0,5.2923,5.2923,29/08/2568,0.0,5.2923,5.2923,,https://web-r246-api.sec.or.th/api/forms/pdf/publish/68b67f980a616c42b1b256cb,246038132509-1
SCM,นาย รินพงษ์ ขันรินทร์,จำหน่าย,หุ้น,5.1987,3.1863,2.0124,29/08/2568,5.1987,3.1863,2.0124,ฉบับแก้ไข,https://web-r246-api.sec.or.th/api/forms/pdf/publish/68e9ee2bd005b76ccbfd80e3,246038132509-2
HYDRO,รินทร์ลิตา ปัญจทัศนาสิทธิ์,จำหน่าย,หุ้น,18.146,9.1891,8.9568,27/08/2568,18.146,9.1891,8.9568,,https://web-r246-api.sec.or.th/api/forms/pdf/publish/68b7de3a7328a121aee735cc,246038162509-1
MTI,นาง นวลพรรณ ล่ำซำ,ได้มา,หุ้น,12.7978,0.144,12.9418,26/08/2568,14.3757,0.8101,15.1859,,https://web-r246-api.sec.or.th/api/forms/pdf/publish/68b7e9497328a121aee735ce,246038172509-1
TWPC,บริษัท หลักทรัพย์จัดการกองทุนรวมบัวหลวง จำกัด,จำหน่าย,หุ้น,5.0087,0.0283,4.9804,26/08/2568,5.0087,0.0283,4.9804,,https://web-r246-api.sec.or.th/api/forms/pdf/publish/68ae77a2ab3a5d866ba39a85,246038072508-1
NUT,นาย ภาคิณ กิตติภานุวัฒน์,จำหน่าย,หุ้น,50.0,0.0,49.9999,25/08/2568,50.0,0.0,49.9999,,https://web-r246-api.sec.or.th/api/forms/pdf/publish/68ad5c3d187c831f74c93397,246038052508-1
PPP,บริษัท พรีเมียร์ ฟิชชั่น แคปปิตอล จำกัด,ได้มา,หุ้น,13.2211,0.074,13.2951,25/08/2568,59.9338,0.074,60.0078,,https://web-r246-api.sec.or.th/api/forms/pdf/publish/692676da953d9a9109e0a526,246039452511-1
THG,บริษัท โรงพยาบาลรามคำแหง จำกัด (มหาชน),ได้มา,หุ้น,16.3054,33.6863,49.9917,25/08/2568,16.3054,33.6863,49.9917,ได้รับการผ่อนผัน,https://web-r246-api.sec.or.th/api/forms/pdf/publish/68a29b37fc59947430da884a,246038042508-1
SRICHA,นาย บัลลังก์ เขมาภิรัตน์,ได้มา,หุ้น,9.9407,0.0718,10.0125,22/08/2568,9.9407,0.0718,10.0125,,https://web-r246-api.sec.or.th/api/forms/pdf/publish/68be99f38f1869e68caffaad,246038262509-1
ETL,บริษัท ไวส์ โลจิสติกส์ จำกัด (มหาชน),ได้มา,หุ้น,36.8626,3.3064,40.1691,21/08/2568,36.8626,3.3064,40.1691,,https://web-r246-api.sec.or.th/api/forms/pdf/publish/68a82f2b8f7797667add7a95,246038022508-1
SISB,นางสาว นงค์นภา ทองมี,จำหน่าย,หุ้น,5.1524,0.1595,4.9929,21/08/2568,5.1524,0.1595,4.9929,,https://web-r246-api.sec.or.th/api/forms/pdf/publish/68a6ee17a97def02f6351712,246038012508-1
ZEN,นาง เนืองนอง จิราธิวัฒน์,ได้มา,หุ้น,2.3111,0.0016,2.3127,21/08/2568,4.9997,0.0016,5.0014,,https://web-r246-api.sec.or.th/api/forms/pdf/publish/68c104bda437f635cf3c49f4,246038312509-1
DV8,นางสาว ศุภลักษณ์ แพบรรยง,จำหน่าย,หุ้น,6.2575,6.2575,0.0,20/08/2568,6.2575,6.2575,0.0,,https://web-r246-api.sec.or.th/api/forms/pdf/publish/68b8008d7328a121aee735d4,246038202509-1
DV8,นางสาว สุนันท์ งามอัครกุล,จำหน่าย,หุ้น,10.5019,10.5019,0.0,20/08/2568,10.5019,10.5019,0.0,,https://web-r246-api.sec.or.th/api/forms/pdf/publish/68b7f7e07328a121aee735d0,246038182509-1
DV8,นาย ชัยพร จารุจันทนากุล,จำหน่าย,หุ้น,5.6352,5.6352,0.0,20/08/2568,5.6352,5.6352,0.0,,https://web-r246-api.sec.or.th/api/forms/pdf/publish/68b803ed7328a121aee735d6,246038212509-1
DV8,นาย บุญชัย เกษมวิลาศ,จำหน่าย,หุ้น,22.3368,22.3368,0.0,20/08/2568,22.3368,22.3368,0.0,,https://web-r246-api.sec.or.th/api/forms/pdf/publish/68b68e1f0a616c42b1b256cc,246038112509-1
WARRIX,นาย พงศ์ศักดิ์ ธรรมธัชอารี,จำหน่าย,หุ้น,5.0934,0.2413,4.852,20/08/2568,5.0934,0.2413,4.852,,https://web-r246-api.sec.or.th/api/forms/pdf/publish/68b157dea1131b8997cfb76e,246038082508-1
BEAUTY,นางสาว ธัญญาภรณ์ ไกรภูเบศ,ได้มา,หุ้น,14.9968,0.1369,15.1338,19/08/2568,14.9968,0.1369,15.1338,,https://web-r246-api.sec.or.th/api/forms/pdf/publish/68a67c38a97def02f6351710,246038002508-1
PJW,นาย วิวรรธน์ เหมมณฑารพ,จำหน่าย,หุ้น,10.5091,3.911,6.5981,19/08/2568,10.5091,3.911,6.5981,,https://web-r246-api.sec.or.th/api/forms/pdf/publish/684bab05500945fbc58c0ff7,246037992508-1
BH,GIC PRIVATE LIMITED,จำหน่าย,หุ้น,5.1442,0.1574,4.9867,18/08/2568,5.1442,0.1574,4.9867,,https://web-r246-api.sec.or.th/api/forms/pdf/publish/68a42be5d30081bae5c7cf03,246037982508-1
DPAINT,นางสาว วาณุภัณฒ์ ตั้งคารวคุณ,ได้มา,หุ้น,4.7826,8.6956,13.4782,18/08/2568,4.7826,8.6956,13.4782,,https://web-r246-api.sec.or.th/api/forms/pdf/publish/68a4598dd30081bae5c7cf0b,246037932508-1
DPAINT,นาย รณฤทธิ์ ตั้งคารวคุณ,ได้มา,หุ้น,7.3913,8.6956,16.0869,18/08/2568,7.3913,8.6956,16.0869,,https://web-r246-api.sec.or.th/api/forms/pdf/publish/68a458b8d30081bae5c7cf09,246037952508-1
DPAINT,นาย อรรถพล ตั้งคารวคุณ,ได้มา,หุ้น,13.6956,8.6956,22.3913,18/08/2568,13.6956,8.6956,22.3913,,https://web-r246-api.sec.or.th/api/forms/pdf/publish/68a453f2d30081bae5c7cf07,246037942508-1
MORE,นาย เอกภพ รักตพงศ์ไพศาล,ได้มา,หุ้น,4.9952,0.1881,5.1834,15/08/2568,4.9952,0.1881,5.1834,,https://web-r246-api.sec.or.th/api/forms/pdf/publish/68a2cd42fc59947430da884c,246037872508-1
MTC,นาย ชูชาติ เพ็ชรอำไพ,จำหน่าย,หุ้น,33.4932,33.4932,0.0,15/08/2568,67.4554,33.4932,33.9622,,https://web-r246-api.sec.or.th/api/forms/pdf/publish/68943126795d98ec04df0020,246037892508-1
MTC,นาย ปริทัศน์ เพชรอำไพ,ได้มา,หุ้น,0.1886,16.7466,16.9352,15/08/2568,0.1886,16.7466,16.9352,,https://web-r246-api.sec.or.th/api/forms/pdf/publish/6895bbf27507e721cd2d35eb,246037912508-1
MTC,นาย ศึกษิต พัชรชัย,ได้มา,หุ้น,0.0,16.7466,16.7467,15/08/2568,0.0,16.7466,16.7467,,https://web-r246-api.sec.or.th/api/forms/pdf/publish/6894294a795d98ec04df001e,246037902508-1
KBANK,INVESCO ASSET MANAGEMENT LIMITED,ได้มา,หุ้น,4.0804,0.1688,4.2492,13/08/2568,4.8619,0.1688,5.0307,,https://web-r246-api.sec.or.th/api/forms/pdf/publish/68a41d57d30081bae5c7cf01,246037922508-1
SYNTEC,นาย ชวลิต พูนเพิ่มสุวรรณ,ได้มา,หุ้น,4.9928,0.0118,5.0047,13/08/2568,4.9928,0.0118,5.0047,,https://web-r246-api.sec.or.th/api/forms/pdf/publish/68a57be5d30081bae5c7cf10,246037972508-1
THANI,บริษัท ทุนธนชาต จำกัด (มหาชน),ได้มา,หุ้น,8.1486,0.0287,8.1773,13/08/2568,64.986,0.0287,65.0147,,https://web-r246-api.sec.or.th/api/forms/pdf/publish/689c373ec509620859a81c76,246037842508-1
TIDLOR,ธนาคารกรุงศรีอยุธยา จำกัด (มหาชน),ได้มา,หุ้น,30.183,16.3303,46.5133,13/08/2568,30.183,16.3303,46.5133,,https://web-r246-api.sec.or.th/api/forms/pdf/publish/689f07ff451b07842a4d9856,246037862508-1
TIDLOR,สยาม เอเชีย เครดิต แอคเซส พีทีอี แอลทีดี,จำหน่าย,หุ้น,16.3303,16.3303,0.0,13/08/2568,16.3303,16.3303,0.0,,https://web-r246-api.sec.or.th/api/forms/pdf/publish/689011c3c141219a3d67ae57,246037812508-1
NEWS,นาง โฉมพิศ บุนนาค,ได้มา,หุ้น,0.0,5.6581,5.6581,08/08/2568,0.0,5.6581,5.6581,,https://web-r246-api.sec.or.th/api/forms/pdf/publish/689c3a43c509620859a81c78,246037822508-1
NEWS,นาย ศิริธัช โรจนพฤกษ์,จำหน่าย,หุ้น,5.6581,5.6581,0.0,08/08/2568,5.6581,5.6581,0.0,,https://web-r246-api.sec.or.th/api/forms/pdf/publish/689d54b8fc0e4a0dbd4d5c78,246037832508-1
SAM,นาย วรุณชัย ลีกาญจนากร,จำหน่าย,หุ้น,15.1375,0.1913,14.9461,08/08/2568,15.1375,0.1913,14.9461,,https://web-r246-api.sec.or.th/api/forms/pdf/publish/6a9535b43b0bc43579425128,246043632608-1
BM,บริษัท เอ็ม อี ซี ที จำกัด,จำหน่าย,หุ้น,5.0705,4.9747,0.0958,07/08/2568,5.0705,4.9747,0.0958,,https://web-r246-api.sec.or.th/api/forms/pdf/publish/68959b757507e721cd2d35e8,246037782508-1
BM,บริษัท เอ็ม อี ซี ที จำกัด,จำหน่าย,หุ้น,5.0705,0.0958,4.9747,07/08/2568,5.0705,0.0958,4.9747,ฉบับแก้ไข,https://web-r246-api.sec.or.th/api/forms/pdf/publish/689eae64451b07842a4d9846,246037782508-2
PTECH,นาย พงษ์ศักดิ์ โล่ห์ทองคำ,ได้มา,หุ้น,0.9515,18.151,18.7853,07/08/2568,0.9515,18.151,18.7853,ฉบับแก้ไข,https://web-r246-api.sec.or.th/api/forms/pdf/publish/68947f677507e721cd2d35e7,246037772508-2
DV8,นางสาว ศุภลักษณ์ แพบรรยง,ได้มา,หุ้น,3.5451,2.7123,6.2575,06/08/2568,3.5451,2.7123,6.2575,,https://web-r246-api.sec.or.th/api/forms/pdf/publish/68b7ffd57328a121aee735d3,246038192509-1
KWI,บริษัท ทอมโม (ประเทศไทย) จำกัด,ได้มา,หุ้น,69.8002,2.1548,71.9551,06/08/2568,69.8002,2.1548,71.9551,,https://web-r246-api.sec.or.th/api/forms/pdf/publish/68a44e7dd30081bae5c7cf06,246037962508-1
PLANB,บริษัท วิน ฮาเวสท์ อินเตอร์เนชันแนล จำกัด,ได้มา,หุ้น,0.0,3.1054,3.1054,01/08/2568,4.4175,3.1054,7.5229,,https://web-r246-api.sec.or.th/api/forms/pdf/publish/6892cb6be65d8b7bafd18fce,246037752508-1
JPARK,นาย พงศ์ศักดิ์ ธรรมธัชอารี,จำหน่าย,หุ้น,10.0478,0.05,9.9978,30/07/2568,10.0478,0.05,9.9978,,https://web-r246-api.sec.or.th/api/forms/pdf/publish/689c144bc509620859a81c73,246037802508-1
BKA,นาง ภัทรมน ธนวงศ์เกษม,จำหน่าย,หุ้น,6.0619,1.7761,4.2857,29/07/2568,6.0619,1.7761,4.2857,,https://web-r246-api.sec.or.th/api/forms/pdf/publish/689079bac141219a3d67ae5e,246037742508-1
JPARK,นาย พงศ์ศักดิ์ ธรรมธัชอารี,ได้มา,หุ้น,9.0809,0.9669,10.0478,29/07/2568,9.0809,0.9669,10.0478,,https://web-r246-api.sec.or.th/api/forms/pdf/publish/689c133dc509620859a81c72,246037792508-1
MONO,บริษัท พรีเมียม แอสเซท จำกัด,จำหน่าย,หุ้น,0.5733,0.0144,0.5589,29/07/2568,55.0118,0.0144,54.9974,,https://web-r246-api.sec.or.th/api/forms/pdf/publish/688c23f94259eb9fec31b407,246037712508-1
TSR,บริษัท ดับบลิว เอส โอ แอล จำกัด (มหาชน),จำหน่าย,หุ้น,5.2919,0.3991,4.8927,29/07/2568,5.2919,0.3991,4.8927,,https://web-r246-api.sec.or.th/api/forms/pdf/publish/688c81816b713b6709817b23,246037722508-1
KISS,บริษัท จีเอ็มเอ็ม แกรมมี่ จำกัด (มหาชน),จำหน่าย,หุ้น,5.1047,0.2607,4.844,24/07/2568,5.1047,0.2607,4.844,,https://web-r246-api.sec.or.th/api/forms/pdf/publish/6881b0173e663577f37b8c0c,246037682507-1
BKA,นาง ภัทรมน ธนวงศ์เกษม,จำหน่าย,หุ้น,11.2646,2.5214,8.7431,23/07/2568,11.2646,2.5214,8.7431,,https://web-r246-api.sec.or.th/api/forms/pdf/publish/68907768c141219a3d67ae5c,246037732508-1
AMA,นาย พิพัฒน์ รัชกิจประการ,ได้มา,หุ้น,3.5295,2.8962,6.4257,21/07/2568,32.1079,2.8962,35.0042,ผู้รายงานแจ้งยกเลิก,https://web-r246-api.sec.or.th/api/forms/pdf/publish/68805375bb1d4cd41e92e837,246037672507-1
AMA,นาย พิพัฒน์ รัชกิจประการ,ได้มา,หุ้น,3.5295,2.8962,6.4257,21/07/2568,3.5295,2.8962,6.4257,,https://web-r246-api.sec.or.th/api/forms/pdf/publish/6a0c17fb7f39376f1afc9886,246041952605-1
DV8,นางสาว กัญญา ชัยสาธิตพร,ได้มา,หุ้น,100.0,73.8861,100.0,18/07/2568,100.0,73.8861,100.0,,https://web-r246-api.sec.or.th/api/forms/pdf/publish/68b697750a616c42b1b256cd,246038122509-1
RS,นาย โสรัตน์ วณิชวรากิจ,จำหน่าย,หุ้น,9.412,4.7832,4.6287,18/07/2568,9.412,4.7832,4.6287,,https://web-r246-api.sec.or.th/api/forms/pdf/publish/6879bb19796c4c3aa4924ec0,246037582507-1
TTI,นางสาว สุภัททา บุญนำทรัพย์,ได้มา,หุ้น,8.7211,8.7211,17.4422,18/07/2568,8.7211,8.7211,17.4422,,https://web-r246-api.sec.or.th/api/forms/pdf/publish/687dec0afd2b891a51cf2e76,246037652507-1
TTI,บริษัท ไทยรุ่ง โฮลดิ้ง จำกัด,ได้มา,หุ้น,8.7211,8.7211,17.4422,18/07/2568,8.7211,8.7211,17.4422,,https://web-r246-api.sec.or.th/api/forms/pdf/publish/687dbd25fd2b891a51cf2e6a,246037622507-1
TTI,บริษัท นำทรัพย์ โฮลดิ้ง จำกัด,จำหน่าย,หุ้น,8.7211,8.7211,0.0,18/07/2568,8.7211,8.7211,0.0,,https://web-r246-api.sec.or.th/api/forms/pdf/publish/687dc4c3fd2b891a51cf2e6c,246037632507-1
AS,บริษัท ดับบลิว เอส โอ แอล จำกัด (มหาชน),ได้มา,หุ้น,9.9698,2.2617,12.2316,17/07/2568,9.9698,2.2617,12.2316,,https://web-r246-api.sec.or.th/api/forms/pdf/publish/687f0899cb56dbf778220b92,246037662507-1
TBN,ROCKET HOLDINGS HK LIMITED,จำหน่าย,หุ้น,8.4375,8.4375,0.0,17/07/2568,8.4375,8.4375,0.0,,https://web-r246-api.sec.or.th/api/forms/pdf/publish/6879c88d796c4c3aa4924ec3,246037602507-1
TBN,บริษัท บีทีเอส กรุ๊ป โฮลดิ้งส์ จำกัด (มหาชน),ได้มา,หุ้น,0.6027,8.4375,9.0402,17/07/2568,0.6027,8.4375,9.0402,,https://web-r246-api.sec.or.th/api/forms/pdf/publish/6879e792796c4c3aa4924ec5,246037592507-1
UBA,บริษัท สยามอีสต์ โซลูชั่น จำกัด (มหาชน),ได้มา,หุ้น,28.6666,1.3989,30.0655,17/07/2568,28.6666,1.3989,30.0655,,https://web-r246-api.sec.or.th/api/forms/pdf/publish/6879b0c3796c4c3aa4924ebe,246037572507-1
ECF,นาย กิตติพัชญ์ สุขสวัสดิ์,ได้มา,หุ้น,100.0,16.1253,16.6974,16/07/2568,100.0,16.1253,16.6974,,https://web-r246-api.sec.or.th/api/forms/pdf/publish/687ddb42fd2b891a51cf2e72,246037642507-1
ECF,นาย กิตติพัชญ์ สุขสวัสดิ์,ได้มา,หุ้น,0.5721,16.1253,16.6974,16/07/2568,0.5721,16.1253,16.6974,ฉบับแก้ไข,https://web-r246-api.sec.or.th/api/forms/pdf/publish/688aed6b4259eb9fec31b406,246037642507-2
JPARK,นาย สันติพล เจนวัฒนไพศาล,จำหน่าย,หุ้น,57.7578,5.0,52.7578,15/07/2568,57.7578,5.0,52.7578,,https://web-r246-api.sec.or.th/api/forms/pdf/publish/68774aaaec75ca4e8d1062aa,246037482507-1
PLE,นาย เมธัส ศรีสุชาต,ได้มา,หุ้น,4.0834,14.6862,18.7696,15/07/2568,4.0834,14.6862,18.7696,ผู้รายงานแจ้งยกเลิก,https://web-r246-api.sec.or.th/api/forms/pdf/publish/68775708ec75ca4e8d1062ad,246037462507-1
PLE,นาย เมธัส ศรีสุชาต,ได้มา,หุ้น,4.0834,11.0146,14.0772,15/07/2568,4.0834,11.0146,14.0772,ฉบับแก้ไข,https://web-r246-api.sec.or.th/api/forms/pdf/publish/687a139b796c4c3aa4924ec9,246037542507-2
PLE,นาย เสวก ศรีสุชาต,ได้มา,หุ้น,13.2932,11.8958,21.8658,15/07/2568,13.2932,11.8958,21.8658,ฉบับแก้ไข,https://web-r246-api.sec.or.th/api/forms/pdf/publish/687a1262796c4c3aa4924ec8,246037552507-2
SC,บริษัท หลักทรัพย์จัดการกองทุนรวมบัวหลวง จำกัด,จำหน่าย,หุ้น,5.0658,0.1168,4.9489,15/07/2568,5.0658,0.1168,4.9489,,https://web-r246-api.sec.or.th/api/forms/pdf/publish/68771cc0ec75ca4e8d1062a7,246037452507-1
SICT,นาย มานพ ธรรมสิริอนันต์,จำหน่าย,หุ้น,22.488,2.4959,19.992,15/07/2568,22.488,2.4959,19.992,,https://web-r246-api.sec.or.th/api/forms/pdf/publish/687b64930c2ef676153c8a2e,246037612507-1
A5,นาย ทวีรัช ปรุงพัฒนสกุล,ได้มา,หุ้น,8.4465,4.8556,13.3022,14/07/2568,8.4465,4.8556,13.3022,,https://web-r246-api.sec.or.th/api/forms/pdf/publish/687635456a023f74b18588e1,246037412507-1
A5,นาย ทวีรัช ปรุงพัฒนสกุล,ได้มา,หุ้น,8.4465,4.8556,13.3022,14/07/2568,8.4465,4.8556,13.3022,ฉบับแก้ไข,https://web-r246-api.sec.or.th/api/forms/pdf/publish/687f6e85cb56dbf778220b96,246037412507-2
ECF,นาง กนกวรรณ กวางทอง,ได้มา,หุ้น,0.2105,6.1907,6.4013,14/07/2568,0.2105,6.1907,6.4013,ฉบับแก้ไข,https://web-r246-api.sec.or.th/api/forms/pdf/publish/687771ecec75ca4e8d1062b4,246037472507-2
ECF,นาย ณัฐปภัสร์ เกสร์ชัยมงคล,ได้มา,หุ้น,0.564,16.5833,17.1473,14/07/2568,0.564,16.5833,17.1473,,https://web-r246-api.sec.or.th/api/forms/pdf/publish/68776a0cec75ca4e8d1062b2,246037502507-1
ECF,นาย อรุต ธนาสุวรรณดิถี,ได้มา,หุ้น,0.3687,10.8408,11.2095,14/07/2568,0.3687,10.8408,11.2095,,https://web-r246-api.sec.or.th/api/forms/pdf/publish/68777303ec75ca4e8d1062b5,246037512507-1
PSP,นางสาว อลิษา ครองพาณิชย์,ได้มา,หุ้น,9.9937,0.0074,10.0011,14/07/2568,9.9937,0.0074,10.0011,,https://web-r246-api.sec.or.th/api/forms/pdf/publish/687608076a023f74b18588d4,246037382507-1
PSP,นางสาว อลิษา ครองพาณิชย์,จำหน่าย,หุ้น,10.7359,0.7422,9.9937,11/07/2568,10.7359,0.7422,9.9937,,https://web-r246-api.sec.or.th/api/forms/pdf/publish/6875f6f16a023f74b18588d2,246037362507-1
TNR,THK INVESTMENT COMPANY LIMITED,จำหน่าย,หุ้น,12.0,12.0,0.0,11/07/2568,29.791,12.0,17.791,,https://web-r246-api.sec.or.th/api/forms/pdf/publish/687625bf6a023f74b18588d5,246037392507-1
TNR,นางสาว ศิรินันท์ ดารารัตนโรจน์,จำหน่าย,หุ้น,9.041,0.0,9.041,11/07/2568,10.6498,1.6087,9.041,,https://web-r246-api.sec.or.th/api/forms/pdf/publish/687632636a023f74b18588df,246037422507-1
TNR,นาย สมศักดิ์ ดารารัตนโรจน์,จำหน่าย,หุ้น,8.75,0.0,8.75,11/07/2568,10.9587,2.2087,8.75,,https://web-r246-api.sec.or.th/api/forms/pdf/publish/68763a0f6a023f74b18588e4,246037442507-1
TNR,นาย อมร ดารารัตนโรจน์,ได้มา,หุ้น,8.75,0.0,8.75,11/07/2568,10.1187,10.6312,20.75,,https://web-r246-api.sec.or.th/api/forms/pdf/publish/687634886a023f74b18588e0,246037432507-1
TNR,บริษัท ซี.เอ.เอส. คลีน เอนเนอร์จี จำกัด,ได้มา,หุ้น,0.0,12.0,12.0,11/07/2568,8.75,12.0,20.75,,https://web-r246-api.sec.or.th/api/forms/pdf/publish/687628bf6a023f74b18588d7,246037402507-1
WPH,FIL LIMITED,ได้มา,หุ้น,4.9972,0.0178,5.0151,11/07/2568,4.9972,0.0178,5.0151,,https://web-r246-api.sec.or.th/api/forms/pdf/publish/68770f9eec75ca4e8d1062a6,246037492507-1
IVF,นาย ชนะชัย จุลจิราภรณ์,จำหน่าย,หุ้น,33.8205,1.3636,32.4569,08/07/2568,40.5705,1.3636,39.2069,,https://web-r246-api.sec.or.th/api/forms/pdf/publish/686e292387662536906b4aaf,246037352507-1
JCT,นาง นันทนา อรุณวัฒนาพร,ได้มา,หุ้น,2.837,2.837,5.674,04/07/2568,2.837,2.837,5.674,,https://web-r246-api.sec.or.th/api/forms/pdf/publish/686b9f00232c2230ce6844ef,246037332507-1
MENA,นาย ณัฐพล ขจรวุฒิเดช,ได้มา,หุ้น,15.5348,2.7247,18.2596,04/07/2568,42.4035,2.7247,45.1283,,https://web-r246-api.sec.or.th/api/forms/pdf/publish/686b64a0232c2230ce6844e9,246037302507-1
BTC,ซีเควนท์ (สิงคโปร์) ลิมิเต็ด,ได้มานิติบุคคลตามมาตรา 258,หุ้น,0.0,15.007,15.007,03/07/2568,15.007,15.007,15.007,,https://web-r246-api.sec.or.th/api/forms/pdf/publish/686247bb79704064a48678ca,246037262507-1
BTC,นาย ชาญ บูลกุล,สิ้นสุดนิติบุคคลตามมาตรา 258,หุ้น,0.0,15.007,-15.007,03/07/2568,0.0,15.007,0.0,,https://web-r246-api.sec.or.th/api/forms/pdf/publish/6862408879704064a48678c7,246037272507-1
MATI,นาย ปราปต์ บุนปาน,ได้มา,หุ้น,4.307,2.6976,7.0046,02/07/2568,4.307,2.6976,7.0046,,https://web-r246-api.sec.or.th/api/forms/pdf/publish/6865f86b4f3bf658c33c6ce3,246037282507-1
PYLON,นาย บดินทร์ แสงอารยะกุล,ได้มา,หุ้น,9.9616,0.04,10.0016,02/07/2568,9.9616,0.04,10.0016,,https://web-r246-api.sec.or.th/api/forms/pdf/publish/68677a2e25299560eff7d63d,246037312507-1
BEC,นาง หทัยรัตน์ จุฬางกูร,ได้มา,หุ้น,9.6701,0.9439,10.6141,01/07/2568,9.6701,0.9439,10.6141,,https://web-r246-api.sec.or.th/api/forms/pdf/publish/68648b10f8037ce812c2fc2f,246037132507-1
BTC,ซีเควนท์ (สิงคโปร์) ลิมิเต็ด,ได้มานิติบุคคลตามมาตรา 258,หุ้น,0.0,15.007,15.007,01/07/2568,15.007,15.007,15.007,ฉบับแก้ไข,https://web-r246-api.sec.or.th/api/forms/pdf/publish/686e196987662536906b4aad,246037262507-2
BTC,นาย ชาญ บูลกุล,สิ้นสุดนิติบุคคลตามมาตรา 258,หุ้น,0.0,15.007,-15.007,01/07/2568,0.0,15.007,0.0,ฉบับแก้ไข,https://web-r246-api.sec.or.th/api/forms/pdf/publish/686e184887662536906b4aac,246037272507-2
NUT,นาย ภาคิณ กิตติภานุวัฒน์,ได้มา,หุ้น,49.9293,0.0706,50.0,01/07/2568,49.9293,0.0706,50.0,จะลดสัดส่วนการถือหุ้น,https://web-r246-api.sec.or.th/api/forms/pdf/publish/68ac18fe187c831f74c93391,246038032508-1
STPI,นาย อนุทิน ชาญวีรกูล,ได้มา,หุ้น,0.0,9.8388,9.8388,01/07/2568,0.0,9.8388,9.8388,,https://web-r246-api.sec.or.th/api/forms/pdf/publish/6863863979704064a48678d1,246037112507-1
STPI,บริษัท หลักทรัพย์จัดการกองทุนเกียรตินาคินภัทร จำกัด,จำหน่าย,หุ้น,9.8388,9.8388,0.0,01/07/2568,9.8388,9.8388,0.0,,https://web-r246-api.sec.or.th/api/forms/pdf/publish/6863630879704064a48678ce,246037102507-1
GTV,EIGHT ARK HOLDINGS PRIVATE LIMITED,ได้มา,หุ้น,0.0,7.6155,7.6155,30/06/2568,0.0,7.6155,7.6155,,https://web-r246-api.sec.or.th/api/forms/pdf/publish/68c8cf213d2ffea6a044babe,246038372509-1
GTV,NORTHWATERS CAPITAL PTE LTD,จำหน่าย,หุ้น,7.6155,7.6155,0.0,30/06/2568,7.6155,7.6155,0.0,,https://web-r246-api.sec.or.th/api/forms/pdf/publish/68be5faf8f1869e68caffaa7,246038252509-1
GTV,นางสาว Yuan Lin,ได้มา,หุ้น,0.0,7.6155,7.6155,30/06/2568,0.0,7.6155,7.6155,ผู้รายงานแจ้งยกเลิก,https://web-r246-api.sec.or.th/api/forms/pdf/publish/68bfdfd2a437f635cf3c49eb,246038292509-1
DOD,นาย ล้ำพันธุ์ พรรธนประเทศ,ได้มา,หุ้น,0.0,19.5153,19.5153,27/06/2568,0.0,19.5153,19.5153,,https://web-r246-api.sec.or.th/api/forms/pdf/publish/686244a479704064a48678c8,246037092506-1
DOD,บริษัท หลักทรัพย์จัดการกองทุนเกียรตินาคินภัทร จำกัด,จำหน่าย,หุ้น,19.5153,19.5153,0.0,27/06/2568,19.5153,19.5153,0.0,,https://web-r246-api.sec.or.th/api/forms/pdf/publish/68620fa979704064a48678c2,246037052506-1
FN,นาย ปรีชา ส่งวัฒนา,ได้มา,หุ้น,10.11,10.0,20.11,27/06/2568,10.11,10.0,20.11,,https://web-r246-api.sec.or.th/api/forms/pdf/publish/68620a3679704064a48678be,246037062506-1
FN,บริษัท คิว แอสเซท จำกัด,จำหน่าย,หุ้น,21.4928,10.0,11.4928,27/06/2568,21.4928,10.0,11.4928,,https://web-r246-api.sec.or.th/api/forms/pdf/publish/68620c4a79704064a48678c0,246037072506-1
NEWS,นางสาว สีตลา รักประเทศ,ได้มานิติบุคคลตามมาตรา 258,หุ้น,0.0,100.0,100.0,27/06/2568,100.0,100.0,100.0,,https://web-r246-api.sec.or.th/api/forms/pdf/publish/6864f76ef8037ce812c2fc47,246037152507-1
NEWS,นางสาว สีตลา รักประเทศ,ได้มานิติบุคคลตามมาตรา 258,หุ้น,0.0,13.3394,13.3394,27/06/2568,13.3394,13.3394,13.3394,ฉบับแก้ไข,https://web-r246-api.sec.or.th/api/forms/pdf/publish/686b7dca232c2230ce6844ea,246037152507-2
SPA,FIL LIMITED,ได้มา,หุ้น,4.9667,0.0361,5.0028,27/06/2568,4.9667,0.0361,5.0028,,https://web-r246-api.sec.or.th/api/forms/pdf/publish/6863444d79704064a48678cc,246037142507-1
COCOCO,นาย ประยงค์ วนิชสุวรรณ,ได้มา,หุ้น,4.9986,0.0878,5.0864,26/06/2568,4.9986,0.0878,5.0864,,https://web-r246-api.sec.or.th/api/forms/pdf/publish/685d1632942a252f1e6b433c,246036972506-1
NOVA,บริษัท เสริมสร้าง พาวเวอร์ คอร์ปอเรชั่น จำกัด (มหาชน),จำหน่าย,หุ้น,6.4911,1.8526,4.6385,26/06/2568,6.4911,1.8526,4.6385,,https://web-r246-api.sec.or.th/api/forms/pdf/publish/68622d4179704064a48678c5,246037082506-1
BEC,นางสาว ฉันทนา จิรัฐิติภัทร์,จำหน่าย,หุ้น,6.7125,6.7125,0.0,25/06/2568,6.7125,6.7125,0.0,,https://web-r246-api.sec.or.th/api/forms/pdf/publish/686115ea307132252478393d,246037002506-1
KTC,นาย มงคล ประกิตชัยวัฒนา,จำหน่าย,หุ้น,12.7007,7.563,5.1376,25/06/2568,12.7007,7.563,5.1376,,https://web-r246-api.sec.or.th/api/forms/pdf/publish/68611eaf3071322524783940,246037032506-1
SCM,นาย สมพงษ์ ศิลป์สมบูรณ์,จำหน่าย,หุ้น,10.4544,1.3416,9.1128,25/06/2568,10.4544,1.3416,9.1128,,https://web-r246-api.sec.or.th/api/forms/pdf/publish/685b78538c5095d0a5dbe4c9,246036952506-1
TPS,นาย มงคล ประกิตชัยวัฒนา,จำหน่าย,หุ้น,16.5963,4.0386,12.5577,25/06/2568,16.5963,4.0386,12.5577,,https://web-r246-api.sec.or.th/api/forms/pdf/publish/68611ddc307132252478393f,246037022506-1
XPG,นาย มงคล ประกิตชัยวัฒนา,จำหน่าย,หุ้น,6.0859,5.8877,0.1982,25/06/2568,6.0859,5.8877,0.1982,,https://web-r246-api.sec.or.th/api/forms/pdf/publish/686117d8307132252478393e,246037012506-1
FN,นาย ปรีชา ส่งวัฒนา,ได้มา,หุ้น,0.11,10.0,10.11,23/06/2568,0.11,10.0,10.11,,https://web-r246-api.sec.or.th/api/forms/pdf/publish/685a0f768c5095d0a5dbe4be,246036922506-1
FN,บริษัท คิว แอสเซท จำกัด,จำหน่าย,หุ้น,31.4928,10.0,21.4928,23/06/2568,31.4928,10.0,21.4928,,https://web-r246-api.sec.or.th/api/forms/pdf/publish/685a1b0f8c5095d0a5dbe4bf,246036932506-1
SPA,บริษัท ทีเคไอ เพอร์เพชชวล จำกัด,ได้มา,หุ้น,4.9682,0.0545,5.0228,20/06/2568,4.9682,0.0545,5.0228,,https://web-r246-api.sec.or.th/api/forms/pdf/publish/685d28d1942a252f1e6b433f,246036992506-1
LTS,บริษัท อี เอ็น โกลบอล โฮลดิ้งส์ จำกัด,ได้มา,หุ้น,0.0,13.4115,13.4115,19/06/2568,0.0565,13.4115,13.4605,,https://web-r246-api.sec.or.th/api/forms/pdf/publish/685a241b8c5095d0a5dbe4c3,246036942506-1
SABINA,บริษัท หลักทรัพย์จัดการกองทุนรวมบัวหลวง จำกัด,จำหน่าย,หุ้น,5.1738,0.1816,4.9922,18/06/2568,5.1738,0.1816,4.9922,,https://web-r246-api.sec.or.th/api/forms/pdf/publish/685382d6ba506c22adb236cd,246036862506-1
AWC,นาย ฐาปน สิริวัฒนภักดี,ได้มานิติบุคคลตามมาตรา 258,หุ้น,0.0,74.9696,74.9696,16/06/2568,74.9696,74.9696,74.9696,,https://web-r246-api.sec.or.th/api/forms/pdf/publish/684ff47e2f5b25aef06bc30d,246036802506-1
BJC,นาย ฐาปน สิริวัฒนภักดี,ได้มานิติบุคคลตามมาตรา 258,หุ้น,0.0,74.9993,74.9993,16/06/2568,74.9993,74.9993,74.9993,,https://web-r246-api.sec.or.th/api/forms/pdf/publish/684ff5a62f5b25aef06bc30e,246036812506-1
GULF,นาย สารัชถ์ รัตนาวะดี,ได้มา,หุ้น,29.1911,0.4215,29.6126,16/06/2568,59.9427,0.4215,60.3642,,https://web-r246-api.sec.or.th/api/forms/pdf/publish/685381b9ba506c22adb236cc,246036872506-1
MTW,MS. TZU-LING HUANG,ได้มา,หุ้น,9.9947,0.0054,10.0002,16/06/2568,9.9947,0.0054,10.0002,,https://web-r246-api.sec.or.th/api/forms/pdf/publish/6a9656f73b0bc4357942512a,246043642609-1
PROUD,SAPPHIRE INVESTMENT MANAGEMENT LIMITED,จำหน่าย,หลักทรัพย์แปลงสภาพ,0.6212,0.341,0.2802,16/06/2568,0.6212,0.341,0.2802,,https://web-r246-api.sec.or.th/api/forms/pdf/publish/6850ce8a6f570a5fb45073cf,246036842506-1
TGH,นาย ฐาปน สิริวัฒนภักดี,ได้มานิติบุคคลตามมาตรา 258,หุ้น,0.0,80.8416,80.8416,16/06/2568,80.8416,80.8416,80.8416,,https://web-r246-api.sec.or.th/api/forms/pdf/publish/684ff3632f5b25aef06bc30c,246036792506-1
IMH,บริษัท บีเคไอ โฮลดิ้งส์ จำกัด (มหาชน),ได้มา,หุ้น,0.0,9.7045,9.7045,13/06/2568,0.0,9.7045,9.7045,อื่นๆ,https://web-r246-api.sec.or.th/api/forms/pdf/publish/6863a21cf8037ce812c2fc2b,246037122507-1
PROUD,SAPPHIRE INVESTMENT MANAGEMENT LIMITED,จำหน่าย,หลักทรัพย์แปลงสภาพ,0.7278,0.1065,0.6212,12/06/2568,0.7278,0.1065,0.6212,,https://web-r246-api.sec.or.th/api/forms/pdf/publish/6850cedb6f570a5fb45073d1,246036852506-1
DV8,นางสาว กัญญา ชัยสาธิตพร,ได้มา,หลักทรัพย์แปลงสภาพ,2.2728,18.0913,20.3642,11/06/2568,2.2728,18.0913,20.3642,ฉบับแก้ไข,https://web-r246-api.sec.or.th/api/forms/pdf/publish/684bf9510d21ee53ae3467d3,246036772506-2
DV8,นางสาว กัญญา ชัยสาธิตพร,ได้มา,หลักทรัพย์แปลงสภาพ,2.2728,18.0913,20.3642,11/06/2568,2.2728,18.0913,20.3642,ฉบับแก้ไข,https://web-r246-api.sec.or.th/api/forms/pdf/publish/686641554f3bf658c33c6cf2,246036772506-2
ECF,นาย ณัฐปภัสร์ เกสร์ชัยมงคล,ได้มา,หุ้น,4.3021,7.5433,11.8455,10/06/2568,4.3021,7.5433,11.8455,,https://web-r246-api.sec.or.th/api/forms/pdf/publish/684aa166500945fbc58c0ff0,246036692506-1
ECF,นาย อรุต ธนาสุวรรณดิถี,ได้มา,หุ้น,2.4011,5.3426,7.7438,10/06/2568,2.4011,5.3426,7.7438,,https://web-r246-api.sec.or.th/api/forms/pdf/publish/684a8f58500945fbc58c0fe5,246036652506-1
PROUD,SAPPHIRE INVESTMENT MANAGEMENT LIMITED,จำหน่าย,หลักทรัพย์แปลงสภาพ,1.0153,0.2874,0.7278,10/06/2568,1.0153,0.2874,0.7278,,https://web-r246-api.sec.or.th/api/forms/pdf/publish/684a9dd2500945fbc58c0fed,246036682506-1
TIPCO,COLAS S.A.,ได้มา,หุ้น,0.0,23.9999,23.9999,10/06/2568,0.0,23.9999,23.9999,,https://web-r246-api.sec.or.th/api/forms/pdf/publish/6848967ef2501521125b352c,246036702506-1
TIPCO,นางสาว รวมสิน ทรัพย์สาคร,จำหน่าย,หุ้น,11.397,7.9999,3.397,10/06/2568,11.397,7.9999,3.397,,https://web-r246-api.sec.or.th/api/forms/pdf/publish/684b7c63500945fbc58c0ff2,246036742506-1
TIPCO,นางสาว ลักษณา ทรัพย์สาคร,จำหน่าย,หุ้น,7.9999,7.9999,0.0,10/06/2568,7.9999,7.9999,0.0,,https://web-r246-api.sec.or.th/api/forms/pdf/publish/684b865a500945fbc58c0ff5,246036762506-1
TIPCO,นางสาว ลักษณา ทรัพย์สาคร,จำหน่าย,หุ้น,8.5915,7.9999,0.5915,10/06/2568,8.5915,7.9999,0.5915,ฉบับแก้ไข,https://web-r246-api.sec.or.th/api/forms/pdf/publish/684c11e10d21ee53ae3467d6,246036762506-2
TIPCO,นาย สิทธิลาภ ทรัพย์สาคร,จำหน่าย,หุ้น,10.3609,7.9999,2.3609,10/06/2568,10.3609,7.9999,2.3609,,https://web-r246-api.sec.or.th/api/forms/pdf/publish/684b8140500945fbc58c0ff4,246036752506-1
KGEN,นาย ธนัช ปวรวิปุลยากร,ได้มา,หุ้น,0.0,7.7857,7.7857,09/06/2568,0.0,7.7857,7.7857,จะลดสัดส่วนการถือหุ้น,https://web-r246-api.sec.or.th/api/forms/pdf/publish/6847cf5b870eac8cdcf2a0fb,246036622506-1
KGEN,นาย เอนก ปิ่นวนิชย์กุล,ได้มา,หุ้น,0.8567,4.2696,5.023,09/06/2568,0.8567,4.2696,5.023,จะลดสัดส่วนการถือหุ้น,https://web-r246-api.sec.or.th/api/forms/pdf/publish/6847cf0a870eac8cdcf2a0fa,246036642506-1
PROUD,SAPPHIRE INVESTMENT MANAGEMENT LIMITED,จำหน่าย,หลักทรัพย์แปลงสภาพ,1.8572,0.8419,1.0153,09/06/2568,1.8572,0.8419,1.0153,,https://web-r246-api.sec.or.th/api/forms/pdf/publish/684a9d5d500945fbc58c0feb,246036672506-1
TPL,พิน อิควิตี้ พีทีอี. แอลทีดี.,จำหน่าย,หุ้น,5.7251,1.4332,4.2919,09/06/2568,5.7251,1.4332,4.2919,,https://web-r246-api.sec.or.th/api/forms/pdf/publish/6847be50870eac8cdcf2a0f8,246036632506-1
ASK,บริษัท ไชยลีส แคปปิตอล (ประเทศไทย) จำกัด,ได้มา,หุ้น,1.9186,7.9827,9.4217,06/06/2568,50.4093,20.1054,57.9124,,https://web-r246-api.sec.or.th/api/forms/pdf/publish/6842890da258d207a4181bc0,246036582506-1
PLANB,บริษัท วีจีไอ จำกัด (มหาชน),ได้มา,หุ้น,19.7728,0.7799,20.5528,06/06/2568,19.7728,0.7799,20.5528,,https://web-r246-api.sec.or.th/api/forms/pdf/publish/6842bd23a258d207a4181bc1,246036572506-1
PROUD,SAPPHIRE INVESTMENT MANAGEMENT LIMITED,จำหน่าย,หลักทรัพย์แปลงสภาพ,2.1644,0.3071,1.8572,06/06/2568,2.1644,0.3071,1.8572,,https://web-r246-api.sec.or.th/api/forms/pdf/publish/684a9c8a500945fbc58c0fe9,246036662506-1
SCAP,นาย วิชิต พยุหนาวีชัย,จำหน่าย,หุ้น,5.0226,0.0443,4.9783,06/06/2568,5.0226,0.0443,4.9783,,https://web-r246-api.sec.or.th/api/forms/pdf/publish/6843eeb67e71735e4eb97267,246036592506-1
MBK,บริษัท หลักทรัพย์จัดการกองทุนกรุงศรี จำกัด,จำหน่าย,หุ้น,5.0005,0.003,4.9974,05/06/2568,5.0005,0.003,4.9974,,https://web-r246-api.sec.or.th/api/forms/pdf/publish/6846819af10bed3dcf3351e7,246036602506-1
PCSGH,บริษัท หลักทรัพย์จัดการกองทุนรวมบัวหลวง จำกัด,จำหน่าย,หุ้น,5.0615,0.1311,4.9303,04/06/2568,5.0615,0.1311,4.9303,,https://web-r246-api.sec.or.th/api/forms/pdf/publish/68410f0001618eef7f5a7d7c,246036562506-1
NOBLE,NCROWNE PTE. LTD.,ได้มา,หลักทรัพย์แปลงสภาพ,10.5669,0.4205,10.9875,30/05/2568,10.5669,0.4205,10.9875,,https://web-r246-api.sec.or.th/api/forms/pdf/publish/683d1a923c502d0957731d73,246036512506-1
BM,บริษัท เอ็ม อี ซี ที จำกัด,จำหน่าย,หุ้น,10.0641,9.0023,1.0618,29/05/2568,10.0641,9.0023,1.0618,,https://web-r246-api.sec.or.th/api/forms/pdf/publish/683952955423e4f82c2b0c4e,246036492505-1
BM,บริษัท เอ็ม อี ซี ที จำกัด,จำหน่าย,หุ้น,10.0641,1.0618,9.0023,29/05/2568,10.0641,1.0618,9.0023,ฉบับแก้ไข,https://web-r246-api.sec.or.th/api/forms/pdf/publish/689eab7d451b07842a4d9845,246036492505-2
HYDRO,นาง พิมพ์ลดา พิพัฒน์ปากรณ์,จำหน่าย,หุ้น,24.7267,22.5473,2.1794,29/05/2568,24.7267,22.5473,2.1794,,https://web-r246-api.sec.or.th/api/forms/pdf/publish/6916df99db5b2eada674c1c0,246039242511-1
HYDRO,นางสาว รินทร์ลิตา ปัญจทัศนาสิทธิ์,ได้มา,หุ้น,0.0,18.1405,18.1405,29/05/2568,0.0,18.1405,18.1405,,https://web-r246-api.sec.or.th/api/forms/pdf/publish/68538437ba506c22adb236ce,246036882506-1
HYDRO,นาย โชคชัย รุ่งเจริญชัย,จำหน่าย,หุ้น,12.1328,6.1813,5.9514,29/05/2568,12.1328,6.1813,5.9514,,https://web-r246-api.sec.or.th/api/forms/pdf/publish/691ffbaa2e4bbb484c015c66,246039372511-1
HYDRO,นาย ปรมัตถ ประยูรโต,ได้มา,หุ้น,0.0,12.8851,12.8851,29/05/2568,0.0,12.8851,12.8851,,https://web-r246-api.sec.or.th/api/forms/pdf/publish/685509bfdc0613d34359e760,246036892506-1
TRC,พีเอส แคปปิตอล โฮลดิ้งส์,ได้มา,หุ้น,0.0,10.2207,10.2207,29/05/2568,0.0,10.2207,10.2207,,https://web-r246-api.sec.or.th/api/forms/pdf/publish/6aab4c7a5669891379e0e85b,246043942609-1
AWC,ออเนอร์ ฮาร์โมนี โฮลดิ้ง กรุ๊ป พีทีอี,ได้มานิติบุคคลตามมาตรา 258,หุ้น,0.0,74.9696,74.9696,28/05/2568,74.9696,74.9696,74.9696,,https://web-r246-api.sec.or.th/api/forms/pdf/publish/68359e9c011459b3409fc769,246036432505-1
BJC,ออเนอร์ ฮาร์โมนี โฮลดิ้ง กรุ๊ป พีทีอี,ได้มานิติบุคคลตามมาตรา 258,หุ้น,0.0,74.9993,74.9993,28/05/2568,74.9993,74.9993,74.9993,,https://web-r246-api.sec.or.th/api/forms/pdf/publish/68359eb3011459b3409fc76a,246036452505-1
GLOCON,บริษัท ไทรทัน โฮลดิ้ง จำกัด (มหาชน),ได้มา,หลักทรัพย์แปลงสภาพ,0.0,10.128,10.128,28/05/2568,0.0,10.128,10.128,,https://web-r246-api.sec.or.th/api/forms/pdf/publish/68368c06162fec9d5181e35a,246036362505-1
NOBLE,NCROWNE PTE. LTD.,ได้มา,หลักทรัพย์แปลงสภาพ,9.527,1.0399,10.5669,28/05/2568,9.527,1.0399,10.5669,,https://web-r246-api.sec.or.th/api/forms/pdf/publish/683d176a3c502d0957731d71,246036502506-1
TGH,ออเนอร์ ฮาร์โมนี โฮลดิ้ง กรุ๊ป พีทีอี,ได้มานิติบุคคลตามมาตรา 258,หุ้น,0.0,80.8416,80.8416,28/05/2568,80.8416,80.8416,80.8416,,https://web-r246-api.sec.or.th/api/forms/pdf/publish/6835fccb011459b3409fc76c,246036442505-1
TPL,เค เอช เอส อาร์ อินเวสเม้นท์ พีทีอี. แอลที่ดี.,ได้มา,หุ้น,0.0,7.0072,7.0072,28/05/2568,0.0,7.0072,7.0072,,https://web-r246-api.sec.or.th/api/forms/pdf/publish/6840458d1c04d1075a171b78,246036552506-1
TPL,นาง ประจิตรา วรนาวิน,จำหน่าย,หุ้น,6.2846,6.2846,0.0,28/05/2568,6.2846,6.2846,0.0,,https://web-r246-api.sec.or.th/api/forms/pdf/publish/683fb74f1c04d1075a171b73,246036532506-1
TPL,นาง วัสสา จีนะวิจารณะ,จำหน่าย,หุ้น,27.05,27.05,0.0,28/05/2568,27.05,27.05,0.0,,https://web-r246-api.sec.or.th/api/forms/pdf/publish/6837c56c4c199af000e1041f,246036462505-1
TPL,นาย วรพจน์ อำนวยพล,ได้มา,หุ้น,0.0,21.3248,21.3248,28/05/2568,0.0,21.3248,21.3248,,https://web-r246-api.sec.or.th/api/forms/pdf/publish/6836f34b4c199af000e10418,246036482505-1
TPL,นาย อิชย์ศีล สุวรรณวงศ์,ได้มา,หุ้น,0.0477,6.2846,6.3323,28/05/2568,0.0477,6.2846,6.3323,,https://web-r246-api.sec.or.th/api/forms/pdf/publish/683f1b021c04d1075a171b72,246036522506-1
TPL,พิน อิควิตี้ พีทีอี. แอลทีดี.,ได้มา,หุ้น,0.0,5.7251,5.7251,28/05/2568,0.0,5.7251,5.7251,,https://web-r246-api.sec.or.th/api/forms/pdf/publish/68401c391c04d1075a171b76,246036542506-1
AWC,ออเนอร์ ฮาร์โมนี โฮลดิ้ง กรุ๊ป พีทีอี,ได้มานิติบุคคลตามมาตรา 258,หุ้น,0.0,74.9696,74.9696,27/05/2568,74.9696,74.9696,74.9696,,https://web-r246-api.sec.or.th/api/forms/pdf/publish/68359cc0011459b3409fc768,246036422505-1
BJC,ออเนอร์ ฮาร์โมนี โฮลดิ้ง กรุ๊ป พีทีอี,ได้มานิติบุคคลตามมาตรา 258,หุ้น,0.0,74.9993,74.9993,27/05/2568,74.9993,74.9993,74.9993,,https://web-r246-api.sec.or.th/api/forms/pdf/publish/68359caf011459b3409fc767,246036412505-1
GLOCON,หลุยส์ เตชะอุบล,ได้มา,หลักทรัพย์แปลงสภาพ,0.0,12.3906,12.3906,27/05/2568,0.0,12.3906,12.3906,,https://web-r246-api.sec.or.th/api/forms/pdf/publish/6837e4ba4c199af000e10420,246036472505-1
GLOCON,นาย ภสุ วชิรพงศ์,ได้มา,หลักทรัพย์แปลงสภาพ,0.0,10.2357,10.2357,27/05/2568,0.0,10.2357,10.2357,จะลดสัดส่วนการถือหุ้น,https://web-r246-api.sec.or.th/api/forms/pdf/publish/68369ca3162fec9d5181e35c,246036372505-1
TGH,ออเนอร์ ฮาร์โมนี โฮลดิ้ง กรุ๊ป พีทีอี,ได้มานิติบุคคลตามมาตรา 258,หุ้น,0.0,80.8416,80.8416,27/05/2568,80.8416,80.8416,80.8416,,https://web-r246-api.sec.or.th/api/forms/pdf/publish/68359002011459b3409fc75f,246036402505-1
AWC,นาย เจริญ สิริวัฒนภักดี,สิ้นสุดนิติบุคคลตามมาตรา 258,หุ้น,0.0,74.9696,-74.9696,26/05/2568,0.0,74.9696,0.0,,https://web-r246-api.sec.or.th/api/forms/pdf/publish/682ed2efa020ca1ec71032e7,246036272505-1
BJC,นาย เจริญ สิริวัฒนภักดี,สิ้นสุดนิติบุคคลตามมาตรา 258,หุ้น,0.0,74.9993,-74.9993,26/05/2568,0.0,74.9993,0.0,,https://web-r246-api.sec.or.th/api/forms/pdf/publish/682ea778a020ca1ec71032e0,246036282505-1
CMC,นาย วิเชียร แพทยานันท์,ได้มา,หุ้น,4.9907,0.0293,5.02,26/05/2568,4.9907,0.0293,5.02,,https://web-r246-api.sec.or.th/api/forms/pdf/publish/6835268a3c7a8c7381d287a4,246036342505-1
CMC,นาย วิเชียร แพทยานันท์,ได้มา,หุ้น,4.9881,0.0293,5.0174,26/05/2568,4.9881,0.0293,5.0174,ฉบับแก้ไข,https://web-r246-api.sec.or.th/api/forms/pdf/publish/6846b3a5ff0955779e9b8bb7,246036342505-2
TGH,นาย เจริญ สิริวัฒนภักดี,สิ้นสุดนิติบุคคลตามมาตรา 258,หุ้น,0.0,80.8416,-80.8416,26/05/2568,0.0,80.8416,0.0,,https://web-r246-api.sec.or.th/api/forms/pdf/publish/682ed4b6a020ca1ec71032e8,246036262505-1
BM,บริษัท เอ็ม อี ซี ที จำกัด,ได้มา,หุ้น,8.981,1.1658,10.1469,23/05/2568,8.981,1.1658,10.1469,,https://web-r246-api.sec.or.th/api/forms/pdf/publish/68352fcb3c7a8c7381d287a5,246036292505-1
BM,บริษัท เอ็ม อี ซี ที โฮลดิ้ง จำกัด,จำหน่าย,หุ้น,5.019,1.1662,3.8527,23/05/2568,5.019,1.1662,3.8527,,https://web-r246-api.sec.or.th/api/forms/pdf/publish/683409aa3c7a8c7381d2879c,246036242505-1
MEGA,อเบอร์ดีน เอเชีย ลิมิเต็ด,จำหน่าย,หุ้น,2.3372,0.0324,2.3048,23/05/2568,5.0037,0.0324,4.9713,,https://web-r246-api.sec.or.th/api/forms/pdf/publish/683437b93c7a8c7381d287a0,246036302505-1
NCL,นาง ปราณี วิชัยกุล,ได้มา,หุ้น,0.0,11.1067,11.1067,23/05/2568,0.0,11.1067,11.1067,,https://web-r246-api.sec.or.th/api/forms/pdf/publish/6833e0623a41b92f57ff4372,246036232505-1
HYDRO,นางสาว ณุวภา วิทูรชวลิตวงษ์,จำหน่าย,หุ้น,24.5798,22.5473,2.0325,22/05/2568,24.5798,22.5473,2.0325,,https://web-r246-api.sec.or.th/api/forms/pdf/publish/6915abf72d14c54db2c5f691,246039232511-1
HYDRO,นางสาว สิดาพัณณ์ สมบัติธีระ,ได้มา,หุ้น,0.0,21.5008,21.5008,22/05/2568,0.0,21.5008,21.5008,,https://web-r246-api.sec.or.th/api/forms/pdf/publish/685535a7dc0613d34359e765,246036912506-1
HYDRO,นางสาว สุกัลยา ผาลี,จำหน่าย,หุ้น,23.3387,21.5008,1.8379,22/05/2568,23.3387,21.5008,1.8379,,https://web-r246-api.sec.or.th/api/forms/pdf/publish/6916f488db5b2eada674c1c2,246039252511-1
KBANK,บริษัท กัลฟ์ ดีเวลลอปเมนท์ จำกัด (มหาชน),จำหน่าย,หุ้น,5.012,0.386,4.626,22/05/2568,5.0172,0.386,4.6312,,https://web-r246-api.sec.or.th/api/forms/pdf/publish/6834079f3c7a8c7381d2879b,246036312505-1
MILL,นางสาว พรนที สมพงษ์ชัยกุล,ได้มา,หุ้น,4.9763,0.3784,5.3548,21/05/2568,4.9763,0.3784,5.3548,,https://web-r246-api.sec.or.th/api/forms/pdf/publish/682f2085a020ca1ec71032ed,246036192505-1
SAFARI,นาง หทัยรัตน์ จุฬางกูร,ได้มา,หุ้น,4.4618,0.8908,5.3527,21/05/2568,4.4618,0.8908,5.3527,,https://web-r246-api.sec.or.th/api/forms/pdf/publish/6830342781031279f0588e0a,246036202505-1
AMANAH,นาย ภานุรังษี ศรีวรัฏฐา,จำหน่าย,หุ้น,5.0037,0.0329,4.9707,20/05/2568,5.0037,0.0329,4.9707,,https://web-r246-api.sec.or.th/api/forms/pdf/publish/683047d981031279f0588e0b,246036222505-1
UMS,บริษัท อะธีน โฮลดิ้งส์ จำกัด,จำหน่าย,หุ้น,97.9118,4.9406,92.9712,20/05/2568,97.9118,4.9406,92.9712,,https://web-r246-api.sec.or.th/api/forms/pdf/publish/682d8d4f0d2c8a887dd09c97,246036142505-1
ZAA,นาย ขันเงิน เนื้อนวล,จำหน่าย,หุ้น,89.0018,4.2303,84.7715,20/05/2568,89.0018,4.2303,84.7715,,https://web-r246-api.sec.or.th/api/forms/pdf/publish/68357dce011459b3409fc75c,246036332505-1
ANI,นาย Thomas Tay Nguen Cheong,จำหน่าย,หุ้น,33.2825,4.5995,28.6829,19/05/2568,33.2825,4.5995,28.6829,,https://web-r246-api.sec.or.th/api/forms/pdf/publish/682ae55bd67068d725aeeb48,246036102505-1
NOBLE,NCROWNE PTE. LTD.,ได้มา,หลักทรัพย์แปลงสภาพ,0.0,9.527,9.527,19/05/2568,0.0,9.527,9.527,,https://web-r246-api.sec.or.th/api/forms/pdf/publish/682d8ee20d2c8a887dd09c98,246036162505-1
NOBLE,นาง นุ่น ทวีศรี,ได้มา,หลักทรัพย์แปลงสภาพ,0.0,0.0561,0.0561,19/05/2568,0.0,10.103,10.103,อื่นๆ,https://web-r246-api.sec.or.th/api/forms/pdf/publish/682e85e3925985f615cc0a32,246036172505-1
NOBLE,นาย ธงชัย บุศราพันธ์,ได้มา,หลักทรัพย์แปลงสภาพ,0.0,10.0468,10.0468,19/05/2568,0.0,10.103,10.103,อื่นๆ,https://web-r246-api.sec.or.th/api/forms/pdf/publish/682dbfa10d2c8a887dd09c9f,246036152505-1
NWR,นาย BING CHEN,ได้มา,หุ้น,3.9451,6.7298,10.6749,19/05/2568,3.9451,6.7298,10.6749,,https://web-r246-api.sec.or.th/api/forms/pdf/publish/682c79cadf6769116baf258d,246041202603-1
PRG,บริษัท ทุนธนชาต จำกัด (มหาชน),ได้มา,หุ้น,19.7851,5.0116,24.7967,19/05/2568,19.7851,5.0116,24.7967,,https://web-r246-api.sec.or.th/api/forms/pdf/publish/68107f6f210d3529b27b3dca,246036112505-1
PRG,บริษัท เอ็ม บี เค จำกัด (มหาชน),จำหน่าย,หุ้น,74.7974,17.9212,56.8761,19/05/2568,74.7974,17.9212,56.8761,,https://web-r246-api.sec.or.th/api/forms/pdf/publish/682c1d50df6769116baf2588,246036122505-1
XBIO,นาย ชัยวัฒน์ พิทักษ์รักธรรม,จำหน่าย,หุ้น,7.1543,2.1564,4.9978,19/05/2568,7.1543,2.1564,4.9978,,https://web-r246-api.sec.or.th/api/forms/pdf/publish/683030d081031279f0588e09,246036212505-1
GRAMMY,นาง หทัยรัตน์ จุฬางกูร,ได้มา,หุ้น,13.1502,11.5321,24.6824,16/05/2568,13.1502,11.5321,24.6824,,https://web-r246-api.sec.or.th/api/forms/pdf/publish/682a89d9d67068d725aeeb3f,246036052505-1
GRAMMY,นาย ทวีฉัตร จุฬางกูร,จำหน่าย,หุ้น,16.4321,11.5321,4.9,16/05/2568,16.4321,11.5321,4.9,,https://web-r246-api.sec.or.th/api/forms/pdf/publish/682a8e97d67068d725aeeb40,246036062505-1
IVL,บริษัท อินโดรามา รีซอสเซส จำกัด,ได้มา,หุ้น,64.9282,0.1026,65.0308,16/05/2568,64.946,0.1026,65.0486,,https://web-r246-api.sec.or.th/api/forms/pdf/publish/682ae0f9d67068d725aeeb47,246036092505-1
AJ,นาย สมพงษ์ ชลคดีดำรงกุล,จำหน่าย,หุ้น,3.8203,0.2777,3.5425,15/05/2568,5.024,0.2777,4.7462,,https://web-r246-api.sec.or.th/api/forms/pdf/publish/6826bd362d04af875ff59b78,246036022505-1
ETL,นางสาว SHERLYN CHIA,ได้มา,หุ้น,0.0,11.0558,11.0558,15/05/2568,0.0,11.0558,11.0558,,https://web-r246-api.sec.or.th/api/forms/pdf/publish/6828d68c8578b9e8c1c6612e,246036082505-1
ETL,นาย YIK CHIEH LEE,จำหน่าย,หุ้น,12.9862,11.0558,1.9303,15/05/2568,12.9862,11.0558,1.9303,,https://web-r246-api.sec.or.th/api/forms/pdf/publish/682753362d04af875ff59b80,246036072505-1
GLOCON,บริษัท ไทรทัน โฮลดิ้ง จำกัด (มหาชน),ได้มา,หุ้น,16.6314,5.591,22.2225,14/05/2568,16.6314,5.591,22.2225,,https://web-r246-api.sec.or.th/api/forms/pdf/publish/68243f5d1d4a1b7e1b619234,246036042505-1
PROUD,SAPPHIRE INVESTMENT MANAGEMENT LIMITED,ได้มา,หลักทรัพย์แปลงสภาพ,0.0,2.1644,2.1644,14/05/2568,0.0,2.1644,2.1644,,https://web-r246-api.sec.or.th/api/forms/pdf/publish/683438013c7a8c7381d287a1,246036252505-1
AUCT,BOX HOLDINGS LP,จำหน่าย,หุ้น,5.0,0.1454,4.8545,13/05/2568,5.0,0.1454,4.8545,,https://web-r246-api.sec.or.th/api/forms/pdf/publish/681e1d5ef878cae25910f67a,246035972505-1
KBANK,บริษัท กัลฟ์ ดีเวลลอปเมนท์ จำกัด (มหาชน),ได้มา,หุ้น,4.7024,0.5279,5.2304,13/05/2568,4.7076,0.5279,5.2356,,https://web-r246-api.sec.or.th/api/forms/pdf/publish/6826e4a12d04af875ff59b7c,246036032505-1
GRAMMY,นาง หทัยรัตน์ จุฬางกูร,ได้มา,หุ้น,8.1566,4.9935,13.1502,09/05/2568,8.1566,4.9935,13.1502,,https://web-r246-api.sec.or.th/api/forms/pdf/publish/6822ab62c041bb2963013d7c,246035892505-1
GRAMMY,นาย ณัฐพล จุฬางกูร,จำหน่าย,หุ้น,9.8936,4.9935,4.9,09/05/2568,9.8936,4.9935,4.9,,https://web-r246-api.sec.or.th/api/forms/pdf/publish/6823017cc041bb2963013d83,246035932505-1
MC,บริษัท หลักทรัพย์จัดการกองทุนรวมบัวหลวง จำกัด,จำหน่าย,หุ้น,5.0566,0.1124,4.9442,09/05/2568,5.0566,0.1124,4.9442,,https://web-r246-api.sec.or.th/api/forms/pdf/publish/6822f862c041bb2963013d80,246035922505-1
SRICHA,นาง สุดจินดา เศรษฐกูลวิชัย,ได้มา,หุ้น,2.2198,6.4518,8.6716,08/05/2568,2.2198,6.4518,8.6716,,https://web-r246-api.sec.or.th/api/forms/pdf/publish/682460381d4a1b7e1b619239,246035992505-1
SRICHA,นาย คนธีร์ เขมาภิรัตน์,ได้มา,หุ้น,2.2198,6.4517,8.6716,08/05/2568,2.2198,6.4517,8.6716,,https://web-r246-api.sec.or.th/api/forms/pdf/publish/682456bb1d4a1b7e1b619236,246035982505-1
UTP,บริษัท หลักทรัพย์จัดการกองทุนกรุงศรี จำกัด,จำหน่าย,หุ้น,5.0033,0.0042,4.999,08/05/2568,5.0033,0.0042,4.999,,https://web-r246-api.sec.or.th/api/forms/pdf/publish/682daa150d2c8a887dd09c99,246036182505-1
EE,นางสาว สุกัญญา ทิพย์มณี,ได้มา,หุ้น,0.0,8.2844,8.2844,07/05/2568,0.0,8.2844,8.2844,,https://web-r246-api.sec.or.th/api/forms/pdf/publish/6822f34fc041bb2963013d7f,246035912505-1
EE,นาย จักรวิตร ภัทรจินดา,ได้มา,หุ้น,0.0,9.0798,9.0798,07/05/2568,0.0,9.0798,9.0798,,https://web-r246-api.sec.or.th/api/forms/pdf/publish/68230c9dc041bb2963013d88,246035952505-1
EE,นาย ไพบูลย์ ทรงเพ็ชรมงคล,ได้มา,หุ้น,0.0,12.8096,12.8096,07/05/2568,0.0,12.8096,12.8096,,https://web-r246-api.sec.or.th/api/forms/pdf/publish/68230b66c041bb2963013d85,246035942505-1
SONIC,นาง สุภาพร สุรพันธ์วรเวช,จำหน่าย,หุ้น,5.3039,0.5256,4.7782,07/05/2568,5.3039,0.5256,4.7782,,https://web-r246-api.sec.or.th/api/forms/pdf/publish/6819db896952fba50141b91d,246035842505-1
SORKON,นาง นิรมล รุจิราโสภณ,จำหน่าย,หุ้น,14.7311,2.7854,11.9457,07/05/2568,46.1624,2.7854,43.377,ผู้รายงานแจ้งยกเลิก,https://web-r246-api.sec.or.th/api/forms/pdf/publish/681c55979941b8a31efeb737,246035832505-1
SORKON,นาง นิรมล รุจิราโสภณ,จำหน่าย,หุ้น,14.7311,2.7854,11.9457,07/05/2568,46.1624,2.7854,43.377,,https://web-r246-api.sec.or.th/api/forms/pdf/publish/681dc657f878cae25910f676,246035872505-1
SORKON,นาย จรัญพจน์ รุจิราโสภณ,ได้มา,หุ้น,4.6815,1.3927,6.0742,07/05/2568,4.6815,1.3927,6.0742,,https://web-r246-api.sec.or.th/api/forms/pdf/publish/681da72cf878cae25910f675,246035862505-1
SORKON,นาย จรัสภล รุจิราโสภณ,ได้มา,หุ้น,4.5359,1.3927,5.9286,07/05/2568,4.5359,1.3927,5.9286,,https://web-r246-api.sec.or.th/api/forms/pdf/publish/681d7b45f878cae25910f673,246035852505-1
SRICHA,นาย บัลลังก์ เขมาภิรัตน์,ได้มา,หุ้น,2.2184,6.4517,8.6702,07/05/2568,2.2184,6.4517,8.6702,,https://web-r246-api.sec.or.th/api/forms/pdf/publish/68231edfc041bb2963013d8d,246035962505-1
F&D,นางสาว ไวฮุย ลี,จำหน่าย,หุ้น,11.5218,11.5218,0.0,02/05/2568,11.5218,11.5218,0.0,,https://web-r246-api.sec.or.th/api/forms/pdf/publish/6819c65c6952fba50141b91a,246035772505-1
F&D,นาย เกษม ดีไมตรี,จำหน่าย,หุ้น,18.7377,18.7377,0.0,02/05/2568,18.7377,18.7377,0.0,,https://web-r246-api.sec.or.th/api/forms/pdf/publish/6819cbb36952fba50141b91c,246035782505-1
F&D,นาย จาง จื้อ ห่าว,ได้มา,หุ้น,0.0,61.9079,61.9079,02/05/2568,0.0,61.9079,61.9079,จะทำคำเสนอซื้อ,https://web-r246-api.sec.or.th/api/forms/pdf/publish/681af96d6952fba50141b91f,246035802505-1
F&D,นาย วรวิช ดีไมตรี,จำหน่าย,หุ้น,5.1957,5.1957,0.0,02/05/2568,5.1957,5.1957,0.0,,https://web-r246-api.sec.or.th/api/forms/pdf/publish/6818a070766e56159e9c29b7,246035762505-1
F&D,นาย หวยซิน ลี,จำหน่าย,หุ้น,8.4279,8.4279,0.0,02/05/2568,8.4279,8.4279,0.0,,https://web-r246-api.sec.or.th/api/forms/pdf/publish/681b239c6952fba50141b925,246035822505-1
PRIME,นางสาว ภริษา ฉายาวสันต์,จำหน่าย,หุ้น,6.7642,5.8996,0.8646,30/04/2568,6.7642,5.8996,0.8646,,https://web-r246-api.sec.or.th/api/forms/pdf/publish/6819e59b6952fba50141b91e,246035792505-1
SISB,นาย ประยงค์ วนิชสุวรรณ,จำหน่าย,หุ้น,5.05,0.0606,4.9893,30/04/2568,5.05,0.0606,4.9893,,https://web-r246-api.sec.or.th/api/forms/pdf/publish/6811b3460c70b1ea94f7feae,246035742504-1
MTW,นาย HUANG WENJUNG,ได้มา,หุ้น,6.9797,3.4494,10.4292,29/04/2568,6.9797,3.4494,10.4292,,https://web-r246-api.sec.or.th/api/forms/pdf/publish/6a8fabeb3b0bc43579425112,246043562608-1
BKA,นางสาว จรินทร์ อุณหะกะ,จำหน่าย,หุ้น,5.1785,1.2232,3.9552,28/04/2568,5.1785,1.2232,3.9552,,https://web-r246-api.sec.or.th/api/forms/pdf/publish/6892d90ee65d8b7bafd18fd0,246037762508-1
BVG,นาย สมพงษ์ ชลคดีดำรงกุล,ได้มา,หุ้น,4.9898,0.0152,5.005,25/04/2568,4.9898,0.0152,5.005,,https://web-r246-api.sec.or.th/api/forms/pdf/publish/680ef7ddad4c133eea21cb4e,246035722504-1
NTSC,นาย พงศ์ศักดิ์ ธรรมธัชอารี,จำหน่าย,หุ้น,5.0018,0.0032,4.9986,23/04/2568,5.0018,0.0032,4.9986,,https://web-r246-api.sec.or.th/api/forms/pdf/publish/680b4219726121b6b267cacb,246035712504-1
STX,นาย กฤตนันท์ ปิงคลาศัย,ได้มานิติบุคคลตามมาตรา 258,หุ้น,0.0227,26.0698,26.0926,23/04/2568,26.0926,26.0698,26.0926,จะลดสัดส่วนการถือหุ้น,https://web-r246-api.sec.or.th/api/forms/pdf/publish/6808b9b70c228fa01cd5b44b,246035672504-1
STX,นาย ณัฐกุล ปิงคลาศัย,ได้มานิติบุคคลตามมาตรา 258,หุ้น,0.0,26.0698,26.0698,23/04/2568,26.0698,26.0698,26.0698,จะลดสัดส่วนการถือหุ้น,https://web-r246-api.sec.or.th/api/forms/pdf/publish/6808ba900c228fa01cd5b44c,246035682504-1
TNL,บริษัท ไอ.ซี.ซี. อินเตอร์เนชั่นแนล จำกัด (มหาชน),จำหน่าย,หุ้น,6.2817,1.292,4.9896,21/04/2568,6.2817,1.292,4.9896,,https://web-r246-api.sec.or.th/api/forms/pdf/publish/680707061b1ff4f2cd3b06e7,246035582504-1
TWZ,นายแพทย์ นันทิศักดิ์ ปิยนันทิศักดิ์,ได้มา,หุ้น,4.9519,0.083,5.035,18/04/2568,4.9519,0.083,5.035,,https://web-r246-api.sec.or.th/api/forms/pdf/publish/6805f7267c02f4bda83ad1c1,246035592504-1
HUMAN,"KAYNE ANDERSON RUDNICK INVESTMENT MANAGEMENT, LLC",จำหน่าย,หุ้น,5.0061,0.0106,4.9954,16/04/2568,5.0061,0.0106,4.9954,,https://web-r246-api.sec.or.th/api/forms/pdf/publish/6801202c96799ca530e2b958,246035562504-1
CHAO,บริษัท เถ้าแก่น้อย ฟู๊ดแอนด์มาร์เก็ตติ้ง จำกัด (มหาชน),ได้มา,หุ้น,4.7036,0.059,4.7626,11/04/2568,4.9541,0.059,5.0131,,https://web-r246-api.sec.or.th/api/forms/pdf/publish/67ff2cb8b67a42d37688e792,246035482504-1
DPAINT,บริษัท หลักทรัพย์จัดการกองทุนรวมบัวหลวง จำกัด,จำหน่าย,หุ้น,5.0936,0.1086,4.9849,11/04/2568,5.0936,0.1086,4.9849,,https://web-r246-api.sec.or.th/api/forms/pdf/publish/6800757a96799ca530e2b950,246035532504-1
PRINC,"นางสาว อริสา วิทยากร, นาย สาธิต วิทยากร, นางสาว สาธิตา วิทยากร, พีค ดีเวลลอปเมนท์ โฮลดิ้งส์ แอลทีดี",เริ่มต้น Concert Party,หุ้น,73.1767,0.0,73.1767,11/04/2568,73.1767,0.0,73.1767,,https://web-r246-api.sec.or.th/api/forms/pdf/publish/68006c5a96799ca530e2b94f,246035522504-1
PRINC,บรรษัทการเงินระหว่างประเทศ,จำหน่าย,หุ้น,5.8355,5.8355,0.0,11/04/2568,5.8355,5.8355,0.0,,https://web-r246-api.sec.or.th/api/forms/pdf/publish/695bc908cc5c35a5641629fa,246040092601-1
RJH,บริษัท หลักทรัพย์จัดการกองทุนรวมบัวหลวง จำกัด,จำหน่าย,หุ้น,5.0391,0.0401,4.9989,11/04/2568,5.0391,0.0401,4.9989,,https://web-r246-api.sec.or.th/api/forms/pdf/publish/6800765a96799ca530e2b952,246035542504-1
TMC,นาย ณัฏฐ์พงษ์ ปัญจวรญาณ,ได้มา,หุ้น,14.9964,0.6847,15.6812,11/04/2568,14.9964,0.6847,15.6812,,https://web-r246-api.sec.or.th/api/forms/pdf/publish/67ff2bebb67a42d37688e791,246035492504-1
PLANET,นางสาว เกตุกานต์ โตการัณยเศรษฐ์,ได้มา,หุ้น,4.8216,0.305,5.1266,10/04/2568,4.8216,0.305,5.1266,,https://web-r246-api.sec.or.th/api/forms/pdf/publish/6800c64a96799ca530e2b955,246035552504-1
SFLEX,บริษัท บีทีเอส กรุ๊ป โฮลดิ้งส์ จำกัด (มหาชน),จำหน่าย,หุ้น,5.0686,0.0822,4.9863,10/04/2568,5.0686,0.0822,4.9863,,https://web-r246-api.sec.or.th/api/forms/pdf/publish/67ff572fb67a42d37688e796,246035502504-1
SKY,บริษัท หลักทรัพย์จัดการกองทุนรวมบัวหลวง จำกัด,จำหน่าย,หุ้น,5.043,0.1319,4.911,10/04/2568,5.043,0.1319,4.911,,https://web-r246-api.sec.or.th/api/forms/pdf/publish/67ff1002b67a42d37688e78f,246035472504-1
TRU,นาย พัฒนศรณ์ เผอิญโชค,ได้มา,หุ้น,4.9925,0.0414,5.0339,10/04/2568,4.9925,0.0414,5.0339,,https://web-r246-api.sec.or.th/api/forms/pdf/publish/67f8b1a41014d3a2c419b6dc,246035452504-1
BCP,บริษัท อัลฟ่า ชาร์เตอร์ด เอนเนอร์จี จำกัด,ได้มา,หุ้น,13.8748,6.1335,20.0083,09/04/2568,13.8748,6.1335,20.0083,,https://web-r246-api.sec.or.th/api/forms/pdf/publish/67f5e297e772ef4c7d3560a5,246035442504-1
GLOCON,บริษัท ไทรทัน โฮลดิ้ง จำกัด (มหาชน),ได้มา,หุ้น,14.6692,0.4482,15.1174,08/04/2568,14.6692,0.4482,15.1174,,https://web-r246-api.sec.or.th/api/forms/pdf/publish/680f30b2ad4c133eea21cb4f,246035732504-1
HYDRO,นาย โชคชัย รุ่งเจริญชัย,จำหน่าย,หุ้น,15.8555,3.7227,12.1328,08/04/2568,15.8555,3.7227,12.1328,,https://web-r246-api.sec.or.th/api/forms/pdf/publish/691ff8b62e4bbb484c015c65,246039362511-1
CHAO,ซาการ์ แคปิตอล พีทีอี. แอลทีดี.,จำหน่าย,หุ้น,9.497,9.497,0.0,04/04/2568,9.497,9.497,0.0,,https://web-r246-api.sec.or.th/api/forms/pdf/publish/6875d0bd6a023f74b18588d0,246037522507-1
CHAO,โมริน่า กรุ๊ป ลิมิเต็ด,ได้มา,หุ้น,0.1966,5.1366,5.3333,04/04/2568,0.1966,5.1366,5.3333,,https://web-r246-api.sec.or.th/api/forms/pdf/publish/6878743293248c5ef7d27313,246037532507-1
EASON,นาย ณัฐพล เอกแสงกุล,ได้มา,หุ้น,1.1292,0.0452,1.1744,04/04/2568,44.9689,0.0452,45.0142,,https://web-r246-api.sec.or.th/api/forms/pdf/publish/67f5d296e772ef4c7d3560a4,246035432504-1
SAM,นาย วรุณชัย ลีกาญจนากร,ได้มา,หุ้น,14.9841,0.0396,15.0238,02/04/2568,14.9841,0.0396,15.0238,,https://web-r246-api.sec.or.th/api/forms/pdf/publish/6a9530703b0bc43579425127,246043622608-1
SAM,นาย วรุณชัย ลีกาญจนากร,ได้มา,หุ้น,14.9841,0.0396,15.0238,02/04/2568,14.9841,0.0396,15.0238,ฉบับแก้ไข,https://web-r246-api.sec.or.th/api/forms/pdf/publish/6a991c2b3b0bc43579425132,246043622608-2
ADVANC,บริษัท กัลฟ์ ดีเวลลอปเมนท์ จำกัด (มหาชน),ได้มา,หุ้น,0.0,40.438,40.438,01/04/2568,0.0,40.438,40.438,ได้รับการผ่อนผัน,https://web-r246-api.sec.or.th/api/forms/pdf/publish/6964a89630554da3345de257,246040272601-1
BEM,บริษัท ช.การช่าง จำกัด (มหาชน),ได้มา,หุ้น,39.1678,0.0734,39.2413,01/04/2568,39.9667,0.0734,40.0402,,https://web-r246-api.sec.or.th/api/forms/pdf/publish/67eb808e345a820878c81c93,246035422504-1
THCOM,บริษัท กัลฟ์ ดีเวลลอปเมนท์ จำกัด (มหาชน),ได้มานิติบุคคลตามมาตรา 258,หุ้น,0.0,41.2347,41.2347,01/04/2568,41.2347,41.2347,41.2347,ได้รับการผ่อนผัน,https://web-r246-api.sec.or.th/api/forms/pdf/publish/6964de6130554da3345de26a,246040282601-1
BCP,บริษัท อัลฟ่า ชาร์เตอร์ด เอนเนอร์จี จำกัด,ได้มา,หุ้น,8.5463,3.1505,11.6969,31/03/2568,8.5463,3.1505,11.6969,,https://web-r246-api.sec.or.th/api/forms/pdf/publish/67ebaeb7345a820878c81c9b,246035392504-1
DRT,บริษัท หลักทรัพย์จัดการกองทุนรวมบัวหลวง จำกัด,จำหน่าย,หุ้น,10.0007,2.6001,7.4006,31/03/2568,10.0007,2.6001,7.4006,,https://web-r246-api.sec.or.th/api/forms/pdf/publish/67ee159e4550e8c5a02ed9b9,246035382504-1
SPALI,นาย ประทีป ตั้งมติธรรม,ได้มา,หุ้น,33.5454,0.4362,33.9816,31/03/2568,39.8398,0.4362,40.2761,,https://web-r246-api.sec.or.th/api/forms/pdf/publish/67eb96a7345a820878c81c98,246035402504-1
XPG,นางสาว รวิพรรณ จารุทวี,ได้มา,หุ้น,5.2234,2.57,7.7934,27/03/2568,7.58,2.57,10.1501,,https://web-r246-api.sec.or.th/api/forms/pdf/publish/67eba843345a820878c81c99,246035372504-1
BTC,เอซีที แฟมิลี่ แอลทีดี,ได้มา,หุ้น,13.1553,1.8517,15.007,26/03/2568,13.1553,1.8517,15.007,,https://web-r246-api.sec.or.th/api/forms/pdf/publish/67e40874df148ae2dbd0f6fd,246035362503-1
XBIO,นางสาว นิตยา อุทกโยธะ,ได้มา,หุ้น,0.0,8.1033,8.1033,26/03/2568,0.0,8.1033,8.1033,,https://web-r246-api.sec.or.th/api/forms/pdf/publish/67e651f1702e76f53ebd0958,246035352503-1
XBIO,นางสาว สาธิตา พลสุวัตถิ์,จำหน่าย,หุ้น,8.1764,8.1764,0.0,26/03/2568,8.1764,8.1764,0.0,,https://web-r246-api.sec.or.th/api/forms/pdf/publish/67e3b0c5df148ae2dbd0f6f9,246035312503-1
K,นาย วันชัย พันธุ์วิเชียร,จำหน่าย,หุ้น,15.012,0.0309,14.9811,24/03/2568,15.012,0.0309,14.9811,,https://web-r246-api.sec.or.th/api/forms/pdf/publish/67e24492332c65444516fffc,246035262503-1
NER,นาย ชูวิทย์ จึงธนสมบูรณ์,จำหน่าย,หุ้น,27.635,5.4118,22.2232,24/03/2568,27.635,5.4118,22.2232,,https://web-r246-api.sec.or.th/api/forms/pdf/publish/67e5f830342544d68f8aeaab,246035342503-1
STELLA,บริษัท ธนา พาวเวอร์ โฮลดิ้ง จำกัด,จำหน่าย,หุ้น,26.6295,1.6395,24.9899,24/03/2568,26.6295,1.6395,24.9899,,https://web-r246-api.sec.or.th/api/forms/pdf/publish/67e16934332c65444516fff4,246035242503-1
TPBI,นาย สมศักดิ์ บริสุทธนะกุล,จำหน่าย,หุ้น,10.8597,2.3028,8.5569,24/03/2568,10.8597,2.3028,8.5569,,https://web-r246-api.sec.or.th/api/forms/pdf/publish/67e3a66ddf148ae2dbd0f6f7,246035292503-1
COMAN,นาย อมฤทธิ์ กล่อมจิตเจริญ,จำหน่าย,หุ้น,15.1158,0.5077,14.608,21/03/2568,15.1158,0.5077,14.608,,https://web-r246-api.sec.or.th/api/forms/pdf/publish/67e2756d332c65444516ffff,246035282503-1
FSX,B.I.C (CAMBODIA) BANK PCL,จำหน่าย,หุ้น,9.9991,9.9991,0.0,21/03/2568,9.9991,9.9991,0.0,,https://web-r246-api.sec.or.th/api/forms/pdf/publish/67e10a69df3ccaeabe10fed9,246035252503-1
FSX,RAPIDFIRE TECHNOLOGIES LIMITED,ได้มา,หุ้น,0.0,9.9991,9.9991,21/03/2568,0.0,9.9991,9.9991,,https://web-r246-api.sec.or.th/api/forms/pdf/publish/67e0e691df3ccaeabe10fed8,246035322503-1
XBIO,นาย ชัยวัฒน์ พิทักษ์รักธรรม,ได้มา,หุ้น,0.0043,7.2145,7.2188,21/03/2568,0.0043,7.2145,7.2188,,https://web-r246-api.sec.or.th/api/forms/pdf/publish/67dd2745c75eac82dbf296f7,246035192503-1
STECON,บริษัท พี.พี. โกลบอล เวลท์ จำกัด,ได้มา,หุ้น,4.9769,0.0329,5.0099,20/03/2568,4.9769,0.0329,5.0099,,https://web-r246-api.sec.or.th/api/forms/pdf/publish/67e212e8332c65444516fff7,246035222503-1
XBIO,นางสาว สาธิตา พลสุวัตถิ์,จำหน่าย,หุ้น,15.3909,7.2145,8.1764,20/03/2568,15.3909,7.2145,8.1764,,https://web-r246-api.sec.or.th/api/forms/pdf/publish/67e3afb0df148ae2dbd0f6f8,246035302503-1
BCP,บริษัท อัลฟ่า ชาร์เตอร์ด เอนเนอร์จี จำกัด,ได้มา,หุ้น,2.5739,4.5687,7.1426,19/03/2568,2.5739,4.5687,7.1426,,https://web-r246-api.sec.or.th/api/forms/pdf/publish/67dd2226c75eac82dbf296f6,246035212503-1
GGC,สำเริง มนูญผล,จำหน่าย,หุ้น,12.2563,4.8844,7.3719,19/03/2568,12.2563,4.8844,7.3719,,https://web-r246-api.sec.or.th/api/forms/pdf/publish/67dd2a5fc75eac82dbf296f8,246035182503-1
FSX,B.I.C (CAMBODIA) BANK PCL,ได้มา,หุ้น,9.9991,9.9991,19.9983,18/03/2568,9.9991,9.9991,19.9983,,https://web-r246-api.sec.or.th/api/forms/pdf/publish/67dbf2bded5de4532c2a674b,246035202503-1
FSX,B.I.C (CAMBODIA) BANK PCL,ได้มา,หุ้น,0.0,9.9991,9.9991,18/03/2568,0.0,9.9991,9.9991,ฉบับแก้ไข,https://web-r246-api.sec.or.th/api/forms/pdf/publish/67e3d453df148ae2dbd0f6fb,246035202503-2
MANRIN,นาย ทรงพล อัศวโภคิน,ได้มา,หุ้น,100.0,8.0412,100.0,18/03/2568,100.0,8.0412,100.0,,https://web-r246-api.sec.or.th/api/forms/pdf/publish/67da3652af61644c14aa602e,246035162503-1
MANRIN,นาย ทรงพล อัศวโภคิน,ได้มา,หุ้น,14.7786,1.2923,16.0709,18/03/2568,14.7786,1.2923,16.0709,ฉบับแก้ไข,https://web-r246-api.sec.or.th/api/forms/pdf/publish/67db8d44ed5de4532c2a6745,246035162503-2
WARRIX,นาย วิศัลย์ วนะศักดิ์ศรีสกุล,ได้มา,หุ้น,28.1246,17.8602,45.9848,17/03/2568,28.1246,17.8602,45.9848,,https://web-r246-api.sec.or.th/api/forms/pdf/publish/67d93766fc496e69e0b47dfe,246035172503-1
HEALTH,นางสาว วาสนา อินทะแสง,จำหน่าย,หุ้น,11.8292,11.8292,0.0,14/03/2568,11.8292,11.8292,0.0,,https://web-r246-api.sec.or.th/api/forms/pdf/publish/67d7dcd9fc496e69e0b47dfc,246035152503-1
HEALTH,นาย เฉลิมพงษ์ มหาวาณิชย์วงศ์,ได้มา,หุ้น,0.0,11.8292,11.8292,14/03/2568,0.0,11.8292,11.8292,,https://web-r246-api.sec.or.th/api/forms/pdf/publish/67d7cec3fc496e69e0b47dfb,246035142503-1
GGC,นาย สำเริง มนูญผล,จำหน่าย,หุ้น,15.1869,2.9306,12.2563,13/03/2568,15.1869,2.9306,12.2563,,https://web-r246-api.sec.or.th/api/forms/pdf/publish/67d7c3befc496e69e0b47df9,246035132503-1
BH,GIC PRIVATE LIMITED,ได้มา,หุ้น,4.9149,0.1216,5.0365,12/03/2568,4.9149,0.1216,5.0365,,https://web-r246-api.sec.or.th/api/forms/pdf/publish/67d2b2dbe5613927347f3b4e,246035122503-1
KC,นาย อภิชัย พันธุมาศ,ได้มา,หุ้น,4.1344,3.0461,7.1806,12/03/2568,4.1344,3.0461,7.1806,,https://web-r246-api.sec.or.th/api/forms/pdf/publish/67d7b4217158a3c595e9d9af,246035112503-1
TAN,บริษัท สหพัฒนาอินเตอร์โฮลดิ้ง จำกัด (มหาชน),ได้มา,หุ้น,0.0,5.2161,5.2161,12/03/2568,0.0,5.2161,5.2161,,https://web-r246-api.sec.or.th/api/forms/pdf/publish/67d3dd1e3a10a26d74e8818d,246035102503-1
TPBI,บริษัท หลักทรัพย์จัดการกองทุนรวมบัวหลวง จำกัด,จำหน่าย,หุ้น,5.009,0.0175,4.9914,11/03/2568,5.009,0.0175,4.9914,,https://web-r246-api.sec.or.th/api/forms/pdf/publish/67d13b0f1a326f9293b5a6ad,246035092503-1
NOVA,นางสาว ปาลีรัฐ ปานบุญห้อม,จำหน่าย,หุ้น,30.7842,5.8842,24.9,10/03/2568,30.7842,5.8842,24.9,,https://web-r246-api.sec.or.th/api/forms/pdf/publish/67cfb79d352c187d815e919b,246035072503-1
BCP,CAPITAL ASIA INVESTMENTS PTE LTD,จำหน่าย,หุ้น,13.8612,9.0,4.8612,05/03/2568,13.8612,9.0,4.8612,,https://web-r246-api.sec.or.th/api/forms/pdf/publish/677f9b6fb8679a1870e02c89,246035082503-1
TOA,บริษัท หลักทรัพย์จัดการกองทุนรวมบัวหลวง จำกัด,จำหน่าย,หุ้น,5.0046,0.0101,4.9945,05/03/2568,5.0046,0.0101,4.9945,,https://web-r246-api.sec.or.th/api/forms/pdf/publish/67c92502791ae99b83aa864d,246035052503-1
TPS,นาย มงคล ประกิตชัยวัฒนา,ได้มา,หุ้น,14.963,0.1191,15.0822,05/03/2568,14.963,0.1191,15.0822,,https://web-r246-api.sec.or.th/api/forms/pdf/publish/67ce919a352c187d815e919a,246035062503-1
CMO,นางสาว ณิชา ชัยศิลป์วัฒนา,จำหน่าย,หุ้น,7.3678,4.0828,3.285,03/03/2568,10.1836,4.0828,6.1007,,https://web-r246-api.sec.or.th/api/forms/pdf/publish/67c683e4cc107b5910c16d29,246034982503-1
CMO,นาย นวิน เหมรัชตานันต์,ได้มา,หุ้น,4.1755,4.0828,8.2583,03/03/2568,4.1755,4.0828,8.2583,,https://web-r246-api.sec.or.th/api/forms/pdf/publish/67c57c5cba01615264a76681,246034972503-1
JPARK,นาย พงศ์ศักดิ์ ธรรมธัชอารี,ได้มา,หุ้น,4.9975,0.0125,5.01,03/03/2568,4.9975,0.0125,5.01,,https://web-r246-api.sec.or.th/api/forms/pdf/publish/67c6b81ecc107b5910c16d2b,246034992503-1
READY,นาย ศุภโชค ปัญจทรัพย์,จำหน่าย,หุ้น,5.075,1.0416,4.0333,03/03/2568,5.075,1.0416,4.0333,,https://web-r246-api.sec.or.th/api/forms/pdf/publish/67c6c839cc107b5910c16d2d,246035002503-1
XO,นาย จิตติพร จันทรัช,จำหน่าย,หุ้น,10.0329,1.2066,8.8263,03/03/2568,10.2664,1.2066,9.0598,,https://web-r246-api.sec.or.th/api/forms/pdf/publish/67c81ced1f694d951a93a935,246035022503-1
BLA,บริษัท หลักทรัพย์จัดการกองทุนรวมบัวหลวง จำกัด,จำหน่าย,หุ้น,5.0007,0.0019,4.9988,28/02/2568,5.0007,0.0019,4.9988,,https://web-r246-api.sec.or.th/api/forms/pdf/publish/67c52287ba01615264a7667c,246034952503-1
VS,นาย เฉลิมศักย์ รอดรัศมี,ได้มา,หุ้น,0.0,16.4698,16.4698,28/02/2568,0.0,16.4698,16.4698,,https://web-r246-api.sec.or.th/api/forms/pdf/publish/67c84692791ae99b83aa864b,246035042503-1
VS,นาย ณกรณ ภักดีกมลสุข,จำหน่าย,หุ้น,16.4742,16.4742,0.0,28/02/2568,16.4742,16.4742,0.0,,https://web-r246-api.sec.or.th/api/forms/pdf/publish/67c844db791ae99b83aa864a,246035032503-1
ERW,บริษัท หลักทรัพย์จัดการกองทุนกสิกรไทย จำกัด,จำหน่าย,หุ้น,5.0947,0.4641,4.6305,26/02/2568,5.0947,0.4641,4.6305,,https://web-r246-api.sec.or.th/api/forms/pdf/publish/67c52514ba01615264a7667e,246034962503-1
ECL,บริษัท จีอาร์ แมนเนจเมนท์ (ไทยแลนด์) จำกัด,ได้มา,หุ้น,0.0,25.1012,25.1012,25/02/2568,0.0,25.1012,25.1012,ได้รับการผ่อนผัน,https://web-r246-api.sec.or.th/api/forms/pdf/publish/67be9365ee54a38034e9944e,246034922502-1
RS,นาย สุรชัย เชษฐโชติศักดิ์,จำหน่าย,หุ้น,15.4406,1.7367,13.7038,21/02/2568,15.4406,1.7367,13.7038,,https://web-r246-api.sec.or.th/api/forms/pdf/publish/67bec511ee54a38034e9944f,246034932502-1
THREL,บริษัท ซีแอล เวนเจอร์ จำกัด (มหาชน),ได้มา,หุ้น,9.8629,0.4572,10.3201,21/02/2568,9.8629,0.4572,10.3201,,https://web-r246-api.sec.or.th/api/forms/pdf/publish/67bee998ee54a38034e99451,246034942502-1
HYDRO,นาง พิมพ์ลดา พิพัฒน์ปากรณ์,ได้มา,หุ้น,10.897,22.5473,24.7267,20/02/2568,10.897,22.5473,24.7267,จะลดสัดส่วนการถือหุ้น,https://web-r246-api.sec.or.th/api/forms/pdf/publish/697869e530554da3345de2a9,246040502601-1
HYDRO,นางสาว ณุวภา วิทูรชวลิตวงษ์,ได้มา,หุ้น,10.1625,22.5473,24.5798,20/02/2568,10.1625,22.5473,24.5798,จะลดสัดส่วนการถือหุ้น,https://web-r246-api.sec.or.th/api/forms/pdf/publish/69788c0d30554da3345de2ac,246040532601-1
HYDRO,นางสาว สุกัลยา ผาลี,ได้มา,หุ้น,9.1895,21.5008,23.3387,20/02/2568,9.1895,21.5008,23.3387,จะลดสัดส่วนการถือหุ้น,https://web-r246-api.sec.or.th/api/forms/pdf/publish/6972e9b530554da3345de291,246040482601-1
HYDRO,นาย โชคชัย รุ่งเจริญชัย,ได้มา,หุ้น,20.696,14.6454,19.8194,20/02/2568,20.696,14.6454,19.8194,ผู้รายงานแจ้งยกเลิก จะลดสัดส่วนการถือหุ้น,https://web-r246-api.sec.or.th/api/forms/pdf/publish/6973399230554da3345de293,246040372601-1
HYDRO,นาย โชคชัย รุ่งเจริญชัย,ได้มา,หุ้น,20.696,11.7163,15.8555,20/02/2568,20.696,11.7163,15.8555,จะลดสัดส่วนการถือหุ้น,https://web-r246-api.sec.or.th/api/forms/pdf/publish/69787cc030554da3345de2ab,246040522601-1
NEX,บริษัท อีเอ โมบิลิตี โฮลดิง จำกัด,ได้มา,หุ้น,33.5747,24.7918,49.9592,17/02/2568,33.5747,24.7918,49.9592,,https://web-r246-api.sec.or.th/api/forms/pdf/publish/67b2c9db640f38adf47ec20e,246034882502-1
NEX,บริษัท อีเอ โมบิลิตี โฮลดิง จำกัด,ได้มา,หุ้น,33.5747,24.8218,49.9893,17/02/2568,33.5747,24.8218,49.9893,ฉบับแก้ไข,https://web-r246-api.sec.or.th/api/forms/pdf/publish/67b44b52bf7dd7a9151dbd2f,246034882502-2
EA,SOTUS & FAITH #1 LIMITED,ได้มา,หลักทรัพย์แปลงสภาพ,0.0,2.6938,2.6938,14/02/2568,0.0,5.6372,5.6372,,https://web-r246-api.sec.or.th/api/forms/pdf/publish/67b2ebbe640f38adf47ec20f,246034892502-1
EA,บริษัท เอสพีบีแอล โฮลดิง จำกัด,ได้มา,หลักทรัพย์แปลงสภาพ,0.0,2.9258,2.9258,14/02/2568,0.0,5.6372,5.6372,,https://web-r246-api.sec.or.th/api/forms/pdf/publish/67b44419bf7dd7a9151dbd2e,246034902502-1
PLANET,นาง มโนทิพย์ จักรวาลธรรม,ได้มา,หุ้น,14.9721,0.3347,15.3069,13/02/2568,14.9721,0.3347,15.3069,ฉบับแก้ไข,https://web-r246-api.sec.or.th/api/forms/pdf/publish/67b2ac72640f38adf47ec20c,246034222501-3
FSX,BETEVERSE LIMITED,ได้มา,หุ้น,0.0,9.9995,9.9995,10/02/2568,0.0,9.9995,9.9995,,https://web-r246-api.sec.or.th/api/forms/pdf/publish/67aac67f033e1a536e606789,246034872502-1
FSX,นางสาว แคทรียา บีเวอร์,จำหน่าย,หุ้น,9.9995,9.9995,0.0,10/02/2568,9.9995,9.9995,0.0,,https://web-r246-api.sec.or.th/api/forms/pdf/publish/67b921e71e1437dd8f7df1a7,246034912502-1
HYDRO,นาย โชคชัย รุ่งเจริญชัย,ได้มา,หุ้น,2.0824,18.6136,20.696,07/02/2568,2.0824,18.6136,20.696,,https://web-r246-api.sec.or.th/api/forms/pdf/publish/69787a6030554da3345de2aa,246040512601-1
HYDRO,นาย สมประสงค์ ปัญจะลักษณ์,จำหน่าย,หุ้น,18.6136,18.6136,0.0,07/02/2568,18.6136,18.6136,0.0,,https://web-r246-api.sec.or.th/api/forms/pdf/publish/67a5e563ef502d999973adba,246034822502-1
HYDRO,นาย สมประสงค์ ปัญจะลักษณ์,จำหน่าย,หลักทรัพย์แปลงสภาพ,33.9078,33.9078,0.0,07/02/2568,33.9078,33.9078,0.0,,https://web-r246-api.sec.or.th/api/forms/pdf/publish/67a5e599ef502d999973adbb,246034812502-1
MATCH,บริษัท บริษัทบีบีทีวี โปรดัคชันส์ จำกัด,จำหน่าย,หุ้น,87.6895,2.7634,84.9261,07/02/2568,87.6895,2.7634,84.9261,,https://web-r246-api.sec.or.th/api/forms/pdf/publish/67a9889d92032daecb73c2e3,246034842502-1
SAMART,นาง จารุณี ชินวงศ์วรกุล,ได้มา,หุ้น,9.3906,0.2076,9.5983,06/02/2568,9.8029,0.2076,10.0106,,https://web-r246-api.sec.or.th/api/forms/pdf/publish/67a571bdef502d999973adb3,246034852502-1
AQUA,นาย ปกรณ์ มงคลธาดา,จำหน่าย,หุ้น,10.7149,3.5011,7.2138,05/02/2568,10.7149,3.5011,7.2138,,https://web-r246-api.sec.or.th/api/forms/pdf/publish/67a481d6e54226c5a56cd9bf,246034762502-1
EA,บริษัท น้ำตาลราชบุรี จำกัด,จำหน่าย,หุ้น,5.1166,2.5583,2.5583,05/02/2568,5.1166,2.5583,2.5583,,https://web-r246-api.sec.or.th/api/forms/pdf/publish/67a57212ef502d999973adb4,246034782502-1
NOVA,นางสาว ปาลีรัฐ ปานบุญห้อม,จำหน่าย,หุ้น,48.4389,17.6546,30.7842,04/02/2568,48.4389,17.6546,30.7842,,https://web-r246-api.sec.or.th/api/forms/pdf/publish/67a4ce4ae54226c5a56cd9c0,246034772502-1
TTB,กองทุนรวมวายุภักษ์ หนึ่ง,จำหน่าย,หุ้น,10.0078,0.0133,9.9944,04/02/2568,10.0078,0.0133,9.9944,,https://web-r246-api.sec.or.th/api/forms/pdf/publish/67a31a691a6865fb17c59b54,246034752502-1
TOP,GIC PRIVATE LIMITED,จำหน่าย,หุ้น,5.0269,0.1044,4.9225,31/01/2568,5.0269,0.1044,4.9225,,https://web-r246-api.sec.or.th/api/forms/pdf/publish/67a06af8555be49f272ab346,246034732502-1
VL,บริษัท บงกช โฮลดิงส์ จำกัด,ได้มา,หุ้น,19.9987,0.0095,20.0083,31/01/2568,19.9987,0.0095,20.0083,,https://web-r246-api.sec.or.th/api/forms/pdf/publish/67a02688555be49f272ab340,246034692502-1
RJH,FIL LIMITED,ได้มา,หุ้น,4.9956,0.0205,5.0161,30/01/2568,4.9956,0.0205,5.0161,,https://web-r246-api.sec.or.th/api/forms/pdf/publish/67a1da3e1a6865fb17c59b4c,246034722502-1
EA,SOTUS & FAITH #1 LIMITED,ได้มา,หุ้น,12.7194,8.0815,14.4413,29/01/2568,26.3201,16.9117,30.0718,,https://web-r246-api.sec.or.th/api/forms/pdf/publish/67a05361555be49f272ab344,246034702502-1
EA,บริษัท เอสพีบีแอล โฮลดิง จำกัด,ได้มา,หุ้น,13.4956,8.7776,15.5254,29/01/2568,26.3201,16.9117,30.0718,,https://web-r246-api.sec.or.th/api/forms/pdf/publish/679c9f71f374ea3d93c48013,246034712502-1
STELLA,นาย ภูวสิษฎ์ เชฎฐ์อุดมลาภ,ได้มา,หุ้น,0.6819,0.1211,0.7269,28/01/2568,4.8348,0.859,5.1544,,https://web-r246-api.sec.or.th/api/forms/pdf/publish/67e3754fdf148ae2dbd0f6f5,246035332503-1
STELLA,บริษัท ธนา พาวเวอร์ โฮลดิ้ง จำกัด,ได้มา,หุ้น,24.9782,4.4382,26.6295,28/01/2568,24.9782,4.4382,26.6295,จะลดสัดส่วนการถือหุ้น,https://web-r246-api.sec.or.th/api/forms/pdf/publish/67e15f13332c65444516fff3,246035232503-1
STELLA,บริษัท ธนา พาวเวอร์ โฮลดิ้ง จำกัด,ได้มา,หลักทรัพย์แปลงสภาพ,4.9956,4.4382,8.8765,28/01/2568,4.9956,4.4382,8.8765,จะลดสัดส่วนการถือหุ้น,https://web-r246-api.sec.or.th/api/forms/pdf/publish/67e238b1332c65444516fffb,246035272503-1
TNH,บริษัท โรงพยาบาลวิภาวดี จำกัด (มหาชน),ได้มา,หุ้น,15.0,5.0016,20.0016,28/01/2568,15.0,5.0016,20.0016,,https://web-r246-api.sec.or.th/api/forms/pdf/publish/679b4f14f374ea3d93c4800f,246034682501-1
WARRIX,นาย พงศ์ศักดิ์ ธรรมธัชอารี,ได้มา,หุ้น,4.9315,3.3951,8.3266,27/01/2568,4.9315,3.3951,8.3266,,https://web-r246-api.sec.or.th/api/forms/pdf/publish/67989b13954ab41180fa2599,246034662501-1
WARRIX,นาย วิศัลย์ วนะศักดิ์ศรีสกุล,จำหน่าย,หุ้น,31.5197,3.3951,28.1246,27/01/2568,31.5197,3.3951,28.1246,,https://web-r246-api.sec.or.th/api/forms/pdf/publish/679afa8efd4cfb48db415cf9,246034672501-1
PLANET,นาง มโนทิพย์ จักรวาลธรรม,ได้มา,หุ้น,9.3224,0.7713,10.0938,24/01/2568,9.3224,0.7713,10.0938,ฉบับแก้ไข,https://web-r246-api.sec.or.th/api/forms/pdf/publish/679ae3cefd4cfb48db415cf6,246034222501-2
PLANET,นาย ชัด เฮงสวัสดิ์,จำหน่าย,หุ้น,5.0397,0.0517,4.988,24/01/2568,5.0397,0.0517,4.988,,https://web-r246-api.sec.or.th/api/forms/pdf/publish/67931a39f8663feb7685ff8f,246034622501-1
NRF,บริษัท เอเชี่ยน ฟู้ด คอร์ปอร์เรชั่น จำกัด,จำหน่าย,หุ้น,15.1564,0.2775,14.8788,23/01/2568,15.1564,0.2775,14.8788,,https://web-r246-api.sec.or.th/api/forms/pdf/publish/67a309e71a6865fb17c59b52,246034742502-1
SAAM,นาย ภาคิน เหล่ากำเนิด,จำหน่าย,หุ้น,6.2534,4.9998,1.2536,21/01/2568,6.2534,4.9998,1.2536,,https://web-r246-api.sec.or.th/api/forms/pdf/publish/6793a4f6f8663feb7685ff92,246034652501-1
RJH,บริษัท หลักทรัพย์จัดการกองทุนรวมบัวหลวง จำกัด,จำหน่าย,หุ้น,10.0058,0.028,9.9778,20/01/2568,10.0058,0.028,9.9778,,https://web-r246-api.sec.or.th/api/forms/pdf/publish/678f1038c0383ff30c860727,246034372501-1
SAAM,นาย ภาคิน เหล่ากำเนิด,ได้มา,หุ้น,1.2536,4.9998,6.2534,20/01/2568,1.2536,4.9998,6.2534,,https://web-r246-api.sec.or.th/api/forms/pdf/publish/6796e718c3612b19d8712df1,246034642501-1
SRICHA,นาย กฤษฎา โพธิสมภรณ์,ได้มา,หุ้น,1.3838,5.5384,6.9223,20/01/2568,1.3838,5.5384,6.9223,,https://web-r246-api.sec.or.th/api/forms/pdf/publish/6791f2878076f25863386c89,246034572501-1
SRICHA,นาย กฤษฎา โพธิสมภรณ์,ได้มา,หุ้น,1.3838,5.8611,7.245,20/01/2568,1.3838,5.8611,7.245,ฉบับแก้ไข,https://web-r246-api.sec.or.th/api/forms/pdf/publish/67922f548076f25863386c93,246034572501-2
SRICHA,นาย ฉัตรมงคล เขมาภิรัตน์,ได้มา,หุ้น,0.0,7.7889,7.7889,20/01/2568,0.0,7.7889,7.7889,,https://web-r246-api.sec.or.th/api/forms/pdf/publish/6791ffce8076f25863386c8b,246034582501-1
SRICHA,บริษัท ศรีราชา โฮลดิ้ง จำกัด,จำหน่าย,หุ้น,46.8892,23.8296,23.0596,20/01/2568,46.8892,23.8296,23.0596,,https://web-r246-api.sec.or.th/api/forms/pdf/publish/6792264d8076f25863386c91,246034612501-1
SYMC,บริษัท หลักทรัพย์จัดการกองทุนรวมบัวหลวง จำกัด,จำหน่าย,หุ้น,5.0017,0.0119,4.9897,20/01/2568,5.0017,0.0119,4.9897,,https://web-r246-api.sec.or.th/api/forms/pdf/publish/678f11dfc0383ff30c860729,246034382501-1
24CS,"นางสาว ปัทมาวดี ชุ่มแสง, บริษัท ครีเอทิฟ ไนน์ โฮลดิ้ง จำกัด",เริ่มต้น Concert Party,หุ้น,6.1855,0.0,6.1855,16/01/2568,12.371,0.0,12.371,ผู้รายงานแจ้งยกเลิก,https://web-r246-api.sec.or.th/api/forms/pdf/publish/678f59016610475a148d6e44,246034512501-1
24CS,นางสาว ปัทมาวดี ชุ่มแสง,ได้มา,หุ้น,0.0,0.0001,0.0001,16/01/2568,0.0,6.1855,6.1855,ผู้รายงานแจ้งยกเลิก,https://web-r246-api.sec.or.th/api/forms/pdf/publish/678f58ab6610475a148d6e43,246034492501-1
24CS,นางสาว ปัทมาวดี ชุ่มแสง,ได้มานิติบุคคลตามมาตรา 258,หุ้น,0.0001,6.1854,6.1855,16/01/2568,12.371,6.1854,12.371,ผู้รายงานแจ้งยกเลิก,https://web-r246-api.sec.or.th/api/forms/pdf/publish/678f593c6610475a148d6e45,246034482501-1
24CS,นางสาว ปัทมาวดี ชุ่มแสง,ได้มา,หุ้น,0.0,0.0001,0.0001,16/01/2568,0.0,6.1855,6.1855,,https://web-r246-api.sec.or.th/api/forms/pdf/publish/6791eec38076f25863386c86,246034602501-1
24CS,"บริษัท ครีเอทิฟ ไนน์ โฮลดิ้ง จำกัด, นางสาว ปัทมาวดี ชุ่มแสง",เริ่มต้น Concert Party,หุ้น,6.1855,0.0,6.1855,16/01/2568,12.371,0.0,12.371,ผู้รายงานแจ้งยกเลิก,https://web-r246-api.sec.or.th/api/forms/pdf/publish/678f4e866610475a148d6e38,246034532501-1
24CS,บริษัท ครีเอทิฟ ไนน์ โฮลดิ้ง จำกัด,ได้มา,หุ้น,0.0,6.1854,6.1854,16/01/2568,0.0,6.1855,6.1855,ผู้รายงานแจ้งยกเลิก,https://web-r246-api.sec.or.th/api/forms/pdf/publish/678f517a6610475a148d6e39,246034472501-1
24CS,บริษัท ครีเอทิฟ ไนน์ โฮลดิ้ง จำกัด,ได้มานิติบุคคลตามมาตรา 258,หุ้น,6.1854,6.1854,12.3708,16/01/2568,12.371,6.1854,12.371,ผู้รายงานแจ้งยกเลิก,https://web-r246-api.sec.or.th/api/forms/pdf/publish/678f531e6610475a148d6e3a,246034462501-1
24CS,บริษัท ครีเอทิฟ ไนน์ โฮลดิ้ง จำกัด,ได้มา,หุ้น,0.0,6.1854,6.1854,16/01/2568,0.0,6.1855,6.1855,,https://web-r246-api.sec.or.th/api/forms/pdf/publish/679200448076f25863386c8c,246034592501-1
24CS,"บริษัท ออกานิกส์ แอสเสท โฮลดิ้ง คอรป จำกัด, บริษัท ออกานิกส์ โฮลดิ้ง คอปอเรชั่น จำกัด",เริ่มต้น Concert Party,หุ้น,5.1546,0.0,5.1546,16/01/2568,7.6804,0.0,7.6804,ผู้รายงานแจ้งยกเลิก,https://web-r246-api.sec.or.th/api/forms/pdf/publish/678f55986610475a148d6e3d,246034522501-1
24CS,บริษัท ออกานิกส์ แอสเสท โฮลดิ้ง คอรป จำกัด,ได้มา,หุ้น,0.0,2.6288,2.6288,16/01/2568,0.0,5.1546,5.1546,ผู้รายงานแจ้งยกเลิก,https://web-r246-api.sec.or.th/api/forms/pdf/publish/678f54f16610475a148d6e3c,246034452501-1
24CS,บริษัท ออกานิกส์ แอสเสท โฮลดิ้ง คอรป จำกัด,ได้มานิติบุคคลตามมาตรา 258,หุ้น,2.6288,2.5257,5.1546,16/01/2568,7.6804,2.5257,7.6804,ผู้รายงานแจ้งยกเลิก,https://web-r246-api.sec.or.th/api/forms/pdf/publish/678f56026610475a148d6e3e,246034442501-1
24CS,"บริษัท ออกานิกส์ โฮลดิ้ง คอปอเรชั่น จำกัด, บริษัท ออกานิกส์ แอสเสท โฮลดิ้ง คอรป จำกัด",เริ่มต้น Concert Party,หุ้น,5.1546,0.0,5.1546,16/01/2568,7.7835,0.0,7.7835,ผู้รายงานแจ้งยกเลิก,https://web-r246-api.sec.or.th/api/forms/pdf/publish/678f57ac6610475a148d6e41,246034542501-1
24CS,บริษัท ออกานิกส์ โฮลดิ้ง คอปอเรชั่น จำกัด,ได้มา,หุ้น,0.0,2.5257,2.5257,16/01/2568,0.0,5.1546,5.1546,ผู้รายงานแจ้งยกเลิก,https://web-r246-api.sec.or.th/api/forms/pdf/publish/678f57326610475a148d6e40,246034432501-1
24CS,บริษัท ออกานิกส์ โฮลดิ้ง คอปอเรชั่น จำกัด,ได้มานิติบุคคลตามมาตรา 258,หุ้น,2.5257,2.6288,5.1546,16/01/2568,7.7835,2.6288,7.7835,ผู้รายงานแจ้งยกเลิก,https://web-r246-api.sec.or.th/api/forms/pdf/publish/678f57fb6610475a148d6e42,246034422501-1
AQUA,นาย ฉาย บุนนาค,ได้มา,หุ้น,7.6923,2.4131,10.1055,15/01/2568,7.6923,2.4131,10.1055,,https://web-r246-api.sec.or.th/api/forms/pdf/publish/6789cc01d725dd926523a67e,246034362501-1
MC,บริษัท หลักทรัพย์จัดการกองทุนรวมบัวหลวง จำกัด,จำหน่าย,หุ้น,10.0033,0.0401,9.9632,15/01/2568,10.0033,0.0401,9.9632,,https://web-r246-api.sec.or.th/api/forms/pdf/publish/67887aa819386dd442b3e85c,246034332501-1
TPOLY,นาย ชัยรัตน์ โกวิทจินดาชัย,ได้มา,หุ้น,4.2779,1.166,5.4439,15/01/2568,4.2779,1.166,5.4439,,https://web-r246-api.sec.or.th/api/forms/pdf/publish/6788797219386dd442b3e85b,246034342501-1
XBIO,นาย รักชัย เร่งสมบูรณ์,จำหน่าย,หุ้น,6.6886,5.1811,1.5075,15/01/2568,6.6886,5.1811,1.5075,,https://web-r246-api.sec.or.th/api/forms/pdf/publish/67ee69ce4550e8c5a02ed9bf,246035412504-1
PSL,บริษัท หลักทรัพย์จัดการกองทุนกรุงศรี จำกัด,จำหน่าย,หุ้น,5.0303,0.1427,4.8876,14/01/2568,5.0303,0.1427,4.8876,,https://web-r246-api.sec.or.th/api/forms/pdf/publish/67875c46e25ad030f4164518,246034292501-1
TIPCO,นางสาว อลิดา เศรษฐิน,ได้มา,หุ้น,4.9144,0.1328,5.0473,14/01/2568,4.9144,0.1328,5.0473,,https://web-r246-api.sec.or.th/api/forms/pdf/publish/6787826de25ad030f4164521,246034322501-1
BA,บริษัท หลักทรัพย์จัดการกองทุนรวมบัวหลวง จำกัด,จำหน่าย,หุ้น,5.0209,0.1103,4.9105,13/01/2568,5.0209,0.1103,4.9105,,https://web-r246-api.sec.or.th/api/forms/pdf/publish/6785d8d8175edd982423ac46,246034252501-1
NEW,นาง พีรวรรณ จังศิริวัฒนธำรง,ได้มานิติบุคคลตามมาตรา 258,หุ้น,4.674,3.3333,8.0073,12/01/2568,8.0073,3.3333,8.0073,,https://web-r246-api.sec.or.th/api/forms/pdf/publish/6a2b846c7f39376f1afc98e5,246042332606-1
NEW,นาง ศุภวรรณ ตั้งสืบกุล,ได้มานิติบุคคลตามมาตรา 258,หุ้น,13.9453,3.3333,17.2786,12/01/2568,17.2786,3.3333,17.2786,,https://web-r246-api.sec.or.th/api/forms/pdf/publish/6a22a7bc7f39376f1afc98cd,246042232606-1
NEW,นางสาว ณัฐธิรา ตั้งสืบกุล,ได้มา,หุ้น,24.9619,3.3333,28.2952,12/01/2568,24.9619,3.3333,28.2952,ได้รับยกเว้นทำคำเสนอซื้อ,https://web-r246-api.sec.or.th/api/forms/pdf/publish/6a2273cf7f39376f1afc98c3,246042192606-1
NEW,นางสาว ณัฐธิรา ตั้งสืบกุล,ได้มานิติบุคคลตามมาตรา 258,หุ้น,24.9619,3.3333,28.2952,12/01/2568,28.2952,3.3333,28.2952,ได้รับยกเว้นทำคำเสนอซื้อ,https://web-r246-api.sec.or.th/api/forms/pdf/publish/6a2289367f39376f1afc98c6,246042222606-1
PG,บริษัท สหพัฒนาอินเตอร์โฮลดิ้ง จำกัด (มหาชน),ได้มา,หุ้น,44.4251,2.4148,46.84,10/01/2568,44.4251,2.4148,46.84,,https://web-r246-api.sec.or.th/api/forms/pdf/publish/689ef172451b07842a4d984d,246037882508-1
RS,นาย สุรชัย เชษฐโชติศักดิ์,จำหน่าย,หุ้น,20.8929,5.4523,15.4406,10/01/2568,20.8929,5.4523,15.4406,,https://web-r246-api.sec.or.th/api/forms/pdf/publish/67847d3b0252b0dc24f6f03d,246034232501-1
TRU,นาย พัฒนศรณ์ เผอิญโชค,ได้มา,หุ้น,4.9702,0.0327,5.003,09/01/2568,4.9702,0.0327,5.003,,https://web-r246-api.sec.or.th/api/forms/pdf/publish/67807adde93e339c4679b05f,246034172501-1
A5,นาย ทวีรัช ปรุงพัฒนสกุล,จำหน่าย,หุ้น,11.2346,9.0699,2.1646,08/01/2568,11.2346,9.0699,2.1646,,https://web-r246-api.sec.or.th/api/forms/pdf/publish/677fa02cb8679a1870e02c8a,246034212501-1
A5,นาย ทวีรัช ปรุงพัฒนสกุล,จำหน่าย,หุ้น,11.2346,2.1646,9.0699,08/01/2568,11.2346,2.1646,9.0699,ฉบับแก้ไข,https://web-r246-api.sec.or.th/api/forms/pdf/publish/6785c281175edd982423ac45,246034212501-2
B,บริษัท ธนวรินทร์ จำกัด,จำหน่าย,หุ้น,0.483,0.0247,0.4582,08/01/2568,5.0243,0.0247,4.9995,,https://web-r246-api.sec.or.th/api/forms/pdf/publish/677f8306754bc554f50b690f,246034162501-1
III,นาย วิรัช นอบน้อมธรรม,ได้มา,หุ้น,14.1911,0.0191,14.2103,08/01/2568,14.9883,0.0191,15.0074,,https://web-r246-api.sec.or.th/api/forms/pdf/publish/6784d7d8175edd982423ac42,246034242501-1
JR,นาย ธีรนนท์ วิวัฒน์เจษฎาวุฒิ,ได้มา,หุ้น,9.922,0.3169,10.2389,08/01/2568,9.922,0.3169,10.2389,,https://web-r246-api.sec.or.th/api/forms/pdf/publish/677f7551754bc554f50b690e,246034182501-1
PLANET,นาง มโนทิพย์ จักรวาลธรรม,ได้มา,หุ้น,4.9855,0.069,5.0545,08/01/2568,4.9855,0.069,5.0545,,https://web-r246-api.sec.or.th/api/forms/pdf/publish/67848b720252b0dc24f6f03f,246034222501-1
STHAI,?? CHUN YU TENG,ได้มา,หุ้น,4.8791,6.4293,11.3084,03/01/2568,4.8791,6.4293,11.3084,,https://web-r246-api.sec.or.th/api/forms/pdf/publish/6777686302690bb21a51c636,246034052501-1
STHAI,นาย หลักชัย กิตติพล,ได้มา,หุ้น,16142.0,16142.0,32285.0,03/01/2568,19.76,19.76,19.76,,https://web-r246-api.sec.or.th/api/forms/pdf/publish/678728dde25ad030f4164512,246034262501-1
UREKA,นางสาว ภิญญลักษน์ กีรติพัฒนนันท์,จำหน่าย,หุ้น,25.1872,0.2254,24.9618,03/01/2568,25.1872,0.2254,24.9618,,https://web-r246-api.sec.or.th/api/forms/pdf/publish/677bb088de194627498c3b6a,246034102501-1
STHAI,นาย หลักชัย กิตติพล,ได้มา,หุ้น,4.9836,4.9836,9.9672,02/01/2568,4.9836,4.9836,9.9672,,https://web-r246-api.sec.or.th/api/forms/pdf/publish/677c986fde194627498c3b72,246034152501-1
STX,นางสาว อรจิรา ปิงคลาศัย,ได้มา Chain principle,หุ้น,0.0,0.0,0.0,02/01/2568,26.07,0.0,26.07,,https://web-r246-api.sec.or.th/api/forms/pdf/publish/6808b9430c228fa01cd5b44a,246035662504-1
STX,นาย กฤตนันท์ ปิงคลาศัย,สิ้นสุดนิติบุคคลตามมาตรา 258,หุ้น,0.0227,0.0,0.0227,02/01/2568,0.0227,0.0,0.0227,จะลดสัดส่วนการถือหุ้น,https://web-r246-api.sec.or.th/api/forms/pdf/publish/6808ac170c228fa01cd5b447,246035632504-1
STX,นาย ณัฐกุล ปิงคลาศัย,สิ้นสุดนิติบุคคลตามมาตรา 258,หุ้น,0.0,0.0,0.0,02/01/2568,0.0,0.0,0.0,จะลดสัดส่วนการถือหุ้น,https://web-r246-api.sec.or.th/api/forms/pdf/publish/6808ad2c0c228fa01cd5b448,246035642504-1
BCP,CAPITAL ASIA INVESTMENTS PTE LTD,ได้มา,หุ้น,5.9394,4.0605,10.0,30/12/2567,5.9394,4.0605,10.0,,https://web-r246-api.sec.or.th/api/forms/pdf/publish/6774f69e1f122d3403caafc3,246034042501-1
BTC,นางสาว วรินทร บูลกุล,สิ้นสุดนิติบุคคลตามมาตรา 258,หุ้น,0.0,13.1553,-13.1553,30/12/2567,0.0,13.1553,0.0,,https://web-r246-api.sec.or.th/api/forms/pdf/publish/677bc7c5de194627498c3b6c,246034122501-1
BTC,นาย ชาญ บูลกุล,ได้มานิติบุคคลตามมาตรา 258,หุ้น,0.0,13.1553,13.1553,30/12/2567,13.1553,13.1553,13.1553,,https://web-r246-api.sec.or.th/api/forms/pdf/publish/677bc5b3de194627498c3b6b,246034112501-1
STX,นางสาว อรจิรา ปิงคลาศัย,ได้มานิติบุคคลตามมาตรา 258,หุ้น,0.0,26.0698,26.0698,30/12/2567,26.0698,26.0698,26.0698,จะลดสัดส่วนการถือหุ้น,https://web-r246-api.sec.or.th/api/forms/pdf/publish/680870730c228fa01cd5b43c,246035652504-1
STX,นาย กฤตนันท์ ปิงคลาศัย,ได้มานิติบุคคลตามมาตรา 258,หุ้น,0.0227,26.0698,26.0926,30/12/2567,26.0926,26.0698,26.0926,จะลดสัดส่วนการถือหุ้น,https://web-r246-api.sec.or.th/api/forms/pdf/publish/6808ab3c0c228fa01cd5b446,246035622504-1
STX,นาย จเรรัฐ ปิงคลาศัย,สิ้นสุดนิติบุคคลตามมาตรา 258,หุ้น,0.0002,26.0698,-26.0695,30/12/2567,0.0002,26.0698,0.0002,จะลดสัดส่วนการถือหุ้น,https://web-r246-api.sec.or.th/api/forms/pdf/publish/68087f310c228fa01cd5b440,246035602504-1
STX,นาย ณัฐกุล ปิงคลาศัย,ได้มานิติบุคคลตามมาตรา 258,หุ้น,0.0,26.0698,26.0698,30/12/2567,26.0698,26.0698,26.0698,จะลดสัดส่วนการถือหุ้น,https://web-r246-api.sec.or.th/api/forms/pdf/publish/680882c60c228fa01cd5b442,246035612504-1
UREKA,นางสาว ภิญญลักษน์ กีรติพัฒนนันท์,ได้มา,หุ้น,21.8305,3.3567,25.1872,30/12/2567,21.8305,3.3567,25.1872,จะลดสัดส่วนการถือหุ้น,https://web-r246-api.sec.or.th/api/forms/pdf/publish/67779c3c02690bb21a51c63a,246034072501-1
AQUA,บริษัท อีเทอเนิล เอนเนอยี จำกัด (มหาชน),จำหน่าย,หุ้น,5.6157,0.7965,4.8192,27/12/2567,5.6157,0.7965,4.8192,,https://web-r246-api.sec.or.th/api/forms/pdf/publish/676e6ed45a746acd54b0e16e,246033992412-1
SCM,นาย นพกฤษฏิ์ นิธิเลิศวิจิตร,จำหน่าย,หุ้น,23.2042,8.8357,14.3685,27/12/2567,23.2042,8.8357,14.3685,,https://web-r246-api.sec.or.th/api/forms/pdf/publish/67726f61e86f8480adca94c6,246034002412-1
SCM,นาย สิทธวีร์ เกียรติชวนันต์,จำหน่าย,หุ้น,28.7815,22.9249,5.8565,27/12/2567,28.7815,22.9249,5.8565,,https://web-r246-api.sec.or.th/api/forms/pdf/publish/67727b94e86f8480adca94c8,246034022412-1
SCM,นาย อธิโรจน์ เลิศฤทธิ์อธิกิจ,จำหน่าย,หุ้น,5.962,5.8564,0.1056,27/12/2567,5.962,5.8564,0.1056,,https://web-r246-api.sec.or.th/api/forms/pdf/publish/677b9fadde194627498c3b68,246034092501-1
TR,บริษัท รามา เทรดดิ้ง จำกัด,ได้มา,หุ้น,2.0194,4.8306,6.85,27/12/2567,2.0194,4.8306,6.85,,https://web-r246-api.sec.or.th/api/forms/pdf/publish/676e74295a746acd54b0e170,246034032412-1
SCM,นาย สิทธวีร์ เกียรติชวนันต์,จำหน่าย,หุ้น,35.2488,6.4673,28.7815,26/12/2567,35.2488,6.4673,28.7815,,https://web-r246-api.sec.or.th/api/forms/pdf/publish/6772775ce86f8480adca94c7,246034012412-1
SAF,ลีนา อริยเดชวณิช,ได้มา,หุ้น,19.9866,0.1443,20.1309,25/12/2567,19.9866,0.1443,20.1309,,https://web-r246-api.sec.or.th/api/forms/pdf/publish/676cefe2273a327dc57891e3,246033982412-1
ABM,นาง ณัชปภา ควรสถาพร,จำหน่าย,หุ้น,1.8782,1.8782,0.0,23/12/2567,14.1593,4.4999,9.6593,,https://web-r246-api.sec.or.th/api/forms/pdf/publish/676a3450e809992cf7df4114,246033912412-1
ABM,นาย พนม ควรสถาพร,จำหน่าย,หุ้น,12.281,2.6217,9.6593,23/12/2567,14.1593,4.4999,9.6593,,https://web-r246-api.sec.or.th/api/forms/pdf/publish/676a363fe809992cf7df4116,246033922412-1
CHO,นาย สุกฤตย์ สุรบถโสภณ,ได้มา,หุ้น,14.184,0.8442,15.0283,23/12/2567,14.184,0.8442,15.0283,,https://web-r246-api.sec.or.th/api/forms/pdf/publish/676ac87be809992cf7df411a,246033932412-1
AQUA,นาย ฉาย บุนนาค,ได้มา,หุ้น,4.1061,0.9277,5.0339,20/12/2567,4.1061,0.9277,5.0339,,https://web-r246-api.sec.or.th/api/forms/pdf/publish/676b9ce03e387fe652c5fa6d,246033942412-1
AQUA,นาย ปกรณ์ มงคลธาดา,จำหน่าย,หุ้น,15.6897,0.8052,14.8844,20/12/2567,15.6897,0.8052,14.8844,,https://web-r246-api.sec.or.th/api/forms/pdf/publish/6768d983bf54c5572f0b6b48,246033882412-1
AQUA,นาย ปกรณ์ มงคลธาดา,จำหน่าย,หุ้น,15.6952,0.8052,14.89,20/12/2567,15.6952,0.8052,14.89,ฉบับแก้ไข,https://web-r246-api.sec.or.th/api/forms/pdf/publish/676cfc29273a327dc57891e6,246033882412-2
BCP,CAPITAL ASIA INVESTMENTS PTE LTD,ได้มา,หุ้น,0.0,5.9394,5.9394,20/12/2567,0.0,5.9394,5.9394,,https://web-r246-api.sec.or.th/api/forms/pdf/publish/676924cbbf54c5572f0b6b4c,246033892412-1
DITTO,นาย สถาพร งามเรืองพงศ์,จำหน่าย,หุ้น,5.0478,0.0929,4.9548,20/12/2567,5.0478,0.0929,4.9548,,https://web-r246-api.sec.or.th/api/forms/pdf/publish/676506f3292ad31e911932aa,246033852412-1
THAI,กระทรวงการคลัง,ได้มา,หุ้น,27.2258,16.6104,38.9005,20/12/2567,32.1559,16.6104,42.9369,,https://web-r246-api.sec.or.th/api/forms/pdf/publish/676a8c48e809992cf7df4119,246033972412-1
DOD,นาย ล้ำพันธุ์ พรรธนประเทศ,จำหน่าย,หุ้น,19.5153,19.5153,0.0,18/12/2567,19.5153,19.5153,0.0,,https://web-r246-api.sec.or.th/api/forms/pdf/publish/6763b5403314549d269ab142,246033842412-1
DOD,บริษัท หลักทรัพย์จัดการกองทุนเกียรตินาคินภัทร จำกัด,ได้มา,หุ้น,0.0,19.5153,19.5153,18/12/2567,0.0,19.5153,19.5153,,https://web-r246-api.sec.or.th/api/forms/pdf/publish/67637f2e3314549d269ab13e,246033822412-1
VL,บริษัท บงกช โฮลดิงส์ จำกัด,ได้มา,หุ้น,12.7069,4.8995,17.6065,18/12/2567,12.7069,4.8995,17.6065,,https://web-r246-api.sec.or.th/api/forms/pdf/publish/67638c6a3314549d269ab140,246033872412-1
KLINIQ,"LEDGEBROOK INTERNATIONAL CO., LTD",สิ้นสุดนิติบุคคลตามมาตรา 258,หุ้น,0.0,10.909,-10.909,17/12/2567,32.7272,10.909,32.7272,,https://web-r246-api.sec.or.th/api/forms/pdf/publish/6761160a4130286df66e8212,246033762412-1
KLINIQ,TKQH INVESTMENTS INC.,ได้มานิติบุคคลตามมาตรา 258,หุ้น,0.0,10.909,10.909,17/12/2567,12.0,10.909,12.0,,https://web-r246-api.sec.or.th/api/forms/pdf/publish/676119904130286df66e8214,246033772412-1
GLOCON,บริษัท ไทรทัน โฮลดิ้ง จำกัด (มหาชน),จำหน่าย,หุ้น,16.284,2.3296,13.9543,16/12/2567,16.284,2.3296,13.9543,,https://web-r246-api.sec.or.th/api/forms/pdf/publish/6780c1cfe93e339c4679b063,246034192501-1
NRF,บริษัท เอเชี่ยน ฟู้ด คอร์ปอร์เรชั่น จำกัด,ได้มา,หุ้น,13.675,1.4813,15.1564,13/12/2567,13.675,1.4813,15.1564,,https://web-r246-api.sec.or.th/api/forms/pdf/publish/67652403292ad31e911932ad,246033862412-1
STPI,IMPACT SOLAR GROUP LIMITED,จำหน่าย,หุ้น,8.926,8.6484,0.2776,13/12/2567,8.926,8.6484,0.2776,,https://web-r246-api.sec.or.th/api/forms/pdf/publish/6787855ce25ad030f4164523,246034312501-1
STPI,นางสาว ภราไดย สืบมา,ได้มา,หุ้น,0.0,8.6484,8.6484,13/12/2567,0.0,8.6484,8.6484,,https://web-r246-api.sec.or.th/api/forms/pdf/publish/67626a03eb64ad22f1f3370c,246033812412-1
AMA,นาย พิพัฒน์ รัชกิจประการ,จำหน่าย,หุ้น,6.8119,2.8962,3.9156,12/12/2567,35.3884,2.8962,32.4922,ผู้รายงานแจ้งยกเลิก,https://web-r246-api.sec.or.th/api/forms/pdf/publish/675a57ca96489706e9dd1b02,246033672412-1
AMA,นาย พิพัฒน์ รัชกิจประการ,จำหน่าย,หุ้น,6.8119,2.8962,3.9156,12/12/2567,6.8119,2.8962,3.9156,,https://web-r246-api.sec.or.th/api/forms/pdf/publish/6a0c17647f39376f1afc9885,246041942605-1
STPI,นาย อนุทิน ชาญวีรกูล,จำหน่าย,หุ้น,9.8388,9.8388,0.0,12/12/2567,9.8388,9.8388,0.0,,https://web-r246-api.sec.or.th/api/forms/pdf/publish/675ffade0314fa481b405c3a,246033742412-1
STPI,บริษัท หลักทรัพย์จัดการกองทุนเกียรตินาคินภัทร จำกัด,ได้มา,หุ้น,0.0,9.8388,9.8388,12/12/2567,0.0,9.8388,9.8388,,https://web-r246-api.sec.or.th/api/forms/pdf/publish/675acd1f96489706e9dd1b05,246033692412-1
DPAINT,บริษัท หลักทรัพย์จัดการกองทุนรวมบัวหลวง จำกัด,จำหน่าย,หุ้น,11.079,2.6812,8.3977,09/12/2567,11.079,2.6812,8.3977,,https://web-r246-api.sec.or.th/api/forms/pdf/publish/67592304641f01f8d6480cf3,246033602412-1
IVF,นางสาว เกศิณี กุลดิลก,จำหน่าย,หุ้น,7.2,0.8364,6.3636,09/12/2567,46.8206,4.7,42.1206,ผู้รายงานแจ้งยกเลิก,https://web-r246-api.sec.or.th/api/forms/pdf/publish/676151094130286df66e8218,246033782412-1
IVF,นาย ชนะชัย จุลจิราภรณ์,จำหน่าย,หุ้น,39.6206,3.8636,35.757,09/12/2567,46.8206,4.7,42.1206,ผู้รายงานแจ้งยกเลิก,https://web-r246-api.sec.or.th/api/forms/pdf/publish/676153214130286df66e821a,246033802412-1
TEAMG,นาย สมพงษ์ ชลคดีดำรงกุล,จำหน่าย,หุ้น,4.2479,0.0611,4.1868,09/12/2567,5.0482,0.0611,4.9871,,https://web-r246-api.sec.or.th/api/forms/pdf/publish/675a6ffe96489706e9dd1b03,246033682412-1
AQUA,บริษัท นิวส์ เน็ตเวิร์ค คอร์ปอเรชั่น จำกัด (มหาชน),จำหน่าย,หุ้น,5.3016,1.9606,3.341,06/12/2567,5.3016,1.9606,3.341,,https://web-r246-api.sec.or.th/api/forms/pdf/publish/675f93440314fa481b405c33,246033722412-1
PACO,นาย สมชาย เลิศขจรกิตติ,จำหน่าย,หุ้น,22.9033,3.15,19.7533,06/12/2567,22.9033,3.15,19.7533,,https://web-r246-api.sec.or.th/api/forms/pdf/publish/67593fea641f01f8d6480cf8,246033622412-1
RPH,บริษัท ธนบุรี เฮลท์แคร์ กรุ๊ป จำกัด (มหาชน),จำหน่าย,หุ้น,6.8269,2.3681,4.4588,06/12/2567,6.8269,2.3681,4.4588,,https://web-r246-api.sec.or.th/api/forms/pdf/publish/67591408641f01f8d6480cf2,246033612412-1
EE,นางสาว อรอร อัครเศรณี,จำหน่าย,หุ้น,22.8615,22.8615,0.0,04/12/2567,22.8615,22.8615,0.0,,https://web-r246-api.sec.or.th/api/forms/pdf/publish/6750e29df52dabe7b1f1fbcb,246033472412-1
EE,นาย ปกรณ์ มงคลธาดา,จำหน่าย,หุ้น,6.9615,6.9615,0.0,04/12/2567,6.9615,6.9615,0.0,,https://web-r246-api.sec.or.th/api/forms/pdf/publish/67527900da623e1cd38430f3,246033502412-1
EE,นาย พันธ์ธวัช นาควิสุทธิ์,ได้มา,หุ้น,0.0,57.8057,57.8057,04/12/2567,0.0,57.8057,57.8057,จะทำคำเสนอซื้อ,https://web-r246-api.sec.or.th/api/forms/pdf/publish/6752a8c1da623e1cd38430f5,246033512412-1
VGI,โอปุส - ชาร์เตอร์ด อิชชูแอนเซสซ์ จำกัด (มหาชน),ได้มา,หุ้น,0.0,11.1111,11.1111,04/12/2567,0.0,11.1111,11.1111,,https://web-r246-api.sec.or.th/api/forms/pdf/publish/6751dc78da623e1cd38430ee,246033492412-1
VGI,CAI OPTIMUM FUND VCC FOR THE PURPOSE OF EDH INVESTMENTS,ได้มา,หุ้น,0.0,14.6464,14.6464,03/12/2567,0.0,14.6464,14.6464,,https://web-r246-api.sec.or.th/api/forms/pdf/publish/67500ad74800f79b473daf69,246033432412-1
VGI,ศรีสุข แอลลี่ ลิมิเต็ด,ได้มา,หุ้น,0.0,12.6539,12.6539,03/12/2567,0.0,12.6539,12.6539,,https://web-r246-api.sec.or.th/api/forms/pdf/publish/6751ae41f52dabe7b1f1fbce,246033482412-1
VGI,โอปุส - ชาร์เตอร์ด อิชชูแอนเซสซ์ จำกัด (มหาชน),ได้มา,หุ้น,0.0,11.1111,11.1111,03/12/2567,0.0,11.1111,11.1111,ฉบับแก้ไข,https://web-r246-api.sec.or.th/api/forms/pdf/publish/675800f9be7745eac58bfef2,246033492412-2
W,นางสาว ศศิธร สิรการัณย์,ได้มา,หุ้น,4.9846,0.0279,5.0125,03/12/2567,4.9846,0.0279,5.0125,,https://web-r246-api.sec.or.th/api/forms/pdf/publish/67610b0a4130286df66e8210,246033752412-1
MK,นางสาว รวิพรรณ จารุทวี,ได้มา,หุ้น,3.1562,17.7642,20.9204,29/11/2567,6.8193,17.7642,24.5836,,https://web-r246-api.sec.or.th/api/forms/pdf/publish/674d2c4baf63adf119f40536,246033322412-1
MK,นาย เกรียงศักดิ์ จารุทวี,ได้มา,หุ้น,1.7608,5.6171,7.3779,29/11/2567,1.7608,5.6171,7.3779,,https://web-r246-api.sec.or.th/api/forms/pdf/publish/674e86edaf63adf119f40547,246033402412-1
THAI,กระทรวงการคลัง,ได้มา,หุ้น,47.8628,22.7172,27.2258,29/11/2567,49.989,27.447,32.1559,,https://web-r246-api.sec.or.th/api/forms/pdf/publish/67502e8b4800f79b473daf70,246033452412-1
THAI,ธนาคารกรุงเทพ จำกัด (มหาชน),ได้มา,หุ้น,0.4293,10.3507,10.3912,29/11/2567,0.4293,10.3507,10.3912,,https://web-r246-api.sec.or.th/api/forms/pdf/publish/674ea6d34800f79b473daf5f,246033422412-1
THAI,ธนาคารกรุงไทย จำกัด (มหาชน),ได้มา,หุ้น,0.0,5.728,5.728,29/11/2567,0.0,5.728,5.728,,https://web-r246-api.sec.or.th/api/forms/pdf/publish/674feec94800f79b473daf64,246033412412-1
THAI,ธนาคารเพื่อการส่งออกและนำเข้าแห่งประเทศไทย,ได้มา,หุ้น,0.0,0.7221,0.7221,29/11/2567,49.989,27.447,32.1559,,https://web-r246-api.sec.or.th/api/forms/pdf/publish/6752caaeda623e1cd3843108,246033542412-1
THAI,ธนาคารออมสิน,ได้มา,หุ้น,2.1261,1.733,1.9333,29/11/2567,49.989,27.447,32.1559,,https://web-r246-api.sec.or.th/api/forms/pdf/publish/67504633e86df9a4de3fb8f9,246033732412-1
THAI,ธนาคารอิสลามแห่งประเทศไทย,ได้มา,หุ้น,0.0,1.7146,1.7146,29/11/2567,49.989,27.447,32.1559,,https://web-r246-api.sec.or.th/api/forms/pdf/publish/6752c438da623e1cd3843104,246033532412-1
THAI,บริษัท โทรคมนาคมแห่งชาติ จำกัด (มหาชน),ได้มา,หุ้น,0.0,0.5599,0.5599,29/11/2567,49.989,27.447,32.1559,,https://web-r246-api.sec.or.th/api/forms/pdf/publish/6752c069da623e1cd3843102,246033522412-1
THAI,สหกรณ์ออมทรัพย์การไฟฟ้าฝ่ายผลิตแห่งประเทศไทย จำกัด,ได้มา,หุ้น,0.0,6.6377,6.6377,29/11/2567,0.0,6.6377,6.6377,,https://web-r246-api.sec.or.th/api/forms/pdf/publish/675015964800f79b473daf6e,246033442412-1
B52,นาย จิรวุฒิ คุวานันท์,จำหน่าย,หุ้น,46.8367,2.9216,43.9151,28/11/2567,46.8367,2.9216,43.9151,,https://web-r246-api.sec.or.th/api/forms/pdf/publish/674943910304785696be6ab0,246033282411-1
B52,นาย พิศิษฐ์ ภูสนาคม,ได้มา,หุ้น,12.1238,2.9216,15.0455,28/11/2567,12.1238,2.9216,15.0455,,https://web-r246-api.sec.or.th/api/forms/pdf/publish/674942320304785696be6aaf,246033292411-1
GABLE,นาย ประภัสสร์ เอื้อวัฒนสกุล,จำหน่าย,หุ้น,5.0287,0.0999,4.9288,28/11/2567,5.0287,0.0999,4.9288,,https://web-r246-api.sec.or.th/api/forms/pdf/publish/674e88a5af63adf119f40548,246033392412-1
CPT,บริษัท โค้วยู่ฮะมอเตอร์ จำกัด,จำหน่าย,หุ้น,10.5872,10.5872,0.0,27/11/2567,10.5872,10.5872,0.0,,https://web-r246-api.sec.or.th/api/forms/pdf/publish/6746f01ec56d4852058e6623,246033242411-1
CPT,บริษัท ซีพีที โฮลดิ้ง จำกัด,ได้มา,หุ้น,7.0751,10.5872,17.6624,27/11/2567,7.0751,10.5872,17.6624,,https://web-r246-api.sec.or.th/api/forms/pdf/publish/6747daf82729f5aa4c3bbe67,246033232411-1
GIFT,นาย โชติ เชษฐโชติศักดิ์,ได้มา,หุ้น,2.3711,0.0099,2.381,27/11/2567,39.13,1.9147,41.0447,,https://web-r246-api.sec.or.th/api/forms/pdf/publish/674e88cdaf63adf119f40549,246033382412-1
GIFT,นาย สุรชัย เชษฐโชติศักดิ์,ได้มา,หุ้น,16.3454,1.9048,18.2503,27/11/2567,39.13,1.9147,41.0447,,https://web-r246-api.sec.or.th/api/forms/pdf/publish/674e88d7af63adf119f4054a,246033372412-1
INET,"นาย วัลลภ อัจฉราวรรณ, นาง ภาวนา อัจฉราวรรณ",เริ่มต้น Concert Party,หุ้น,5.1362,0.0,5.1362,27/11/2567,5.1362,0.0,5.1362,,https://web-r246-api.sec.or.th/api/forms/pdf/publish/674d7606af63adf119f40540,246033342412-1
TNITY,บริษัท ธนา พาวเวอร์ โฮลดิ้ง จำกัด,ได้มา,หุ้น,3.96,4.661,8.621,27/11/2567,3.96,4.661,8.621,,https://web-r246-api.sec.or.th/api/forms/pdf/publish/674d57ddaf63adf119f4053c,246033312412-1
PHG,นาง ดวงใจ ตระกูลช่าง,จำหน่าย,หุ้น,17.4435,10.1511,7.2924,26/11/2567,17.4435,10.1511,7.2924,,https://web-r246-api.sec.or.th/api/forms/pdf/publish/6745b9841c79f1febd35957f,246033212411-1
PHG,นาย กมลกฤช ตระกูลช่าง,จำหน่าย,หุ้น,5.6365,5.6365,0.0,26/11/2567,8.2893,8.2893,0.0,,https://web-r246-api.sec.or.th/api/forms/pdf/publish/67458ba21c79f1febd359572,246033182411-1
PHG,บริษัท สวนอุตสาหกรรมโรจนะ จำกัด (มหาชน),ได้มา,หุ้น,5.1407,19.3592,24.5,26/11/2567,5.1407,19.3592,24.5,,https://web-r246-api.sec.or.th/api/forms/pdf/publish/6746830cc56d4852058e661e,246033222411-1
EA,บริษัท น้ำตาลราชบุรี จำกัด,ได้มา,หุ้น,0.0,5.1166,5.1166,25/11/2567,0.0,5.1166,5.1166,,https://web-r246-api.sec.or.th/api/forms/pdf/publish/674813152729f5aa4c3bbe6c,246033252411-1
EA,บริษัท เอสพีบีแอล โฮลดิง จำกัด,จำหน่าย,หุ้น,18.7874,5.1166,13.6707,25/11/2567,31.5073,5.1166,26.3906,,https://web-r246-api.sec.or.th/api/forms/pdf/publish/6747007fc56d4852058e6624,246033272411-1
FLOYD,นาย อภินันท์ เมืองเกษม,ได้มา,หุ้น,2.6775,6.885,9.5625,25/11/2567,2.6775,6.885,9.5625,,https://web-r246-api.sec.or.th/api/forms/pdf/publish/6745b63e1c79f1febd35957e,246033202411-1
FLOYD,นาย อภินันท์ เมืองเกษม,ได้มา,หุ้น,2.6775,6.885,9.5625,25/11/2567,2.6775,6.885,9.5625,ฉบับแก้ไข,https://web-r246-api.sec.or.th/api/forms/pdf/publish/6747d8a62729f5aa4c3bbe65,246033202411-2
FLOYD,นาย อภิรักษ์ เมืองเกษม,ได้มา,หุ้น,2.6922,6.867,9.5593,25/11/2567,2.6922,6.867,9.5593,,https://web-r246-api.sec.or.th/api/forms/pdf/publish/6745b5b21c79f1febd35957d,246033192411-1
FLOYD,นาย อภิรักษ์ เมืองเกษม,ได้มา,หุ้น,2.6922,6.867,9.5593,25/11/2567,2.6922,6.867,9.5593,ฉบับแก้ไข,https://web-r246-api.sec.or.th/api/forms/pdf/publish/6747dae82729f5aa4c3bbe66,246033192411-2
FLOYD,นาย อภิรัช เมืองเกษม,จำหน่าย,หุ้น,14.7301,13.752,0.978,25/11/2567,14.7301,13.752,0.978,,https://web-r246-api.sec.or.th/api/forms/pdf/publish/6745a1871c79f1febd359575,246033152411-1
HEALTH,นางสาว อัยลดา ชินวัฒน์,จำหน่าย,หุ้น,13.7236,13.7044,0.0191,22/11/2567,13.7236,13.7044,0.0191,,https://web-r246-api.sec.or.th/api/forms/pdf/publish/674560751c79f1febd35956c,246033102411-1
HYDRO,นาง พิมพ์ลดา พิพัฒน์ปากรณ์,ได้มา,หุ้น,7.3737,3.5232,10.897,22/11/2567,7.3737,3.5232,10.897,,https://web-r246-api.sec.or.th/api/forms/pdf/publish/674588a91c79f1febd35956f,246033122411-1
HYDRO,นางสาว ณุวภา วิทูรชวลิตวงษ์,ได้มา,หุ้น,3.5398,4.4635,8.0033,22/11/2567,3.5398,4.4635,8.0033,,https://web-r246-api.sec.or.th/api/forms/pdf/publish/67446fea1c79f1febd35956a,246033132411-1
HYDRO,นางสาว ภริษา ฉายาวสันต์,จำหน่าย,หุ้น,16.2123,7.9868,8.2255,22/11/2567,16.2123,7.9868,8.2255,,https://web-r246-api.sec.or.th/api/forms/pdf/publish/67458a9b1c79f1febd359571,246033142411-1
NRF,นาย อภิรุม ปัญญาพล,ได้มา,หุ้น,0.0,5.0082,5.0082,22/11/2567,0.0,5.0082,5.0082,,https://web-r246-api.sec.or.th/api/forms/pdf/publish/67405abd3a1b34c7bf8ae113,246033082411-1
WIIK,นาง สุมาลี อ่องจริต,ได้มา,หุ้น,9.9803,0.0375,10.0178,22/11/2567,9.9803,0.0375,10.0178,,https://web-r246-api.sec.or.th/api/forms/pdf/publish/6753dc3194442ee0c574f4de,246033552412-1
APO,นาย สิทธิภาส อุดมผลกุล,จำหน่าย,หุ้น,3.8235,0.0,3.8235,21/11/2567,5.2738,0.9797,4.2941,,https://web-r246-api.sec.or.th/api/forms/pdf/publish/6a8c03c0a06a7961be119e86,246043482608-1
HYDRO,นาง พิมพ์ลดา พิพัฒน์ปากรณ์,ได้มา,หุ้น,2.4814,4.8923,7.3737,21/11/2567,2.4814,4.8923,7.3737,,https://web-r246-api.sec.or.th/api/forms/pdf/publish/674587511c79f1febd35956e,246033112411-1
HYDRO,นางสาว ภริษา ฉายาวสันต์,จำหน่าย,หุ้น,24.1515,7.9391,16.2123,21/11/2567,24.1515,7.9391,16.2123,,https://web-r246-api.sec.or.th/api/forms/pdf/publish/673f1867a07fbf776c058b86,246033062411-1
HEALTH,นาย สามารถ ฉั่วศิริพัฒนา,จำหน่าย,หุ้น,5.8532,3.538,2.3151,20/11/2567,5.8532,3.538,2.3151,,https://web-r246-api.sec.or.th/api/forms/pdf/publish/673efa45a07fbf776c058b85,246033052411-1
NDR,นาง นิตยา สัมฤทธิวณิชชา,จำหน่าย,หุ้น,16.4356,5.4921,10.9435,20/11/2567,16.4356,5.4921,10.9435,,https://web-r246-api.sec.or.th/api/forms/pdf/publish/673d7c27a950c674cbd5c85c,246033032411-1
NDR,นาย ชัยสิทธิ์ สัมฤทธิวณิชชา,ได้มา,หุ้น,18.8248,5.4921,24.317,20/11/2567,18.8248,5.4921,24.317,,https://web-r246-api.sec.or.th/api/forms/pdf/publish/673d68b2a950c674cbd5c859,246033022411-1
SC,นางสาว แพทองธาร ชินวัตร,จำหน่าย,หุ้น,4.4421,4.4421,0.0,20/11/2567,35.0233,4.4421,30.5812,ผู้รายงานแจ้งยกเลิก,https://web-r246-api.sec.or.th/api/forms/pdf/publish/673d986ba950c674cbd5c85e,246033042411-1
SC,นางสาว แพทองธาร ชินวัตร,จำหน่าย,หุ้น,28.4332,23.991,4.4421,19/11/2567,59.0144,23.991,35.0233,ผู้รายงานแจ้งยกเลิก,https://web-r246-api.sec.or.th/api/forms/pdf/publish/673c41f0a950c674cbd5c850,246033012411-1
SC,นางสาว แพทองธาร ชินวัตร,จำหน่าย,หุ้น,28.4332,23.991,4.4421,19/11/2567,28.4332,23.991,4.4421,,https://web-r246-api.sec.or.th/api/forms/pdf/publish/68f88a65d5583539727b4d8b,246039072510-1
SC,บริษัท หลักทรัพย์จัดการกองทุนเกียรตินาคินภัทร จำกัด,ได้มา,หุ้น,0.0,23.991,23.991,19/11/2567,0.0,23.991,23.991,,https://web-r246-api.sec.or.th/api/forms/pdf/publish/673c3511a950c674cbd5c84c,246032952411-1
TMAN,นาง คำนวณ คงศุภลักษณ์,ได้มา,หุ้น,3.316,1.7499,5.066,18/11/2567,4.9946,1.7499,6.7446,,https://web-r246-api.sec.or.th/api/forms/pdf/publish/673c33faa950c674cbd5c84b,246032962411-1
BE8,นางสาว นิดา ตั้งวงศ์ศิริ,จำหน่าย,หุ้น,4.3301,0.5288,3.8012,15/11/2567,10.284,0.5288,9.7551,,https://web-r246-api.sec.or.th/api/forms/pdf/publish/673b59385a091524c85b38eb,246032942411-1
EASON,นาย สุรชัย รติทอง,ได้มา,หุ้น,4.9932,0.0176,5.0108,15/11/2567,4.9932,0.0176,5.0108,,https://web-r246-api.sec.or.th/api/forms/pdf/publish/6736c493bd31a71425ed283f,246032912411-1
GCAP,ADVANCE OPPORTUNITIES FUND I,จำหน่าย,หุ้น,5.1074,0.1767,4.9307,15/11/2567,5.1074,0.1767,4.9307,,https://web-r246-api.sec.or.th/api/forms/pdf/publish/6737288fbd31a71425ed2842,246032922411-1
W,นางสาว สาธิตา พลสุวัตถิ์,จำหน่าย,หุ้น,24.3637,7.7756,16.588,15/11/2567,24.3637,7.7756,16.588,,https://web-r246-api.sec.or.th/api/forms/pdf/publish/673c5c1fa950c674cbd5c855,246033002411-1
TEAMG,นาย สถาพร งามเรืองพงศ์,จำหน่าย,หุ้น,5.035,0.2197,4.8153,14/11/2567,5.035,0.2197,4.8153,,https://web-r246-api.sec.or.th/api/forms/pdf/publish/673b4a975a091524c85b38e7,246032932411-1
STANLY,บริษัท ทีเอชพีไอ จำกัด,ได้มา,หุ้น,5.0029,6.0148,11.0178,12/11/2567,5.0029,6.0148,11.0178,จะลดสัดส่วนการถือหุ้น,https://web-r246-api.sec.or.th/api/forms/pdf/publish/673584c9a4295c0046a21461,246032902411-1
B52,นาย พิศิษฐ์ ภูสนาคม,ได้มา,หุ้น,0.0,14.1968,14.1968,11/11/2567,0.0,14.1968,14.1968,,https://web-r246-api.sec.or.th/api/forms/pdf/publish/67347774b4772028b1663ccd,246032872411-1
GCAP,ADVANCE OPPORTUNITIES FUND I,ได้มา,หุ้น,3.2929,2.1749,5.4038,11/11/2567,3.2929,2.1749,5.4038,จะลดสัดส่วนการถือหุ้น,https://web-r246-api.sec.or.th/api/forms/pdf/publish/6735c492a4295c0046a21462,246032892411-1
BE8,นาย สถาพร งามเรืองพงศ์,จำหน่าย,หุ้น,5.0186,0.1721,4.8464,08/11/2567,5.0186,0.1721,4.8464,,https://web-r246-api.sec.or.th/api/forms/pdf/publish/67322436863694a0eeeaf94a,246032852411-1
NEWS,บริษัท ซุปเปอร์เทรดเดอร์ โฮลดิ้ง จำกัด,จำหน่าย,หุ้น,24.7745,24.7745,0.0,08/11/2567,24.7745,24.7745,0.0,,https://web-r246-api.sec.or.th/api/forms/pdf/publish/672de50d440cd897971eabb0,246032832411-1
SAM,นาย วรุณชัย ลีกาญจนากร,จำหน่าย,หุ้น,15.012,0.2119,14.8,08/11/2567,15.012,0.2119,14.8,,https://web-r246-api.sec.or.th/api/forms/pdf/publish/6a952f173b0bc43579425126,246043612608-1
BTS,นาย กวิน กาญจนพาสน์,ได้มา,หุ้น,5.9464,6.5449,11.4102,06/11/2567,5.9464,6.5449,11.4102,,https://web-r246-api.sec.or.th/api/forms/pdf/publish/6731da19863694a0eeeaf949,246032842411-1
IROYAL,นางสาว ศิวัตรา ศุภผลศิริ,ได้มา,หุ้น,4.5276,1.5132,6.0409,06/11/2567,4.5276,1.5132,6.0409,,https://web-r246-api.sec.or.th/api/forms/pdf/publish/672b44a67558193a195f4e32,246032802411-1
UNIQ,นาง มุกดา อาริยวัฒน์,ได้มา,หุ้น,14.993,0.0101,15.0031,06/11/2567,14.993,0.0101,15.0031,,https://web-r246-api.sec.or.th/api/forms/pdf/publish/68a15228212d984d4dde6166,246037852508-1
BTS,ธนาคารกรุงเทพ จำกัด (มหาชน),ได้มา,หุ้น,1.8673,2.9554,4.4832,05/11/2567,2.727,3.1537,5.3849,,https://web-r246-api.sec.or.th/api/forms/pdf/publish/672b1cc29b21ae206ff43491,246032822411-1
CGH,บริษัท หลักทรัพย์จัดการกองทุนเอ็มเอฟซี จำกัด (มหาชน),จำหน่าย,หุ้น,5.0639,0.2246,4.8393,04/11/2567,5.0639,0.2246,4.8393,,https://web-r246-api.sec.or.th/api/forms/pdf/publish/672c52837558193a195f4e33,246032812411-1
RABBIT,WAKATOBI LIMITED,จำหน่าย,หุ้น,11.693,11.693,0.0,31/10/2567,11.693,11.693,0.0,,https://web-r246-api.sec.or.th/api/forms/pdf/publish/672a04879b21ae206ff4348a,246032782411-1
W,นางสาว สาธิตา พลสุวัตถิ์,ได้มา,หุ้น,17.3935,9.1908,24.9858,31/10/2567,17.3935,9.1908,24.9858,,https://web-r246-api.sec.or.th/api/forms/pdf/publish/673c5592a950c674cbd5c854,246032992411-1
ABM,บริษัท เอเชีย กรีน เอนเนอจี จำกัด (มหาชน),ได้มา,หุ้น,7.4197,42.2047,46.4929,30/10/2567,7.4197,42.2047,46.4929,จะทำคำเสนอซื้อ,https://web-r246-api.sec.or.th/api/forms/pdf/publish/67242ce95e3f3ff9ee860e09,246032732411-1
B52,นาย ชัช อนุวัตรอุดม,ได้มา,หุ้น,0.9558,6.3572,7.313,30/10/2567,0.9558,6.3572,7.313,,https://web-r246-api.sec.or.th/api/forms/pdf/publish/672a1e679b21ae206ff4348c,246032792411-1
DEMCO,บริษัท ธนา พาวเวอร์ โฮลดิ้ง จำกัด,ได้มา,หลักทรัพย์แปลงสภาพ,4.264,0.9361,5.2002,29/10/2567,4.264,0.9361,5.2002,จะลดสัดส่วนการถือหุ้น,https://web-r246-api.sec.or.th/api/forms/pdf/publish/6720bfc17518ab7024f46eab,246032722410-1
GTV,NORTHWATERS CAPITAL PTE LTD,ได้มา,หุ้น,0.0,7.6155,7.6155,29/10/2567,0.0,7.6155,7.6155,,https://web-r246-api.sec.or.th/api/forms/pdf/publish/68be5a2d8f1869e68caffaa5,246038242509-1
W,นางสาว สาธิตา พลสุวัตถิ์,ได้มา,หุ้น,7.9892,10.2209,17.3935,29/10/2567,7.9892,10.2209,17.3935,,https://web-r246-api.sec.or.th/api/forms/pdf/publish/673c52d7a950c674cbd5c853,246032982411-1
W,นาย รักชัย เร่งสมบูรณ์,ได้มา,หุ้น,0.0,6.0466,6.0466,29/10/2567,0.0,6.0466,6.0466,,https://web-r246-api.sec.or.th/api/forms/pdf/publish/672224ee7518ab7024f46eaf,246033092411-1
QTC,บริษัท เอเชีย กรีน เอนเนอจี จำกัด (มหาชน),จำหน่าย,หุ้น,23.9994,23.9994,0.0,28/10/2567,23.9994,23.9994,0.0,,https://web-r246-api.sec.or.th/api/forms/pdf/publish/672432305e3f3ff9ee860e0b,246032742411-1
QTC,บริษัท เอเชีย ไบโอแมส จำกัด (มหาชน),ได้มา,หุ้น,0.0,23.9994,23.9994,28/10/2567,0.0,23.9994,23.9994,,https://web-r246-api.sec.or.th/api/forms/pdf/publish/6724a1435e3f3ff9ee860e0e,246032752411-1
GTV,นางสาว พิมพิลา จังพานิช,จำหน่าย,หุ้น,8.1708,7.6155,0.5552,25/10/2567,8.1708,7.6155,0.5552,,https://web-r246-api.sec.or.th/api/forms/pdf/publish/671f55153a08c3704409845e,246032692410-1
KUN,นาย สุรพล เทวอักษร,ได้มา,หุ้น,5.1087,4.9195,10.0282,25/10/2567,5.1087,4.9195,10.0282,,https://web-r246-api.sec.or.th/api/forms/pdf/publish/6809cab10924d9f733200b4c,246035702504-1
ROCTEC,นาย นเรศ งามอภิชน,จำหน่าย,หุ้น,10.5691,5.6418,4.9273,25/10/2567,10.5691,5.6418,4.9273,,https://web-r246-api.sec.or.th/api/forms/pdf/publish/672892e599285628cf9c3cec,246032762411-1
SUPER,จอมทรัพย์ โลจายะ,จำหน่าย,หุ้น,18.7838,0.3656,18.4181,24/10/2567,20.0782,0.3656,19.7126,,https://web-r246-api.sec.or.th/api/forms/pdf/publish/6720b11e7518ab7024f46ea9,246032702410-1
SVI,นาย พงษ์ศักดิ์ โล่ห์ทองคำ,จำหน่าย,หุ้น,73.6744,1.6254,72.0489,24/10/2567,81.4187,1.6254,79.7933,,https://web-r246-api.sec.or.th/api/forms/pdf/publish/6707a1140d3475f255bc0671,246032672410-1
COMAN,นาย อมฤทธิ์ กล่อมจิตเจริญ,จำหน่าย,หุ้น,20.0135,0.4748,19.5386,22/10/2567,20.0135,0.4748,19.5386,,https://web-r246-api.sec.or.th/api/forms/pdf/publish/671b2363084d321cf478310d,246032662410-1
MFC,BNG SPECIAL SITUATIONS FUND,ได้มา,หุ้น,4.733,0.3184,5.0514,22/10/2567,4.733,0.3184,5.0514,,https://web-r246-api.sec.or.th/api/forms/pdf/publish/671a10a723140be4f351f90c,246032652410-1
A5,นาย รัชพล ปรุงพัฒนสกุล,จำหน่าย,หุ้น,5.1011,0.1697,4.9314,18/10/2567,5.1011,0.1697,4.9314,,https://web-r246-api.sec.or.th/api/forms/pdf/publish/671243e076698d7ccbd390eb,246032592410-1
SLM,เด็กชาย ณรุจ วิวรรธนไกร,จำหน่าย,หุ้น,13.8297,3.9622,9.8674,18/10/2567,13.8297,3.9622,9.8674,,https://web-r246-api.sec.or.th/api/forms/pdf/publish/6712485e76698d7ccbd390ec,246032612410-1
TPLAS,อภิรัตน์ ธีระรุจินนท์,ได้มา,หุ้น,2.2259,10.7466,12.9725,18/10/2567,2.2259,10.7466,12.9725,,https://web-r246-api.sec.or.th/api/forms/pdf/publish/67160bc635663bd7f781ec18,246032642410-1
TPLAS,นาง พูนสิน ธีระรุจินนท์,ได้มา,หุ้น,0.0277,26.837,26.8648,18/10/2567,0.0277,26.837,26.8648,ได้รับยกเว้นทำคำเสนอซื้อ,https://web-r246-api.sec.or.th/api/forms/pdf/publish/6715f87235663bd7f781ec14,246032622410-1
TPLAS,นางสาว ภรณี ธีระรุจินนท์,ได้มา,หุ้น,1.6666,8.06,9.7266,18/10/2567,1.6666,8.06,9.7266,,https://web-r246-api.sec.or.th/api/forms/pdf/publish/6715f03535663bd7f781ec12,246032602410-1
TPLAS,นาย ภูษณ ธีระรุจินนท์,ได้มา,หุ้น,1.6666,8.06,9.7266,18/10/2567,1.6666,8.06,9.7266,,https://web-r246-api.sec.or.th/api/forms/pdf/publish/6715faba35663bd7f781ec15,246032632410-1
B52,บริษัท ทีเจดี จำกัด,จำหน่าย,หุ้น,10.5286,10.5286,0.0,17/10/2567,10.5286,10.5286,0.0,,https://web-r246-api.sec.or.th/api/forms/pdf/publish/671220fa76698d7ccbd390e7,246032572410-1
PG,บริษัท ธนูลักษณ์ จำกัด (มหาชน),จำหน่าย,หุ้น,10.9208,10.9208,0.0,17/10/2567,10.9208,10.9208,0.0,,https://web-r246-api.sec.or.th/api/forms/pdf/publish/6710806a2242f504193b183a,246032552410-1
PG,บริษัท สหพัฒนาอินเตอร์โฮลดิ้ง จำกัด (มหาชน),ได้มา,หุ้น,13.7798,28.6126,42.3924,17/10/2567,13.7798,28.6126,42.3924,จะทำคำเสนอซื้อ,https://web-r246-api.sec.or.th/api/forms/pdf/publish/6711911e256f4838748e4c94,246032542410-1
PG,บริษัท อี่ทงเทียนไท้ บีเอสซี จำกัด,จำหน่าย,หุ้น,5.527,5.527,0.0,17/10/2567,5.527,5.527,0.0,,https://web-r246-api.sec.or.th/api/forms/pdf/publish/6710e51e256f4838748e4c90,246032502410-1
ARIN,นาย สุชาติ ชมกลิ่น,จำหน่าย,หุ้น,16.9916,16.9916,0.0,16/10/2567,21.9666,16.9916,4.975,ผู้รายงานแจ้งยกเลิก,https://web-r246-api.sec.or.th/api/forms/pdf/publish/670f7a8d2242f504193b1837,246032472410-1
RJH,บริษัท ธนบุรี เฮลท์แคร์ กรุ๊ป จำกัด (มหาชน),จำหน่าย,หุ้น,5.178,3.3403,1.8377,16/10/2567,5.178,3.3403,1.8377,,https://web-r246-api.sec.or.th/api/forms/pdf/publish/671091b22242f504193b183d,246032482410-1
A5,นาย ทวีรัช ปรุงพัฒนสกุล,จำหน่าย,หุ้น,18.4388,5.0933,13.3455,15/10/2567,18.4388,5.0933,13.3455,,https://web-r246-api.sec.or.th/api/forms/pdf/publish/670f1c6f1f7ab18a28f79e4a,246032442410-1
A5,นาย รัชพล ปรุงพัฒนสกุล,ได้มา,หุ้น,0.0078,5.0933,5.1011,15/10/2567,0.0078,5.0933,5.1011,,https://web-r246-api.sec.or.th/api/forms/pdf/publish/6711d662256f4838748e4c98,246032532410-1
ARIN,นาย สุชาติ ชมกลิ่น,ได้มา,หุ้น,0.0,16.9916,16.9916,15/10/2567,4.975,16.9916,21.9666,ผู้รายงานแจ้งยกเลิก,https://web-r246-api.sec.or.th/api/forms/pdf/publish/670e09d11f7ab18a28f79e45,246032422410-1
COMAN,นาย ตระหนัก นิติวงศ์,ได้มา,หุ้น,0.0,9.0909,9.0909,15/10/2567,0.0,9.0909,9.0909,,https://web-r246-api.sec.or.th/api/forms/pdf/publish/670e043b1f7ab18a28f79e43,246032412410-1
KTMS,นาย สิทธวีร์ เกียรติชวนันต์,จำหน่าย,หุ้น,5.9186,2.0,3.9186,15/10/2567,5.9186,2.0,3.9186,,https://web-r246-api.sec.or.th/api/forms/pdf/publish/6710d185256f4838748e4c8e,246032492410-1
HANA,บริษัท หลักทรัพย์จัดการกองทุนกสิกรไทย จำกัด,จำหน่าย,หุ้น,5.0189,0.0392,4.9797,11/10/2567,5.0189,0.0392,4.9797,,https://web-r246-api.sec.or.th/api/forms/pdf/publish/670f58c52242f504193b1832,246032452410-1
GIFT,นางสาว กนกพร เรมกานนท์,จำหน่าย,หุ้น,5.2984,0.3282,4.9701,10/10/2567,5.2984,0.3282,4.9701,,https://web-r246-api.sec.or.th/api/forms/pdf/publish/671f53043a08c3704409845c,246032682410-1
GLOCON,BTG VAULT PTE LTD,จำหน่าย,หุ้น,10.2993,5.4375,4.8618,10/10/2567,10.2993,5.4375,4.8618,,https://web-r246-api.sec.or.th/api/forms/pdf/publish/67061eeb0f383612eb7c2705,246032382410-1
HEALTH,นาย พีระพล สุวรรณแสง,ได้มา,หุ้น,0.0,15.6146,15.6146,10/10/2567,0.0,15.6146,15.6146,,https://web-r246-api.sec.or.th/api/forms/pdf/publish/670f6a872242f504193b1835,246032462410-1
HEALTH,บริษัท มอร์ รีเทิร์น จำกัด (มหาชน),จำหน่าย,หุ้น,20.3809,15.6146,4.7663,10/10/2567,20.3809,15.6146,4.7663,,https://web-r246-api.sec.or.th/api/forms/pdf/publish/670ba98f8f4f0a6805507c1e,246032402410-1
IT,นาง จารุณี ชินวงศ์วรกุล,ได้มา,หุ้น,9.9569,0.0846,10.0415,09/10/2567,9.9569,0.0846,10.0415,,https://web-r246-api.sec.or.th/api/forms/pdf/publish/67073fab0d3475f255bc066f,246032372410-1
WELL,นาย อาทิตย์ โอว์,จำหน่าย,หุ้น,6.4814,6.4814,0.0,09/10/2567,6.4814,6.4814,0.0,,https://web-r246-api.sec.or.th/api/forms/pdf/publish/699ecd3130554da3345de30a,246040862602-1
WELL,นาย อาทิตย์ โอว์,จำหน่าย,หุ้น,6.4814,6.4814,0.0,09/10/2567,6.4814,6.4814,0.0,ฉบับแก้ไข,https://web-r246-api.sec.or.th/api/forms/pdf/publish/6a2ba5557f39376f1afc98e6,246040862602-2
ACC,นาย ธีระยุทธ หอประเสริฐกิจ,ได้มา,หลักทรัพย์แปลงสภาพ,0.0,100.0,100.0,08/10/2567,0.0,100.0,100.0,,https://web-r246-api.sec.or.th/api/forms/pdf/publish/670622e70f383612eb7c2707,246032322410-1
ACC,นาย ธีระยุทธ หอประเสริฐกิจ,ได้มา,หลักทรัพย์แปลงสภาพ,0.0,11.3838,11.3838,08/10/2567,0.0,11.3838,11.3838,ฉบับแก้ไข,https://web-r246-api.sec.or.th/api/forms/pdf/publish/67073ab40d3475f255bc066e,246032322410-2
DEMCO,บริษัท ธนา พาวเวอร์ โฮลดิ้ง จำกัด,ได้มา,หุ้น,4.9751,0.0542,5.0293,08/10/2567,4.9751,0.0542,5.0293,,https://web-r246-api.sec.or.th/api/forms/pdf/publish/67050a4e68305c490ba25d2d,246032302410-1
FTI,นาง วรญา ภูวพัชร์,ได้มา,หุ้น,3.5872,0.0363,3.6235,08/10/2567,69.9654,0.0363,70.0018,,https://web-r246-api.sec.or.th/api/forms/pdf/publish/67050ae068305c490ba25d2e,246032312410-1
KCAR,นาง วิภาพร จันทรเสรีกุล,จำหน่าย,หุ้น,20.2049,3.2,17.0049,08/10/2567,20.2049,3.2,17.0049,,https://web-r246-api.sec.or.th/api/forms/pdf/publish/67062c56f30f92318bd845a4,246032352410-1
KCAR,นาย พิชิต จันทรเสรีกุล,ได้มา,หุ้น,13.6,1.6,15.2,08/10/2567,13.6,1.6,15.2,,https://web-r246-api.sec.or.th/api/forms/pdf/publish/67065784f30f92318bd845a6,246032362410-1
KCAR,นาย พิเทพ จันทรเสรีกุล,ได้มา,หุ้น,13.6,1.6,15.2,08/10/2567,13.6,1.6,15.2,,https://web-r246-api.sec.or.th/api/forms/pdf/publish/66f3da63b63614c81f5adc39,246032342410-1
OKJ,นาย ชลากร เอกชัยพัฒนกุล,จำหน่าย,หุ้น,25.0903,3.0285,22.0617,04/10/2567,25.0903,3.0285,22.0617,,https://web-r246-api.sec.or.th/api/forms/pdf/publish/66ffc3ca811f6cbbe4b2cffe,246032242410-1
OKJ,บริษัท มอดูลัส เวนเจอร์ จำกัด,ได้มา,หุ้น,14.7783,5.2216,20.0,04/10/2567,14.7783,5.2216,20.0,,https://web-r246-api.sec.or.th/api/forms/pdf/publish/6703a038f026399bc17fafdc,246032252410-1
SSC,บริษัท เอสเอส เนชั่นแนล โลจิสติกส์ จำกัด,จำหน่าย,หุ้น,20.1202,20.1202,0.0,04/10/2567,20.1202,20.1202,0.0,,https://web-r246-api.sec.or.th/api/forms/pdf/publish/6704f8ed68305c490ba25d2b,246032292410-1
POLAR,นาย ธนภัทร ตันติเสเวกุล,จำหน่าย,หุ้น,5.3318,1.1108,4.2209,03/10/2567,5.3318,1.1108,4.2209,,https://web-r246-api.sec.or.th/api/forms/pdf/publish/6703f2aaf026399bc17fafde,246032262410-1
NRF,บริษัท เอเชี่ยน ฟู้ด คอร์ปอร์เรชั่น จำกัด,จำหน่าย,หุ้น,19.2655,5.5904,13.675,01/10/2567,19.2655,5.5904,13.675,,https://web-r246-api.sec.or.th/api/forms/pdf/publish/671088cc2242f504193b183b,246032582410-1
CPT,"REAL D&C CO.,LTD.",ได้มา,หุ้น,17.7493,7.0472,24.7966,30/09/2567,17.7493,34.4113,52.1606,จะทำคำเสนอซื้อ,https://web-r246-api.sec.or.th/api/forms/pdf/publish/66fae4410b651c4855625c7a,246032122410-1
CPT,"REAL D&C CO.,LTD., บริษัท ซีพีที โฮลดิ้ง จำกัด, SAISHIN ENERGY LLC.",เริ่มต้น Concert Party,หุ้น,34.4113,0.0,34.4113,30/09/2567,34.4113,0.0,34.4113,จะทำคำเสนอซื้อ,https://web-r246-api.sec.or.th/api/forms/pdf/publish/66fae4f80b651c4855625c7b,246032152410-1
CPT,SAISHIN ENERGY LLC.,ได้มา,หุ้น,0.0,22.6468,22.6468,30/09/2567,17.7493,34.4113,52.1606,จะทำคำเสนอซื้อ,https://web-r246-api.sec.or.th/api/forms/pdf/publish/66fb8b1f0b651c4855625c7e,246032112410-1
CPT,"SAISHIN ENERGY LLC., บริษัท ซีพีที โฮลดิ้ง จำกัด, Real D&C Co., Ltd.",เริ่มต้น Concert Party,หุ้น,34.4113,0.0,34.4113,30/09/2567,34.4113,0.0,34.4113,จะทำคำเสนอซื้อ,https://web-r246-api.sec.or.th/api/forms/pdf/publish/66fae2440b651c4855625c79,246032142410-1
CPT,นาง กันยา หลิมประเสริฐ,จำหน่าย,หุ้น,16.3635,16.3635,0.0,30/09/2567,16.3635,16.3635,0.0,,https://web-r246-api.sec.or.th/api/forms/pdf/publish/66fba9ac0b651c4855625c86,246032182410-1
CPT,นาย ชัยยศ ปิยะวรรณรัตน์,จำหน่าย,หุ้น,5.5555,5.5555,0.0,30/09/2567,5.5555,5.5555,0.0,,https://web-r246-api.sec.or.th/api/forms/pdf/publish/66fb9d810b651c4855625c81,246032192410-1
CPT,"บริษัท ซีพีที โฮลดิ้ง จำกัด, SAISHIN ENERGY LLC., Real D&C Co., Ltd.",เริ่มต้น Concert Party,หุ้น,34.4113,0.0,34.4113,30/09/2567,34.4113,0.0,34.4113,จะทำคำเสนอซื้อ,https://web-r246-api.sec.or.th/api/forms/pdf/publish/66fadded0b651c4855625c75,246032132410-1
DOD,นาย ล้ำพันธุ์ พรรธนประเทศ,ได้มา,หุ้น,0.0,19.5153,19.5153,30/09/2567,0.0,19.5153,19.5153,,https://web-r246-api.sec.or.th/api/forms/pdf/publish/66fb74a60b651c4855625c7c,246032172410-1
DOD,บริษัท หลักทรัพย์จัดการกองทุนเกียรตินาคินภัทร จำกัด,จำหน่าย,หุ้น,19.5153,19.5153,0.0,30/09/2567,19.5153,19.5153,0.0,,https://web-r246-api.sec.or.th/api/forms/pdf/publish/66fa4a9c294189c108cfd523,246032052409-1
HPT,นาย ธีรนาท งามจิตรเจริญ,จำหน่าย,หุ้น,5.196,0.4531,4.7429,30/09/2567,5.196,0.4531,4.7429,,https://web-r246-api.sec.or.th/api/forms/pdf/publish/66fcc8ef647f4838f68e4d10,246032212410-1
KC,นาย ธีระ ปัญจมะวัต,จำหน่าย,หุ้น,9.9307,5.5333,4.3973,30/09/2567,9.9307,5.5333,4.3973,ฉบับแก้ไข,https://web-r246-api.sec.or.th/api/forms/pdf/publish/66fe268eca4d204a29665e42,246027812401-2
KC,นาย สุทธิชัย เต็มประเสริฐฤดี,ได้มา,หุ้น,9.6742,2.1986,11.8729,30/09/2567,9.6742,2.1986,11.8729,,https://web-r246-api.sec.or.th/api/forms/pdf/publish/66ff597b811f6cbbe4b2cffd,246032232410-1
NOVA,BNG SPECIAL SITUATIONS FUND,จำหน่าย,หุ้น,6.8345,6.7255,0.1089,30/09/2567,6.8345,6.7255,0.1089,,https://web-r246-api.sec.or.th/api/forms/pdf/publish/6704ac4f68305c490ba25d24,246032272410-1
NOVA,นางสาว ปาลีรัฐ ปานบุญห้อม,ได้มา,หุ้น,33.5503,5.1108,38.6611,30/09/2567,33.5503,5.1108,38.6611,,https://web-r246-api.sec.or.th/api/forms/pdf/publish/66fbe8380b651c4855625c8d,246034832502-1
NOVA,นาย ประสิทธิ์ กาญจนศักดิ์ชัย,จำหน่าย,หุ้น,5.3221,1.7916,3.5304,30/09/2567,5.3221,1.7916,3.5304,,https://web-r246-api.sec.or.th/api/forms/pdf/publish/66fb7d6d0b651c4855625c7d,246032102410-1
GREEN,นาย พิจิตต์ วิริยะเมตตากุล,ได้มา,หุ้น,9.9996,0.0611,10.0608,27/09/2567,9.9996,0.0611,10.0608,,https://web-r246-api.sec.or.th/api/forms/pdf/publish/66fa129e294189c108cfd521,246032042409-1
NOVA,นางสาว ปาลีรัฐ ปานบุญห้อม,ได้มา,หุ้น,24.1962,9.354,33.5503,27/09/2567,24.1962,9.354,33.5503,อื่นๆ,https://web-r246-api.sec.or.th/api/forms/pdf/publish/66fa81f10b651c4855625c70,246034862502-1
NOVA,นางสาว ปาลีรัฐ ปานบุญห้อม,ได้มา,หุ้น,24.1962,9.354,33.5503,27/09/2567,24.1962,9.354,33.5503,ฉบับแก้ไข จะลดสัดส่วนการถือหุ้น,https://web-r246-api.sec.or.th/api/forms/pdf/publish/67ebaaf3345a820878c81c9a,246034862502-2
NOVA,บริษัท เสริมสร้าง พาวเวอร์ คอร์ปอเรชั่น จำกัด (มหาชน),จำหน่าย,หุ้น,14.456,9.354,5.102,27/09/2567,14.456,9.354,5.102,,https://web-r246-api.sec.or.th/api/forms/pdf/publish/66f264317a5850b3a496c7bd,246032062409-1
YGG,นาย ศรุต ทับลอย,จำหน่าย,หุ้น,5.5879,0.5969,4.991,27/09/2567,5.5879,0.5969,4.991,,https://web-r246-api.sec.or.th/api/forms/pdf/publish/66fbad220b651c4855625c89,246032202410-1
SFLEX,นาย ปรินทร์ธรณ์ อภิธนาศรีวงศ์,จำหน่าย,หุ้น,25.2259,2.7694,22.4565,26/09/2567,25.2259,2.7694,22.4565,,https://web-r246-api.sec.or.th/api/forms/pdf/publish/66fa8ec20b651c4855625c71,246032092410-1
AMA,นาย พิพัฒน์ รัชกิจประการ,ได้มา,หุ้น,3.9156,2.8962,6.8119,25/09/2567,32.4922,2.8962,35.3884,ผู้รายงานแจ้งยกเลิก,https://web-r246-api.sec.or.th/api/forms/pdf/publish/66f646fde1397f6eccc582e7,246032022409-1
AMA,นาย พิพัฒน์ รัชกิจประการ,ได้มา,หุ้น,3.9156,2.8962,6.8119,25/09/2567,3.9156,2.8962,6.8119,,https://web-r246-api.sec.or.th/api/forms/pdf/publish/6a0c16be7f39376f1afc9884,246041932605-1
MFC,OPUS-CHARTERED ISSUANCES S.A.,ได้มา,หุ้น,0.0,24.9633,24.9633,24/09/2567,0.0,24.9633,24.9633,,https://web-r246-api.sec.or.th/api/forms/pdf/publish/66f5909f3468ccefbf1303e2,246032032409-1
MFC,บริษัท คันทรี่ กรุ๊ป โฮลดิ้งส์ จำกัด (มหาชน),จำหน่าย,หุ้น,24.9633,24.9633,0.0,24/09/2567,24.9633,24.9633,0.0,,https://web-r246-api.sec.or.th/api/forms/pdf/publish/66f29faac96012f752590b6d,246031972409-1
TEAMG,นาย สมพงษ์ ชลคดีดำรงกุล,ได้มา,หุ้น,4.3022,0.1025,4.4048,24/09/2567,4.9603,0.1025,5.0628,,https://web-r246-api.sec.or.th/api/forms/pdf/publish/66fa76a40b651c4855625c6f,246032072409-1
TVDH,บริษัท เดอะ การูด้า เพาเวอร์ จำกัด,จำหน่าย,หุ้น,6.9862,0.1441,6.8421,24/09/2567,10.0849,0.1441,9.9408,,https://web-r246-api.sec.or.th/api/forms/pdf/publish/66f385f4c96012f752590b70,246031982409-1
APEX,นาย ภูวดล อ้างสันติกุล,ได้มา,หุ้น,0.0,5.2051,5.2051,23/09/2567,0.0,5.2051,5.2051,,https://web-r246-api.sec.or.th/api/forms/pdf/publish/66f529833468ccefbf1303da,246032012409-1
NOVA,นางสาว ปาลีรัฐ ปานบุญห้อม,จำหน่าย,หุ้น,31.655,7.4587,24.1962,23/09/2567,31.655,7.4587,24.1962,,https://web-r246-api.sec.or.th/api/forms/pdf/publish/66fbe45c0b651c4855625c8c,246032392410-1
WAVE,นาง จารุณี ชินวงศ์วรกุล,ได้มา,หุ้น,4.9575,0.0436,5.0012,23/09/2567,4.9575,0.0436,5.0012,,https://web-r246-api.sec.or.th/api/forms/pdf/publish/66f3c1bcc96012f752590b74,246032002409-1
DCC,นาย นครินทร์ แสงศาสตรา,จำหน่าย,หุ้น,5.1776,0.8242,4.3534,20/09/2567,5.1776,0.8242,4.3534,,https://web-r246-api.sec.or.th/api/forms/pdf/publish/66f0e450e5638a2a56d03e71,246031942409-1
STPI,นาย อนุทิน ชาญวีรกูล,ได้มา,หุ้น,0.0,9.8388,9.8388,20/09/2567,0.0,9.8388,9.8388,,https://web-r246-api.sec.or.th/api/forms/pdf/publish/66f0f7afe5638a2a56d03e72,246031952409-1
STPI,บริษัท หลักทรัพย์จัดการกองทุนเกียรตินาคินภัทร จำกัด,จำหน่าย,หุ้น,9.8388,9.8388,0.0,20/09/2567,9.8388,9.8388,0.0,,https://web-r246-api.sec.or.th/api/forms/pdf/publish/66ed487b1a05a65dbcec71db,246031872409-1
NOVA,นาย ประสิทธิ์ กาญจนศักดิ์ชัย,จำหน่าย,หุ้น,12.5214,3.0062,9.5151,19/09/2567,12.5214,3.0062,9.5151,,https://web-r246-api.sec.or.th/api/forms/pdf/publish/66f37cfbc96012f752590b6f,246031992409-1
PROS,นาย บรรเจิด ตั้งใจ,ได้มา,หลักทรัพย์แปลงสภาพ,0.0,5.4845,5.4845,19/09/2567,0.0,5.4845,5.4845,,https://web-r246-api.sec.or.th/api/forms/pdf/publish/66f0dabe1e7b5387d7999bf1,246032162410-1
TNDT,BLOMVESG VCC ACTING FOR THE PURPOSE OF NEW EDGE ENERGY OPPORTUNITY SUB FUND,ได้มา,หุ้น,24.3429,21.7988,36.814,18/09/2567,24.3429,21.7988,36.814,ได้รับยกเว้นทำคำเสนอซื้อ,https://web-r246-api.sec.or.th/api/forms/pdf/publish/66f26a4b7a5850b3a496c7be,246031962409-1
BC,นาย ปรับชะรันซิงห์ ทักราล,ได้มา,หุ้น,16.7002,6.6701,23.3703,17/09/2567,16.7002,6.6701,23.3703,,https://web-r246-api.sec.or.th/api/forms/pdf/publish/66ea9cf9916656529f9c66bc,246031862409-1
BC,นาย มันโมฮันซิงห์ ทักราล,จำหน่าย,หุ้น,0.1311,0.1311,0.0,17/09/2567,6.6701,6.6701,0.0,,https://web-r246-api.sec.or.th/api/forms/pdf/publish/66ec021eaa6aaf7313f1ada2,246031852409-1
SAMTEL,นาง จารุณี ชินวงศ์วรกุล,ได้มา,หุ้น,4.9024,0.2061,5.1085,17/09/2567,4.9024,0.2061,5.1085,,https://web-r246-api.sec.or.th/api/forms/pdf/publish/66e946ff215dc8e4d90ef8f6,246031832409-1
BSRC,บริษัท บางจาก คอร์ปอเรชั่น จำกัด (มหาชน),ได้มา,หุ้น,79.9025,0.0992,80.0018,16/09/2567,79.9025,0.0992,80.0018,,https://web-r246-api.sec.or.th/api/forms/pdf/publish/66ebf68daa6aaf7313f1ad9a,246031842409-1
OCC,บริษัท ไอ.ดี.เอฟ. จำกัด,จำหน่าย,หุ้น,5.2278,1.6666,3.5611,16/09/2567,5.2278,1.6666,3.5611,,https://web-r246-api.sec.or.th/api/forms/pdf/publish/66e92f21215dc8e4d90ef8f4,246031822409-1
PROS,นาย ชนธัญ ศิลปานันทกุล,ได้มา,หลักทรัพย์แปลงสภาพ,0.0,5.4845,5.4845,16/09/2567,0.0,5.4845,5.4845,,https://web-r246-api.sec.or.th/api/forms/pdf/publish/66f0d9101e7b5387d7999bf0,246031922409-1
TPCS,บริษัท ไอ.ดี.เอฟ. จำกัด,จำหน่าย,หุ้น,5.4842,0.9259,4.5582,16/09/2567,5.4842,0.9259,4.5582,,https://web-r246-api.sec.or.th/api/forms/pdf/publish/66e92dea215dc8e4d90ef8f2,246031812409-1
SGC,บริษัท ซิงเกอร์ประเทศไทย จำกัด (มหาชน),ได้มา,หลักทรัพย์แปลงสภาพ,0.0,23.5576,23.5576,13/09/2567,0.0,23.5576,23.5576,,https://web-r246-api.sec.or.th/api/forms/pdf/publish/688a0c6bd45164765eaa8a7a,246037702507-1
NATION,นาย ฉาย บุนนาค,ได้มา,หุ้น,9.4942,5.1156,14.6098,12/09/2567,9.4942,5.1156,14.6098,,https://web-r246-api.sec.or.th/api/forms/pdf/publish/66e3bc1c9f2356970f9cab29,246031782409-1
BH,นาย สาธิต วิทยากร,จำหน่าย,หุ้น,5.1101,2.5133,2.5968,11/09/2567,5.1101,2.5133,2.5968,,https://web-r246-api.sec.or.th/api/forms/pdf/publish/66e12190f6353fa2b985b6d2,246031722409-1
GTB,นาย สุชาติ มงคลอารีย์พงษ์,ได้มา,หุ้น,59.9999,0.2004,60.2003,11/09/2567,59.9999,0.2004,60.2003,,https://web-r246-api.sec.or.th/api/forms/pdf/publish/66e3ffb09f2356970f9cab2e,246031802409-1
SDC,นาง จารุณี ชินวงศ์วรกุล,ได้มา,หุ้น,4.9854,0.2793,5.2647,11/09/2567,4.9854,0.2793,5.2647,,https://web-r246-api.sec.or.th/api/forms/pdf/publish/66e166e1c515a0382ee64c46,246031752409-1
TRITN,นาย วิชาญ วชิรพงศ์,ได้มา,หุ้น,4.5607,0.5526,5.1134,11/09/2567,4.5607,0.5526,5.1134,,https://web-r246-api.sec.or.th/api/forms/pdf/publish/66e26452084995fbf8dc1015,246031762409-1
PG,บริษัท ไอ.ดี.เอฟ. จำกัด,จำหน่าย,หุ้น,7.5937,2.6041,4.9895,10/09/2567,7.5937,2.6041,4.9895,,https://web-r246-api.sec.or.th/api/forms/pdf/publish/66e14699f6353fa2b985b6d3,246031732409-1
SGC,บริษัท ซิงเกอร์ประเทศไทย จำกัด (มหาชน),ได้มา,หุ้น,74.9234,39.2627,78.5254,10/09/2567,74.9234,39.2627,78.5254,จะลดสัดส่วนการถือหุ้น,https://web-r246-api.sec.or.th/api/forms/pdf/publish/68836d8a4d0484f85ccb0c76,246037692507-1
SAM,นาย วรุณชัย ลีกาญจนากร,ได้มา,หุ้น,14.9737,0.1435,15.1173,06/09/2567,14.9737,0.1435,15.1173,,https://web-r246-api.sec.or.th/api/forms/pdf/publish/6a94fd773b0bc43579425123,246043602608-1
SAM,นาย วรุณชัย ลีกาญจนากร,ได้มา,หุ้น,14.9737,0.1435,15.1173,06/09/2567,14.9737,0.1435,15.1173,ฉบับแก้ไข,https://web-r246-api.sec.or.th/api/forms/pdf/publish/6a991b543b0bc43579425131,246043602608-2
CHO,นาย สุกฤตย์ สุรบถโสภณ,ได้มา,หุ้น,14.9161,0.4088,15.325,05/09/2567,14.9161,0.4088,15.325,,https://web-r246-api.sec.or.th/api/forms/pdf/publish/66da7dbc0b6af4879b3a9bb4,246031672409-1
JCK,นาย อภิชัย เตชะอุบล,จำหน่าย,หุ้น,10.3739,0.605,9.7688,05/09/2567,22.4727,0.605,21.8676,,https://web-r246-api.sec.or.th/api/forms/pdf/publish/66de8035c43181fd58c81171,246031712409-1
K,นาย วันชัย พันธุ์วิเชียร,ได้มา,หุ้น,14.9992,0.0073,15.0066,05/09/2567,14.9992,0.0073,15.0066,,https://web-r246-api.sec.or.th/api/forms/pdf/publish/66dab1140b6af4879b3a9bb7,246031692409-1
NATION,นางสาว กัญจนารัศม์ วงศ์พันธุ์,จำหน่าย,หุ้น,6.7821,5.9627,0.8194,05/09/2567,6.7821,5.9627,0.8194,,https://web-r246-api.sec.or.th/api/forms/pdf/publish/66dab1600b6af4879b3a9bb8,246031702409-1
NATION,นาย ฉาย บุนนาค,ได้มา,หุ้น,3.5314,5.9627,9.4942,05/09/2567,3.5314,5.9627,9.4942,,https://web-r246-api.sec.or.th/api/forms/pdf/publish/66da88be0b6af4879b3a9bb6,246031682409-1
STPI,IMPACT SOLAR GROUP LIMITED,ได้มา,หุ้น,0.0,8.926,8.926,05/09/2567,0.0,8.926,8.926,อื่นๆ,https://web-r246-api.sec.or.th/api/forms/pdf/publish/678781d1e25ad030f4164520,246034302501-1
TMT,นาง พรจิตต์ ธรสารสมบัติ,จำหน่าย,หุ้น,7.3499,3.4452,3.9046,04/09/2567,8.3835,3.4452,4.9382,,https://web-r246-api.sec.or.th/api/forms/pdf/publish/66d945d4310679d5febfea1a,246031652409-1
ICC,บริษัท ไอ.ดี.เอฟ. จำกัด,จำหน่าย,หุ้น,10.4222,0.4383,9.9838,03/09/2567,10.4222,0.4383,9.9838,,https://web-r246-api.sec.or.th/api/forms/pdf/publish/66d7cdc40d0b86c0dfccd4f7,246031632409-1
QLT,นางสาว นันท์นลิน ไพบูลย์ปรีดี,ได้มา,หุ้น,4.9483,5.0288,9.9772,03/09/2567,4.9483,5.0288,9.9772,,https://web-r246-api.sec.or.th/api/forms/pdf/publish/6711d656256f4838748e4c97,246032522410-1
GIFT,ธนาคารกรุงเทพ จำกัด (มหาชน),ได้มา,หุ้น,0.0,8.3812,8.3812,30/08/2567,0.0,8.3812,8.3812,,https://web-r246-api.sec.or.th/api/forms/pdf/publish/66d53bbec157fc4b1a425f36,246031622409-1
NCL,นาย กิตติ พัวถาวรสกุล,จำหน่าย,หุ้น,5.0658,0.2839,4.7819,28/08/2567,5.0658,0.2839,4.7819,,https://web-r246-api.sec.or.th/api/forms/pdf/publish/66fd0e36ba289ad18be0e5a4,246032222410-1
RABBIT,WAKATOBI LIMITED,จำหน่าย,หุ้น,15.0034,0.3771,14.6262,27/08/2567,15.0034,0.3771,14.6262,,https://web-r246-api.sec.or.th/api/forms/pdf/publish/66cf5dd45445e03e2e265247,246031602408-1
GABLE,นาย สุวิทย์ วงศ์สงวน,ได้มา,หุ้น,2.2678,3.8518,6.1197,26/08/2567,2.2678,3.8518,6.1197,,https://web-r246-api.sec.or.th/api/forms/pdf/publish/66cea62a47629026bf66cd7b,246031582408-1
TVDH,นางสาว อรวรรยา จารุสิริการณ์กูล,จำหน่าย,หุ้น,5.0086,0.1087,4.8998,26/08/2567,5.0086,0.1087,4.8998,,https://web-r246-api.sec.or.th/api/forms/pdf/publish/66d037bf6a58a38adee99ef8,246031612408-1
TAKUNI,นาย ธีรพล นพรัมภา,ได้มา,หุ้น,3.922,39.2202,43.1422,23/08/2567,7.844,43.1422,50.9863,ผู้รายงานแจ้งยกเลิก อื่นๆ,https://web-r246-api.sec.or.th/api/forms/pdf/publish/66cc26d4190107232a4d3746,246031542408-1
TAKUNI,นาย ธีรพล นพรัมภา,ได้มา,หุ้น,2.3279,3.922,6.2499,23/08/2567,2.3279,3.922,6.2499,,https://web-r246-api.sec.or.th/api/forms/pdf/publish/66cc49d1190107232a4d374c,246031562408-1
CIG,SYCAMORE CAPITAL SPC,จำหน่าย,หุ้น,14.8944,4.9839,9.9104,22/08/2567,14.8944,4.9839,9.9104,,https://web-r246-api.sec.or.th/api/forms/pdf/publish/66c7130dc0705e937ba4a7a1,246031452408-1
PSTC,นาย โสมพัฒน์ ไตรโสรัส,ได้มา,หลักทรัพย์แปลงสภาพ,4.9683,5.6029,10.5712,22/08/2567,4.9683,5.6029,10.5712,,https://web-r246-api.sec.or.th/api/forms/pdf/publish/66c807356a55cfc3d215d7eb,246031482408-1
PSTC,นาย โสมพัฒน์ ไตรโสรัส,ได้มา,หุ้น,6.7892,11.1984,17.9877,22/08/2567,6.7892,11.1984,17.9877,,https://web-r246-api.sec.or.th/api/forms/pdf/publish/66c828237b051ce3ce62f7e6,246031472408-1
CIG,SYCAMORE CAPITAL SPC,จำหน่าย,หุ้น,17.0826,2.1882,14.8944,21/08/2567,17.0826,2.1882,14.8944,,https://web-r246-api.sec.or.th/api/forms/pdf/publish/66c71058c0705e937ba4a79d,246031422408-1
TOP,GIC PRIVATE LIMITED,ได้มา,หุ้น,4.979,0.0264,5.0054,21/08/2567,4.979,0.0264,5.0054,,https://web-r246-api.sec.or.th/api/forms/pdf/publish/66c6df84c0705e937ba4a796,246031512408-1
WARRIX,นาย วิศัลย์ วนะศักดิ์ศรีสกุล,จำหน่าย,หุ้น,35.7538,2.5365,33.2172,21/08/2567,35.7538,2.5365,33.2172,,https://web-r246-api.sec.or.th/api/forms/pdf/publish/66cbfa24190107232a4d3742,246031532408-1
SCI,นาย รัฐ พงษ์สุรพิพัฒน์,ได้มา,หุ้น,4.9995,0.0235,5.023,20/08/2567,4.9995,0.0235,5.023,,https://web-r246-api.sec.or.th/api/forms/pdf/publish/6836d541415edf0906251d24,246036392505-1
SWC,นาง ละออ ตั้งคารวคุณ,สิ้นสุดนิติบุคคลตามมาตรา 258,หุ้น,0.0,60.1213,-60.1213,20/08/2567,0.0,60.1213,0.0,,https://web-r246-api.sec.or.th/api/forms/pdf/publish/6759a2b6641f01f8d6480cff,246033652412-1
SWC,นาย จตุภัทร์ ตั้งคารวคุณ,ได้มานิติบุคคลตามมาตรา 258,หุ้น,0.0,60.1213,60.1213,20/08/2567,60.1213,60.1213,60.1213,,https://web-r246-api.sec.or.th/api/forms/pdf/publish/6756da1abe7745eac58bfeef,246033582412-1
SWC,นาย ประจักษ์ ตั้งคารวคุณ,สิ้นสุดนิติบุคคลตามมาตรา 258,หุ้น,0.0,60.1213,-60.1213,20/08/2567,0.0,60.1213,0.0,,https://web-r246-api.sec.or.th/api/forms/pdf/publish/6759a5b2641f01f8d6480d01,246033662412-1
TOA,นาง บุศทรี หวั่งหลี,ได้มานิติบุคคลตามมาตรา 258,หุ้น,0.0,30.4415,30.4415,20/08/2567,30.4415,30.4415,30.4415,,https://web-r246-api.sec.or.th/api/forms/pdf/publish/6756dcdcbe7745eac58bfef1,246033592412-1
TOA,นาง ละออ ตั้งคารวคุณ,สิ้นสุดนิติบุคคลตามมาตรา 258,หุ้น,0.0,30.4415,-30.4415,20/08/2567,0.0,30.4415,0.0,,https://web-r246-api.sec.or.th/api/forms/pdf/publish/67599e94641f01f8d6480cfd,246033642412-1
TOA,นาย จตุภัทร์ ตั้งคารวคุณ,ได้มานิติบุคคลตามมาตรา 258,หุ้น,0.0,30.4415,30.4415,20/08/2567,30.4415,30.4415,30.4415,,https://web-r246-api.sec.or.th/api/forms/pdf/publish/6756c769be7745eac58bfee6,246033572412-1
TOA,นาย ณัฏฐวุฒิ ตั้งคารวคุณ,ได้มานิติบุคคลตามมาตรา 258,หุ้น,0.0,30.4415,30.4415,20/08/2567,30.4415,30.4415,30.4415,,https://web-r246-api.sec.or.th/api/forms/pdf/publish/6756d595be7745eac58bfeeb,246033562412-1
TOA,นาย ประจักษ์ ตั้งคารวคุณ,สิ้นสุดนิติบุคคลตามมาตรา 258,หุ้น,0.0,30.4415,-30.4415,20/08/2567,0.0,30.4415,0.0,,https://web-r246-api.sec.or.th/api/forms/pdf/publish/67599b60641f01f8d6480cfa,246033632412-1
AP,จัดการการลงทุน แอร์เมส,ได้มา,หุ้น,4.9791,0.0565,5.0356,19/08/2567,4.9791,0.0565,5.0356,,https://web-r246-api.sec.or.th/api/forms/pdf/publish/66c58310b33ccf49fd155e17,246031402408-1
LANNA,บริษัท ซันไรส์ อีคิวตี้ จำกัด,ได้มา Chain principle,หุ้น,0.0,0.0,0.0,19/08/2567,0.0,0.0,0.0,,https://web-r246-api.sec.or.th/api/forms/pdf/publish/66c8418d7b051ce3ce62f7e8,246031492408-1
NOVA,นาย ประสิทธิ์ กาญจนศักดิ์ชัย,ได้มา,หุ้น,8.9909,3.5304,12.5214,19/08/2567,8.9909,3.5304,12.5214,,https://web-r246-api.sec.or.th/api/forms/pdf/publish/66c41a1e6717247a1e6a8e38,246031342408-1
SCCC,บริษัท ซันไรส์ อีคิวตี้ จำกัด,ได้มา,หุ้น,36.2407,25.5393,61.7801,19/08/2567,46.3387,25.5393,71.8781,จะทำคำเสนอซื้อ,https://web-r246-api.sec.or.th/api/forms/pdf/publish/66b476c1c12bf73bc63d4fe2,246031302408-1
SUN,บริษัท ซันสวีท โฮลดิ้งส์ จำกัด,ได้มา,หุ้น,46.0208,8.9791,55.0,19/08/2567,67.9958,0.0,67.9958,ได้รับการผ่อนผัน,https://web-r246-api.sec.or.th/api/forms/pdf/publish/66c44af66717247a1e6a8e3b,246031362408-1
SVT,นาย บุณยสิทธิ์ โชควัฒนา,จำหน่าย,หุ้น,5.0147,5.0147,0.0,19/08/2567,5.0147,5.0147,0.0,,https://web-r246-api.sec.or.th/api/forms/pdf/publish/66c47af66717247a1e6a8e3f,246031382408-1
SVT,บริษัท อี่ทงเทียนไท้ บีเอสซี จำกัด,ได้มา,หุ้น,0.0014,5.0147,5.0161,19/08/2567,0.0014,5.0147,5.0161,,https://web-r246-api.sec.or.th/api/forms/pdf/publish/66c469896717247a1e6a8e3d,246031372408-1
TAE,บริษัท ซันไรส์ อีคิวตี้ จำกัด,ได้มา Chain principle,หุ้น,0.0,0.0,0.0,19/08/2567,0.0,0.0,0.0,,https://web-r246-api.sec.or.th/api/forms/pdf/publish/66c8425a7b051ce3ce62f7ea,246031502408-1
SCCC,JARDINE CYCLE & CARRIAGE LIMITED,จำหน่าย,หุ้น,25.5393,25.5393,0.0,16/08/2567,25.5393,25.5393,0.0,,https://web-r246-api.sec.or.th/api/forms/pdf/publish/66bd9d7ebb59a13cdbe75102,246031332408-1
BAM,บริษัท หลักทรัพย์จัดการกองทุนกสิกรไทย จำกัด,จำหน่าย,หุ้น,5.0016,0.0023,4.9993,15/08/2567,5.0016,0.0023,4.9993,,https://web-r246-api.sec.or.th/api/forms/pdf/publish/66c422606717247a1e6a8e39,246031352408-1
EASON,นาย ณัฐพล เอกแสงกุล,ได้มา,หุ้น,0.5874,0.0176,0.6051,15/08/2567,39.9945,0.0176,40.0121,,https://web-r246-api.sec.or.th/api/forms/pdf/publish/66bec7a6817dffc0c945d4e5,246031292408-1
NETBAY,นาย สมพงษ์ ชลคดีดำรงกุล,ได้มา,หุ้น,4.3448,0.4864,4.8312,14/08/2567,4.6934,0.4864,5.1798,,https://web-r246-api.sec.or.th/api/forms/pdf/publish/66bdb165bb59a13cdbe75105,246031282408-1
TMT,นาย คมสัน ธรสารสมบัติ,ได้มา,หุ้น,7.5956,7.1661,14.7618,14/08/2567,7.9402,7.1661,15.1063,,https://web-r246-api.sec.or.th/api/forms/pdf/publish/66bd71d3bb59a13cdbe750fe,246031252408-1
TMT,นาย ชำนาญ ธรสารสมบัติ,ได้มา,หุ้น,12.99,7.1661,20.1562,14/08/2567,13.1209,7.1661,20.2871,,https://web-r246-api.sec.or.th/api/forms/pdf/publish/66bd627cbb59a13cdbe750f8,246031212408-1
TMT,นาย ไพศาล ธรสารสมบัติ,ได้มา,หุ้น,12.2614,7.1776,19.4391,14/08/2567,16.3522,7.1776,23.5299,,https://web-r246-api.sec.or.th/api/forms/pdf/publish/66bd75ddbb59a13cdbe75100,246031262408-1
TMT,นาย สูรย์ ธรสารสมบัติ,จำหน่าย,หุ้น,22.5435,21.5099,1.0335,14/08/2567,29.8934,21.5099,8.3835,,https://web-r246-api.sec.or.th/api/forms/pdf/publish/66bc2f61c53a3756827d6a9e,246031192408-1
TNDT,BLOMVESG VCC ACTING FOR THE PURPOSE OF NEW EDGE ENERGY OPPORTUNITY SUB FUND,ได้มา,หุ้น,0.0,24.3429,24.3429,14/08/2567,0.0,24.3429,24.3429,ได้รับยกเว้นทำคำเสนอซื้อ,https://web-r246-api.sec.or.th/api/forms/pdf/publish/66d9673e310679d5febfea1c,246031662409-1
FLOYD,นาย อภิรัช เมืองเกษม,ได้มา,หุ้น,19.9931,0.0349,20.028,13/08/2567,19.9931,0.0349,20.028,,https://web-r246-api.sec.or.th/api/forms/pdf/publish/66c2e1cbad696e28e1b43cfc,246031312408-1
MTI,นาง นวลพรรณ ล่ำซำ,ได้มา,หุ้น,8.8269,1.683,10.51,13/08/2567,8.8269,1.683,10.51,,https://web-r246-api.sec.or.th/api/forms/pdf/publish/66bdae92bb59a13cdbe75103,246031272408-1
RJH,FIL LIMITED,จำหน่าย,หุ้น,5.0129,0.0139,4.999,13/08/2567,5.0129,0.0139,4.999,,https://web-r246-api.sec.or.th/api/forms/pdf/publish/66bd4da2bb59a13cdbe750f4,246031232408-1
APO,นาย เอกพจน์ เวชสวรรค์,ได้มา,หุ้น,6.6162,6.6162,13.2324,09/08/2567,6.6162,6.6162,13.2324,,https://web-r246-api.sec.or.th/api/forms/pdf/publish/66bc8468c53a3756827d6aa4,246031182408-1
THE,นาง วรรณา สิทธิศิรินุกูล,ได้มา,หุ้น,7.1683,5.4897,12.658,09/08/2567,7.1683,5.4897,12.658,,https://web-r246-api.sec.or.th/api/forms/pdf/publish/66b5c217d6720b4ed55162ef,246031142408-1
THE,นาย สุรช จิระพงษ์ตระกูล,จำหน่าย,หุ้น,8.5294,3.7203,4.8091,09/08/2567,8.5294,3.7203,4.8091,,https://web-r246-api.sec.or.th/api/forms/pdf/publish/66bc5c6ec53a3756827d6aa1,246031162408-1
BCH,CAPITAL RESEARCH AND MANAGEMENT COMPANY,จำหน่าย,หุ้น,5.0924,0.2807,4.8117,08/08/2567,5.0924,0.2807,4.8117,,https://web-r246-api.sec.or.th/api/forms/pdf/publish/66b673fea7692db83b73cc55,246031152408-1
SONIC,นาง สุภาพร สุรพันธ์วรเวช,ได้มา,หุ้น,4.981,0.0346,5.0157,08/08/2567,4.981,0.0346,5.0157,,https://web-r246-api.sec.or.th/api/forms/pdf/publish/680616207c02f4bda83ad1c2,246035572504-1
SAV,นาง จารุณี ชินวงศ์วรกุล,ได้มา,หุ้น,4.8046,0.1157,4.9204,07/08/2567,4.8875,0.1157,5.0032,,https://web-r246-api.sec.or.th/api/forms/pdf/publish/66b2d6704f3fe080bd2694d7,246031102408-1
SUN,บริษัท ซันสวีท โฮลดิ้งส์ จำกัด,ได้มา,หุ้น,18.2429,9.1731,27.4161,07/08/2567,67.9958,0.0,67.9958,ได้รับการผ่อนผัน,https://web-r246-api.sec.or.th/api/forms/pdf/publish/66b4346dd72c417934878d4f,246031132408-1
SUPER,จอมทรัพย์ โลจายะ,ได้มา,หุ้น,18.6467,0.0694,18.7161,06/08/2567,19.9411,0.0694,20.0106,,https://web-r246-api.sec.or.th/api/forms/pdf/publish/66b2f1c54f3fe080bd2694da,246031122408-1
KC,นาย สันติ ปิยะทัต,จำหน่าย,หุ้น,5.3523,0.8794,4.4728,05/08/2567,5.3523,0.8794,4.4728,,https://web-r246-api.sec.or.th/api/forms/pdf/publish/66c6dcfec0705e937ba4a795,246031412408-1
APO,นาง คณิตา อุดมผลกุล,จำหน่าย,หุ้น,11.3797,1.6538,9.7258,02/08/2567,11.3797,1.6538,9.7258,,https://web-r246-api.sec.or.th/api/forms/pdf/publish/6a840e6ea06a7961be119e41,246043152608-1
APO,นาง คณิตา อุดมผลกุล,จำหน่าย,หุ้น,7.0588,0.0,7.0588,02/08/2567,11.2735,1.5476,9.7258,,https://web-r246-api.sec.or.th/api/forms/pdf/publish/6a869b19a06a7961be119e65,246043352608-1
RML,วู้ดเชสเตอร์ อินเวสติ้ง แคปปิตอล ลิมิเต็ด,จำหน่าย,หุ้น,21.7546,4.1599,17.5947,02/08/2567,40.79,4.1599,36.63,,https://web-r246-api.sec.or.th/api/forms/pdf/publish/66b2daaa4f3fe080bd2694d8,246031112408-1
EP,นาย ยุทธ ชินสุภัคกุล,ได้มา,หุ้น,19.8339,2.1132,21.9471,01/08/2567,19.8339,2.1132,21.9471,,https://web-r246-api.sec.or.th/api/forms/pdf/publish/66b088784866726313b8772d,246031092408-1
PSL,บริษัท หลักทรัพย์จัดการกองทุนกรุงศรี จำกัด,ได้มา,หุ้น,4.9749,0.1142,5.0892,30/07/2567,4.9749,0.1142,5.0892,,https://web-r246-api.sec.or.th/api/forms/pdf/publish/66a9bcb4ad6ee33808294c22,246031062407-1
PTG,นาง จารุณี ชินวงศ์วรกุล,ได้มา,หุ้น,4.994,0.1125,5.1065,30/07/2567,4.994,0.1125,5.1065,,https://web-r246-api.sec.or.th/api/forms/pdf/publish/66a851c22f2b3bed48820161,246031052407-1
SABUY,นาย อานนท์ชัย วีระประวัติ,จำหน่าย,หุ้น,5.3835,1.1963,4.1871,30/07/2567,5.3954,1.1963,4.1991,,https://web-r246-api.sec.or.th/api/forms/pdf/publish/66abb2c8cf273112cb7726e4,246031082408-1
ONEE,บริษัท จีเอ็มเอ็ม แกรมมี่ จำกัด (มหาชน),ได้มา,หุ้น,25.0866,10.0,35.0866,26/07/2567,25.0866,10.0,35.0866,,https://web-r246-api.sec.or.th/api/forms/pdf/publish/6673fabcf436a29843e8ac5d,246031032407-1
ONEE,บริษัท วันทอง โฮลดิ้งส์ จำกัด,จำหน่าย,หุ้น,10.0,10.0,0.0,26/07/2567,24.8398,10.0,14.8398,,https://web-r246-api.sec.or.th/api/forms/pdf/publish/66a315dc924d2169ff677e18,246031042407-1
GPI,นาย อภิสิทธิ์ พันธุ์พฤกษ์,ได้มา,หุ้น,4.9933,0.0087,5.002,25/07/2567,4.9933,0.0087,5.002,,https://web-r246-api.sec.or.th/api/forms/pdf/publish/66a23a26403858fcb69f10d5,246031022407-1
IFEC,บริษัท ณุศาบุรี จำกัด,ได้มา,หุ้น,4.5178,2.1333,6.6511,25/07/2567,4.5178,2.1333,6.6511,,https://web-r246-api.sec.or.th/api/forms/pdf/publish/66aa0446ad6ee33808294c25,246031072407-1
IFEC,นางสาว ศุภลักษณ์ เศษธะพานิช,ได้มา,หุ้น,6.9808,4.2293,11.2102,24/07/2567,6.9808,4.2293,11.2102,,https://web-r246-api.sec.or.th/api/forms/pdf/publish/66a1bf16403858fcb69f10cf,246031012407-1
PHG,นางสาว สุดา อัศวโภคิน,ได้มา,หุ้น,5.4389,4.6767,10.1157,23/07/2567,5.4389,4.6767,10.1157,ฉบับแก้ไข,https://web-r246-api.sec.or.th/api/forms/pdf/publish/66a1016d482dc721c70d35e0,246028932403-2
IFEC,นางสาว ศุภลักษณ์ เศษธะพานิช,ได้มา,หุ้น,0.0,6.9808,6.9808,19/07/2567,0.0,6.9808,6.9808,,https://web-r246-api.sec.or.th/api/forms/pdf/publish/66a09c4213194edceb94f109,246030982407-1
RML,วู้ดเชสเตอร์ อินเวสติ้ง แคปปิตอล ลิมิเต็ด,ได้มา,หุ้น,18.3584,4.1599,21.7546,19/07/2567,38.1587,4.1599,40.7313,อื่นๆ,https://web-r246-api.sec.or.th/api/forms/pdf/publish/66a07dc413194edceb94f105,246030972407-1
ARIN,นาย สุชาติ ชมกลิ่น,จำหน่าย,หุ้น,16.9916,16.9916,0.0,18/07/2567,21.9666,16.9916,4.975,,https://web-r246-api.sec.or.th/api/forms/pdf/publish/669a1ed68f4b831a4a3ed73e,246030942407-1
ARIN,นาย สุชาติ ชมกลิ่น,จำหน่าย,หุ้น,16.9916,16.9916,0.0,18/07/2567,21.9666,16.9916,4.975,ฉบับแก้ไข,https://web-r246-api.sec.or.th/api/forms/pdf/publish/669a40ce8f4b831a4a3ed73f,246030942407-2
ARIN,บริษัท หลักทรัพย์จัดการกองทุนเกียรตินาคินภัทร จำกัด,ได้มา,หุ้น,0.0,16.9916,16.9916,18/07/2567,0.0,16.9916,16.9916,,https://web-r246-api.sec.or.th/api/forms/pdf/publish/6699d8b18f4b831a4a3ed73c,246030932407-1
BTC,นาย วริศ บูลกุล,ได้มา,หุ้น,14.9998,4.4903,17.427,18/07/2567,14.9998,4.4903,17.427,อื่นๆ,https://web-r246-api.sec.or.th/api/forms/pdf/publish/6698cdeb51328a7edad092f4,246030922407-1
BTC,นาย วรุฒ บูลกุล,ได้มา,หุ้น,19.9237,4.12,21.3033,18/07/2567,19.9237,4.12,21.3033,,https://web-r246-api.sec.or.th/api/forms/pdf/publish/669884308971db1fee213407,246030912407-1
EA,นางสาว สิริลักษณ์ อรุณเนตรทอง,จำหน่าย,หุ้น,1.5403,1.2522,0.2881,18/07/2567,35.6214,2.4075,33.2139,,https://web-r246-api.sec.or.th/api/forms/pdf/publish/66a0be6413194edceb94f10f,246031002407-1
EA,นาย ชัยวิทย์ อรุณเนตรทอง,จำหน่าย,หุ้น,1.9147,1.1552,0.7595,18/07/2567,35.6213,2.4075,33.2138,,https://web-r246-api.sec.or.th/api/forms/pdf/publish/66a0b4ef13194edceb94f10c,246030992407-1
APEX,ด๊อกเตอร์ ธวัช ไทรราหู,ได้มา,หุ้น,5.2051,5.2051,10.4102,17/07/2567,5.2051,5.2051,10.4102,,https://web-r246-api.sec.or.th/api/forms/pdf/publish/669f7e713946aac740f0db59,246030962407-1
APEX,ด๊อกเตอร์ ธวัช ไทรราหู,ได้มา,หุ้น,0.0,5.2051,5.2051,17/07/2567,0.0,5.2051,5.2051,ฉบับแก้ไข,https://web-r246-api.sec.or.th/api/forms/pdf/publish/66a35677924d2169ff677e19,246030962407-2
MANRIN,นาย อนันต์ อัศวโภคิน,ได้มา,หุ้น,2.1343,7.9002,10.0345,17/07/2567,2.1343,7.9002,10.0345,,https://web-r246-api.sec.or.th/api/forms/pdf/publish/679058aa9574f8c56f3ed988,246034552501-1
MANRIN,นางสาว สุดา อัศวโภคิน,ได้มา,หุ้น,6.36,8.6727,15.0328,12/07/2567,6.36,8.6727,15.0328,,https://web-r246-api.sec.or.th/api/forms/pdf/publish/678f1af76610475a148d6e2c,246034392501-1
MANRIN,นาย ทรงพล อัศวโภคิน,ได้มา,หุ้น,6.1057,8.6728,14.7786,12/07/2567,6.1057,8.6728,14.7786,,https://web-r246-api.sec.or.th/api/forms/pdf/publish/6790a5d09574f8c56f3ed98c,246034562501-1
MANRIN,นาย อนุพงษ์ อัศวโภคิน,ได้มา,หุ้น,2.1556,8.6727,10.8284,12/07/2567,2.1556,8.6727,10.8284,,https://web-r246-api.sec.or.th/api/forms/pdf/publish/678f5c286610475a148d6e47,246034412501-1
NEO,บริษัท เอฟเอ็นเอส โฮลดิ้งส์ จำกัด (มหาชน),จำหน่าย,หุ้น,6.2905,1.3333,4.9572,12/07/2567,6.2905,1.3333,4.9572,,https://web-r246-api.sec.or.th/api/forms/pdf/publish/6694ce3d0623ba4e4100625c,246030882407-1
PHG,นาย รณชิต แย้มสอาด,ได้มา,หุ้น,4.891,4.0724,8.9635,12/07/2567,4.891,4.0724,8.9635,ฉบับแก้ไข,https://web-r246-api.sec.or.th/api/forms/pdf/publish/669642c2dc39e9290e2f3d2a,246028942403-2
WARRIX,นาย วิศัลย์ วนะศักดิ์ศรีสกุล,จำหน่าย,หุ้น,56.1604,20.4065,35.7538,12/07/2567,56.1604,20.4065,35.7538,,https://web-r246-api.sec.or.th/api/forms/pdf/publish/66c715e5c0705e937ba4a7a3,246031522408-1
CH,นาย ประวิทย์ ศรีแสงนาม,ได้มา,หุ้น,4.9189,0.1275,5.0464,11/07/2567,4.9189,0.1275,5.0464,,https://web-r246-api.sec.or.th/api/forms/pdf/publish/6690fd0523227600acbc14cf,246030862407-1
RS,นาย วีรพัฒน์ พูนศักดิ์อุดมสิน,ได้มา,หุ้น,0.0,5.626,5.626,11/07/2567,0.0,5.626,5.626,,https://web-r246-api.sec.or.th/api/forms/pdf/publish/6690f2a823227600acbc14ca,246030852407-1
CHO,นาย สุกฤตย์ สุรบถโสภณ,ได้มา,หุ้น,9.3005,2.5365,11.837,10/07/2567,9.3005,2.5365,11.837,,https://web-r246-api.sec.or.th/api/forms/pdf/publish/668fbd48036174aee4bac302,246030842407-1
WP,นาย สมยศ พุ่มพันธุ์ม่วง,จำหน่าย,หุ้น,8.1147,6.788,1.3266,10/07/2567,8.1147,6.788,1.3266,,https://web-r246-api.sec.or.th/api/forms/pdf/publish/668f48db036174aee4bac2fd,246030812407-1
WP,นาย สมยศ พุ่มพันธุ์ม่วง,จำหน่าย,หุ้น,8.1147,6.788,1.3266,10/07/2567,8.1147,6.788,1.3266,ฉบับแก้ไข,https://web-r246-api.sec.or.th/api/forms/pdf/publish/6695fd30dc39e9290e2f3d27,246030812407-2
WP,พันตำรวจตรี รชต พุ่มพันธุ์ม่วง,ได้มา,หุ้น,6.9238,6.788,13.7119,10/07/2567,6.9238,6.788,13.7119,,https://web-r246-api.sec.or.th/api/forms/pdf/publish/668f56b1036174aee4bac301,246030892407-1
APP,นางสาว ศิริพร ตั้งอดุลย์รัตน์,ได้มา,หุ้น,2.2964,55.0341,57.3305,09/07/2567,2.2964,55.0341,57.3305,ได้รับยกเว้นทำคำเสนอซื้อ,https://web-r246-api.sec.or.th/api/forms/pdf/publish/668f5236036174aee4bac300,246030832407-1
CHO,ADVANCE OPPORTUNITIES FUND,จำหน่าย,หุ้น,8.9395,7.7557,1.1837,08/07/2567,14.7311,13.484,1.2471,,https://web-r246-api.sec.or.th/api/forms/pdf/publish/668cd877cf34797d14bf9130,246030792407-1
M,บริษัท หลักทรัพย์จัดการกองทุนรวมบัวหลวง จำกัด,จำหน่าย,หุ้น,5.0044,0.2095,4.7949,08/07/2567,5.0044,0.2095,4.7949,,https://web-r246-api.sec.or.th/api/forms/pdf/publish/668cab61cf34797d14bf912e,246030782407-1
TPL,นาง วัสสา จีนะวิจารณะ,จำหน่าย,หุ้น,31.8682,4.8182,27.05,08/07/2567,31.8682,4.8182,27.05,,https://web-r246-api.sec.or.th/api/forms/pdf/publish/668c9ce3cf34797d14bf912d,246030772407-1
W,นางสาว สาธิตา พลสุวัตถิ์,ได้มา,หุ้น,0.0,5.7309,5.7309,05/07/2567,0.0,5.7309,5.7309,,https://web-r246-api.sec.or.th/api/forms/pdf/publish/67275689f2028dcc68d3e081,246032972411-1
YGG,นาย ธนัช จุวิวัฒน์,จำหน่าย,หุ้น,38.101,33.8153,4.2857,04/07/2567,38.101,33.8153,4.2857,,https://web-r246-api.sec.or.th/api/forms/pdf/publish/668b8bf6196bd832d11e46ea,246030742407-1
WP,นางสาว ชมกมล พุ่มพันธุ์ม่วง,ได้มา,หุ้น,18.2991,3.2481,21.5472,03/07/2567,18.2991,3.2481,21.5472,,https://web-r246-api.sec.or.th/api/forms/pdf/publish/668503fd80472a228170369c,246030612407-1
WP,นางสาว ชมกมล พุ่มพันธุ์ม่วง,ได้มา,หุ้น,18.2991,3.2481,21.5472,03/07/2567,18.2991,3.2481,21.5472,ฉบับแก้ไข,https://web-r246-api.sec.or.th/api/forms/pdf/publish/6695ff03dc39e9290e2f3d29,246030612407-2
WP,นาย สมยศ พุ่มพันธุ์ม่วง,จำหน่าย,หุ้น,11.3628,3.2481,8.1147,03/07/2567,11.3628,3.2481,8.1147,,https://web-r246-api.sec.or.th/api/forms/pdf/publish/66850bb180472a228170369e,246030622407-1
WP,นาย สมยศ พุ่มพันธุ์ม่วง,จำหน่าย,หุ้น,11.3628,3.2481,8.1147,03/07/2567,11.3628,3.2481,8.1147,ฉบับแก้ไข,https://web-r246-api.sec.or.th/api/forms/pdf/publish/6695fe6cdc39e9290e2f3d28,246030622407-2
BCP,สำนักงานประกันสังคม,ได้มา,หุ้น,14.9074,0.1418,15.0493,02/07/2567,14.9074,0.1418,15.0493,,https://web-r246-api.sec.or.th/api/forms/pdf/publish/6685085480472a228170369d,246030722407-1
STANLY,บริษัท ทีเอชพีไอ จำกัด,ได้มา,หุ้น,0.0,100.0,100.0,02/07/2567,0.0,100.0,100.0,ผู้รายงานแจ้งยกเลิก จะลดสัดส่วนการถือหุ้น,https://web-r246-api.sec.or.th/api/forms/pdf/publish/66c5922db33ccf49fd155e1b,246031552408-1
STANLY,บริษัท ทีเอชพีไอ จำกัด,ได้มา,หุ้น,0.0,5.0029,5.0029,02/07/2567,0.0,5.0029,5.0029,จะลดสัดส่วนการถือหุ้น,https://web-r246-api.sec.or.th/api/forms/pdf/publish/66cef50e47629026bf66cd7f,246032862411-1
YGG,นาย ธนัช จุวิวัฒน์,จำหน่าย,หุ้น,41.1428,1.189,39.9538,02/07/2567,41.1428,1.189,39.9538,,https://web-r246-api.sec.or.th/api/forms/pdf/publish/6687e3a3ca1be288bf289cda,246030732407-1
EA,"นาย สมโภชน์ อาหุนัย,บริษัท เอสพีบีแอล โฮลดิง จำกัด,SOTUS & FAITH #1 LIMITED,นาย ชัยวิทย์ อรุณเนตรทอง,นางสาว สิริลักษณ์ อรุณเนตรทอง",เริ่มต้น Concert Party,หุ้น,35.6348,0.0,35.6348,01/07/2567,35.6348,0.0,35.6348,,https://web-r246-api.sec.or.th/api/forms/pdf/publish/668e612b8769ba994700ad64,246030802407-1
FSX,นางสาว แคทรียา บีเวอร์,ได้มา,หุ้น,0.2097,9.8509,9.9995,01/07/2567,0.2097,9.8509,9.9995,จะลดสัดส่วนการถือหุ้น,https://web-r246-api.sec.or.th/api/forms/pdf/publish/6683d6c3251a8dcf09d3e322,246030592407-1
FSX,นางสาว สุภารัตน์ สง่าเมือง,ได้มา,หุ้น,1.8575,6.2939,7.6094,01/07/2567,1.8575,6.2939,7.6094,จะลดสัดส่วนการถือหุ้น,https://web-r246-api.sec.or.th/api/forms/pdf/publish/6683c217fb2b82a8e8c8bd05,246030582407-1
24CS,นาย ยศวีย์ วัฒนธีระกิจจา,จำหน่าย,หุ้น,23.372,3.9221,19.4499,28/06/2567,23.372,3.9221,19.4499,,https://web-r246-api.sec.or.th/api/forms/pdf/publish/66bc6cd8c53a3756827d6aa2,246031172408-1
AS,นาย ปราโมทย์ สุดจิตพร,ได้มา,หุ้น,34.7604,2.3588,37.1193,28/06/2567,34.7604,2.3588,37.1193,,https://web-r246-api.sec.or.th/api/forms/pdf/publish/66829805dd6e6368e0a97d09,246030572407-1
AS,บริษัท สบาย เทคโนโลยี จำกัด (มหาชน),จำหน่าย,หุ้น,12.3287,2.3588,9.9698,28/06/2567,12.3287,2.3588,9.9698,,https://web-r246-api.sec.or.th/api/forms/pdf/publish/6685f73f123ecac37010d789,246030672407-1
BKIH,ธนาคารกรุงเทพ จำกัด (มหาชน),จำหน่าย,หุ้น,10.2005,0.2066,9.9939,28/06/2567,10.2005,0.2066,9.9939,,https://web-r246-api.sec.or.th/api/forms/pdf/publish/66822ea4dd6e6368e0a97cf9,246030502407-1
AS,บริษัท สบาย เทคโนโลยี จำกัด (มหาชน),จำหน่าย,หุ้น,16.9357,4.6069,12.3287,27/06/2567,16.9357,4.6069,12.3287,,https://web-r246-api.sec.or.th/api/forms/pdf/publish/6685f5924b2ec7ee0c0e022a,246030652407-1
EA,บริษัท เอสพีบีแอล โฮลดิง จำกัด,จำหน่าย,หุ้น,24.0522,0.9694,23.0827,27/06/2567,40.0806,0.9694,39.1111,,https://web-r246-api.sec.or.th/api/forms/pdf/publish/668be50f196bd832d11e46f7,246030762407-1
HEALTH,นางสาว วาสนา อินทะแสง,ได้มา,หุ้น,0.0,13.0121,13.0121,27/06/2567,0.0,13.0121,13.0121,,https://web-r246-api.sec.or.th/api/forms/pdf/publish/668290a5dd6e6368e0a97d05,246030552407-1
HEALTH,บริษัท มอร์ รีเทิร์น จำกัด (มหาชน),จำหน่าย,หุ้น,33.3931,13.0121,20.3809,27/06/2567,33.3931,13.0121,20.3809,,https://web-r246-api.sec.or.th/api/forms/pdf/publish/66827c40dd6e6368e0a97d01,246030532407-1
AQUA,นางสาว กัญจนารัศม์ วงศ์พันธุ์,จำหน่าย,หุ้น,5.0289,0.0612,4.9676,26/06/2567,5.0289,0.0612,4.9676,,https://web-r246-api.sec.or.th/api/forms/pdf/publish/667e63f62d77cb57c3116bde,246030492406-1
AS,นาย ปราโมทย์ สุดจิตพร,ได้มา,หุ้น,29.7529,5.0075,34.7604,26/06/2567,29.7529,5.0075,34.7604,,https://web-r246-api.sec.or.th/api/forms/pdf/publish/6682962add6e6368e0a97d08,246030562407-1
AS,บริษัท สบาย เทคโนโลยี จำกัด (มหาชน),จำหน่าย,หุ้น,21.9432,5.0075,16.9357,26/06/2567,21.9432,5.0075,16.9357,,https://web-r246-api.sec.or.th/api/forms/pdf/publish/6685f5f84b2ec7ee0c0e022b,246030662407-1
CHIC,นาย กิจจา ปัทมสัตยาสนธิ,ได้มา,หุ้น,34.3102,2.2058,36.5161,26/06/2567,34.3102,2.2058,36.5161,,https://web-r246-api.sec.or.th/api/forms/pdf/publish/667d3e72ba6b4a4142905564,246030482406-1
RABBIT,WAKATOBI LIMITED,ได้มา,หุ้น,14.9927,0.0186,15.0114,26/06/2567,14.9927,0.0186,15.0114,,https://web-r246-api.sec.or.th/api/forms/pdf/publish/667cc882ba6b4a414290555b,246030442406-1
THREL,บริษัท มาสเตอร์คูล อินเตอร์เนชั่นแนล จำกัด (มหาชน),ได้มา,หุ้น,4.9795,0.0551,5.0347,26/06/2567,4.9795,0.0551,5.0347,,https://web-r246-api.sec.or.th/api/forms/pdf/publish/667bdd1e4911be287f043c97,246030542407-1
JPARK,นาย สันติพล เจนวัฒนไพศาล,จำหน่าย,หุ้น,67.7328,9.975,57.7578,24/06/2567,67.7328,9.975,57.7578,,https://web-r246-api.sec.or.th/api/forms/pdf/publish/6679697ab51c11581325f837,246030402406-1
LH,สำนักงานประกันสังคม,ได้มา,หุ้น,4.9591,0.0577,5.0169,24/06/2567,4.9591,0.0577,5.0169,,https://web-r246-api.sec.or.th/api/forms/pdf/publish/667a6b25dd527d20cfc334ea,246030452406-1
NCL,นาย กิตติ พัวถาวรสกุล,จำหน่าย,หุ้น,10.0941,0.1364,9.9577,24/06/2567,10.0941,0.1364,9.9577,,https://web-r246-api.sec.or.th/api/forms/pdf/publish/667951beb51c11581325f836,246030422406-1
NEWS,ALPINE BLUE SYNDICATE LIMITED,ได้มา,หุ้น,0.0,13.947,13.947,24/06/2567,0.0,13.947,13.947,,https://web-r246-api.sec.or.th/api/forms/pdf/publish/674d55f0af63adf119f4053a,246033302412-1
NEWS,บริษัท ซุปเปอร์เทรดเดอร์ โฮลดิ้ง จำกัด,ได้มา,หุ้น,0.0,25.9029,25.9029,24/06/2567,0.0,25.9029,25.9029,,https://web-r246-api.sec.or.th/api/forms/pdf/publish/67299d699b21ae206ff43488,246032772411-1
NRF,บริษัท เอเชี่ยน ฟู้ด คอร์ปอร์เรชั่น จำกัด,จำหน่าย,หุ้น,34.9825,15.717,19.2655,24/06/2567,34.9825,15.717,19.2655,,https://web-r246-api.sec.or.th/api/forms/pdf/publish/667bcaa7b73a840dc6ca21e0,246030432406-1
SISB,KK&T COMPANY LIMITED,จำหน่าย,หุ้น,3.1914,3.1914,0.0,24/06/2567,31.9914,3.1914,28.8,,https://web-r246-api.sec.or.th/api/forms/pdf/publish/6678edf84f0cdf0fd82523f2,246030412406-1
GLOCON,บริษัท ไทรทัน โฮลดิ้ง จำกัด (มหาชน),ได้มา,หุ้น,14.9339,0.2315,15.1654,21/06/2567,14.9339,0.2315,15.1654,,https://web-r246-api.sec.or.th/api/forms/pdf/publish/6697789b6c0f358f147ba32e,246030902407-1
MASTER,อิน กลอรี อินเวสท์เมนท์ ลิมิเต็ด,จำหน่าย,หุ้น,16.6668,3.9773,12.6895,21/06/2567,65.8859,3.9773,61.9086,,https://web-r246-api.sec.or.th/api/forms/pdf/publish/667d208aba6b4a4142905560,246030462406-1
SBNEXT,บริษัท สบาย เทคโนโลยี จำกัด (มหาชน),จำหน่าย,หุ้น,10.0726,4.3047,5.7678,21/06/2567,10.0726,4.3047,5.7678,,https://web-r246-api.sec.or.th/api/forms/pdf/publish/6685fa78123ecac37010d78f,246030702407-1
SBNEXT,บริษัท สบาย เทคโนโลยี จำกัด (มหาชน),จำหน่าย,หุ้น,17.256,7.1834,10.0726,20/06/2567,17.256,7.1834,10.0726,,https://web-r246-api.sec.or.th/api/forms/pdf/publish/6685f8f6123ecac37010d78d,246030692407-1
ACC,นาย เอกพจน์ เวชสวรรค์,ได้มา,หลักทรัพย์แปลงสภาพ,0.0,7.4511,7.4511,19/06/2567,0.0,7.4511,7.4511,,https://web-r246-api.sec.or.th/api/forms/pdf/publish/66c2ef8fad696e28e1b43cfd,246031322408-1
SSP,นาย วิวรรธน์ ไกรพิสิทธิ์กุล,จำหน่าย,หุ้น,5.6796,5.6796,0.0,19/06/2567,5.6796,5.6796,0.0,,https://web-r246-api.sec.or.th/api/forms/pdf/publish/667413f7f436a29843e8ac61,246030372406-1
TVDH,บริษัท เดอะ การูด้า เพาเวอร์ จำกัด,ได้มา,หุ้น,6.8478,1.7119,8.5598,19/06/2567,9.9465,1.7119,11.6585,,https://web-r246-api.sec.or.th/api/forms/pdf/publish/667949d4b51c11581325f833,246030392406-1
WAVE,บริษัท บรุ๊คเคอร์ กรุ๊ป จำกัด (มหาชน),ได้มา,หุ้น,4.5182,5.2727,8.906,19/06/2567,4.5182,5.2727,8.906,,https://web-r246-api.sec.or.th/api/forms/pdf/publish/66724ca29d3d2ce1ac72f5c8,246030322406-1
BBGI,บริษัท น้ำตาลขอนแก่น จำกัด (มหาชน),ได้มา,หุ้น,29.8838,0.1161,30.0,18/06/2567,29.8838,0.1161,30.0,,https://web-r246-api.sec.or.th/api/forms/pdf/publish/666feb43063a3a04f9801912,246030342406-1
BKIH,AIOI NISSAY DOWA INSURANCE COMPANY LIMITED,ได้มา,หุ้น,0.0,2.87,2.87,18/06/2567,0.0,6.11,6.11,,https://web-r246-api.sec.or.th/api/forms/pdf/publish/676bb1913e387fe652c5fa6f,246033952412-1
BKIH,ธนาคารกรุงเทพ จำกัด (มหาชน),ได้มา,หุ้น,0.0,10.2005,10.2005,18/06/2567,0.0,10.2005,10.2005,,https://web-r246-api.sec.or.th/api/forms/pdf/publish/6673a7b6122654fd549b116d,246030352406-1
KC,นาย สุทธิชัย เต็มประเสริฐฤดี,ได้มา,หุ้น,4.3973,2.1986,6.596,18/06/2567,4.3973,2.1986,6.596,,https://web-r246-api.sec.or.th/api/forms/pdf/publish/66725e809d3d2ce1ac72f5cb,246030332406-1
MITSIB,นาย ติณณภพ ยงค์สงวนชัย,ได้มา,หุ้น,4.99,0.0477,5.0377,18/06/2567,4.99,0.0477,5.0377,,https://web-r246-api.sec.or.th/api/forms/pdf/publish/667910004f0cdf0fd82523f5,246030382406-1
NRF,บริษัท ดีแอลเอ็น 2017 จำกัด,จำหน่าย,หุ้น,5.1532,0.4407,4.7125,18/06/2567,5.1532,0.4407,4.7125,,https://web-r246-api.sec.or.th/api/forms/pdf/publish/667d38adba6b4a4142905563,246030472406-1
SORKON,นาง นิรมล รุจิราโสภณ,จำหน่าย,หุ้น,14.3589,0.265,14.0938,18/06/2567,45.0644,0.265,44.7994,ผู้รายงานแจ้งยกเลิก,https://web-r246-api.sec.or.th/api/forms/pdf/publish/6673b236122654fd549b116e,246030362406-1
SORKON,นาง นิรมล รุจิราโสภณ,จำหน่าย,หุ้น,14.3589,0.265,14.0938,18/06/2567,45.0644,0.265,44.7994,,https://web-r246-api.sec.or.th/api/forms/pdf/publish/681dd165f878cae25910f679,246035882505-1
SBNEXT,บริษัท สบาย เทคโนโลยี จำกัด (มหาชน),จำหน่าย,หุ้น,21.691,1.8082,19.8828,17/06/2567,21.691,1.8082,19.8828,,https://web-r246-api.sec.or.th/api/forms/pdf/publish/6685f81f123ecac37010d78b,246030682407-1
TGE,นาย พีรเจต สุวรรณนภาศรี,ได้มา,หุ้น,4.9931,0.1208,5.114,17/06/2567,4.9931,0.1208,5.114,,https://web-r246-api.sec.or.th/api/forms/pdf/publish/667139b3ad23208891669cad,246030282406-1
KC,นาย สันติ ปิยะทัต,จำหน่าย,หุ้น,11.9483,2.1986,9.7497,14/06/2567,11.9483,2.1986,9.7497,,https://web-r246-api.sec.or.th/api/forms/pdf/publish/66c7feeab17b734cf3b9610c,246031462408-1
NEW,นาย พิพัฒน์ ตั้งสืบกุล,จำหน่าย,หุ้น,8.0728,8.0728,0.0,14/06/2567,8.0728,8.0728,0.0,,https://web-r246-api.sec.or.th/api/forms/pdf/publish/6781efb266202285318f75a0,246034202501-1
NEW,บริษัท พีแอนด์เอส อินฟินิท เวลธ์ โฮลดิ้ง จำกัด,ได้มา,หุ้น,0.0,10.0,10.0,14/06/2567,0.0,10.0,10.0,,https://web-r246-api.sec.or.th/api/forms/pdf/publish/6788a07819386dd442b3e863,246034352501-1
RJH,FIL LIMITED,ได้มา,หุ้น,4.991,0.015,5.006,14/06/2567,4.991,0.015,5.006,,https://web-r246-api.sec.or.th/api/forms/pdf/publish/6671030bad23208891669caa,246030272406-1
PK,ธนาคารกรุงเทพ จำกัด (มหาชน),จำหน่าย,หุ้น,23.034,11.5217,11.5123,12/06/2567,23.034,11.5217,11.5123,,https://web-r246-api.sec.or.th/api/forms/pdf/publish/6645822e3778ba6ed20082ec,246030262406-1
PK,นาย ปเนต จงวัฒนา,ได้มา,หุ้น,6.8397,11.5217,18.3614,12/06/2567,6.8397,11.5217,18.3614,,https://web-r246-api.sec.or.th/api/forms/pdf/publish/666bbd2298263de9d583fdf2,246030252406-1
GC,นางสาว วรัญญา ฉัตรพิริยะพันธ์,จำหน่าย,หุ้น,5.009,0.0156,4.9933,10/06/2567,5.009,0.0156,4.9933,,https://web-r246-api.sec.or.th/api/forms/pdf/publish/6666e117b20eb66e8834389f,246030182406-1
GTV,CAPITAL ASIA INVESTMENTS PTE LTD,ได้มา,หุ้น,15.2531,5.488,20.7412,10/06/2567,15.2531,5.488,20.7412,,https://web-r246-api.sec.or.th/api/forms/pdf/publish/6667fd17ff324e455a94597c,246030212406-1
ORI,นาย สมพงษ์ ชลคดีดำรงกุล,จำหน่าย,หุ้น,3.6447,0.0105,3.6341,10/06/2567,5.0317,0.0517,4.98,,https://web-r246-api.sec.or.th/api/forms/pdf/publish/6667de3fff324e455a94597b,246030222406-1
SABUY,นาย ชูเกียรติ รุจนพรพจี,จำหน่าย,หุ้น,5.3835,2.3926,2.9908,10/06/2567,5.3835,2.3926,2.9908,,https://web-r246-api.sec.or.th/api/forms/pdf/publish/6669214e695659594f9f6d68,246030232406-1
RML,นาย กฤษณ์ ณรงค์เดช,จำหน่าย,หุ้น,6.5129,3.5113,3.0015,07/06/2567,42.8782,3.5113,39.3668,,https://web-r246-api.sec.or.th/api/forms/pdf/publish/66668714b20eb66e88343899,246030152406-1
EKH,บริษัท หลักทรัพย์ เกียรตินาคินภัทร จำกัด (มหาชน),ได้มา,หุ้น,1.2636,4.2124,5.3956,06/06/2567,1.2636,4.2124,5.3956,,https://web-r246-api.sec.or.th/api/forms/pdf/publish/6662e3d9ff274e86c2949adf,246030132406-1
TIPCO,นางสาว ปิยะรัตน์ ทรัพย์สาคร,ได้มา,หุ้น,10.0422,0.0954,10.1376,06/06/2567,14.9126,0.0954,15.008,,https://web-r246-api.sec.or.th/api/forms/pdf/publish/668663d50d211a7e1eb4349a,246030712407-1
BKI,ธนาคารกรุงเทพ จำกัด (มหาชน),จำหน่าย,หุ้น,9.9682,9.9682,0.0,05/06/2567,9.9682,9.9682,0.0,,https://web-r246-api.sec.or.th/api/forms/pdf/publish/66627237ff274e86c2949adb,246030242406-1
GIFT,ธนาคารกรุงเทพ จำกัด (มหาชน),ได้มา,หลักทรัพย์แปลงสภาพ,0.0,9.9877,9.9877,05/06/2567,0.0,9.9877,9.9877,,https://web-r246-api.sec.or.th/api/forms/pdf/publish/66600d5cbe065397ab99abc5,246030142406-1
BTS,นาย กวิน กาญจนพาสน์,ได้มา,หุ้น,4.982,0.2278,5.2098,04/06/2567,4.982,0.2278,5.2098,,https://web-r246-api.sec.or.th/api/forms/pdf/publish/66719240ad23208891669cb3,246030312406-1
BVG,นาย สมพงษ์ ชลคดีดำรงกุล,จำหน่าย,หุ้น,5.0066,0.0488,4.9578,04/06/2567,5.0066,0.0488,4.9578,,https://web-r246-api.sec.or.th/api/forms/pdf/publish/66601757be065397ab99abc6,246030082406-1
SAK,นาง จินตนา บุญสาลี,จำหน่าย,หุ้น,26.5199,2.3854,24.1344,04/06/2567,26.5199,2.3854,24.1344,,https://web-r246-api.sec.or.th/api/forms/pdf/publish/665ebfa18e754c3daa600f33,246030032406-1
SAK,นางสาว ศันศนีย์ บุญสาลี,ได้มา,หุ้น,7.9096,2.3854,10.2951,04/06/2567,7.9096,2.3854,10.2951,,https://web-r246-api.sec.or.th/api/forms/pdf/publish/665ec6898e754c3daa600f34,246030042406-1
BKI,AIOI NISSAY DOWA INSURANCE COMPANY LIMITED,จำหน่าย,หุ้น,2.81,2.81,0.0,03/06/2567,5.98,5.98,0.0,,https://web-r246-api.sec.or.th/api/forms/pdf/publish/676bb2213e387fe652c5fa71,246033962412-1
SCC,สำนักงานประกันสังคม,ได้มา,หุ้น,4.9399,0.064,5.0039,31/05/2567,4.9399,0.064,5.0039,,https://web-r246-api.sec.or.th/api/forms/pdf/publish/665e94a15b448b0f69d12387,246030102406-1
SORKON,นาง นิรมล รุจิราโสภณ,ได้มา,หุ้น,14.0629,0.265,14.3279,31/05/2567,44.7685,0.265,45.0335,ผู้รายงานแจ้งยกเลิก,https://web-r246-api.sec.or.th/api/forms/pdf/publish/6659a0548b7ed22fad1843dd,246030072406-1
SORKON,นาง นิรมล รุจิราโสภณ,ได้มา,หุ้น,14.0629,0.265,14.3279,31/05/2567,44.7685,0.265,45.0335,,https://web-r246-api.sec.or.th/api/forms/pdf/publish/682469451d4a1b7e1b61923b,246036012505-1
TVDH,นาย วโรตม์ หน่อแก้ว,ได้มา,หุ้น,4.9276,0.992,5.9196,31/05/2567,4.9276,0.992,5.9196,,https://web-r246-api.sec.or.th/api/forms/pdf/publish/6661920d365d67df31adf350,246030122406-1
PLUS,นาง วารุณี ชลคดีดำรงกุล,จำหน่าย,หุ้น,1.1837,0.017,1.1666,30/05/2567,10.171,0.1949,9.9761,,https://web-r246-api.sec.or.th/api/forms/pdf/publish/6666d885b20eb66e8834389e,246030172406-1
PLUS,นาย สมพงษ์ ชลคดีดำรงกุล,จำหน่าย,หุ้น,8.5797,0.1779,8.4018,30/05/2567,10.171,0.1949,9.9761,,https://web-r246-api.sec.or.th/api/forms/pdf/publish/66669d69b20eb66e8834389a,246030162406-1
PPPM,นาย ปริน ชนันทรานนท์,สิ้นสุด Concert Party,หุ้น,10.32,0.0,10.32,30/05/2567,20.2474,0.0,20.2474,ผู้รายงานแจ้งยกเลิก,https://web-r246-api.sec.or.th/api/forms/pdf/publish/665ed1bd8e754c3daa600f37,246030062406-1
PPPM,นาย ปริน ชนันทรานนท์,จำหน่าย,หุ้น,10.32,0.0,10.32,30/05/2567,20.2474,9.9274,10.32,,https://web-r246-api.sec.or.th/api/forms/pdf/publish/6a44be3340002b757d3c8361,246042602607-1
PPPM,นาย อคิราภ์ ชนันทรานนท์,ได้มา,หุ้น,0.0,9.9274,9.9274,30/05/2567,0.0,9.9274,9.9274,,https://web-r246-api.sec.or.th/api/forms/pdf/publish/665edb818e754c3daa600f3b,246030052406-1
SAK,นาง จินตนา บุญสาลี,ได้มา,หุ้น,24.1344,2.3854,26.5199,30/05/2567,24.1344,2.3854,26.5199,จะลดสัดส่วนการถือหุ้น,https://web-r246-api.sec.or.th/api/forms/pdf/publish/665990f28b7ed22fad1843d6,246029992405-1
SAK,นางสาว ศันศนีย์ บุญสาลี,จำหน่าย,หุ้น,10.2951,2.3854,7.9096,30/05/2567,10.2951,2.3854,7.9096,,https://web-r246-api.sec.or.th/api/forms/pdf/publish/665992058b7ed22fad1843d8,246030002405-1
ARIN,นาย วิเชียร ชมกลิ่น,ได้มา,หุ้น,1.5,11.6666,13.1666,27/05/2567,1.5,11.6666,13.1666,,https://web-r246-api.sec.or.th/api/forms/pdf/publish/665992e38b7ed22fad1843da,246029982405-1
ARIN,นาย สุชาติ ชมกลิ่น,จำหน่าย,หุ้น,28.6583,11.6666,16.9916,27/05/2567,28.6583,11.6666,16.9916,,https://web-r246-api.sec.or.th/api/forms/pdf/publish/66598fb88b7ed22fad1843d4,246029972405-1
ARIN,นาย สุชาติ ชมกลิ่น,จำหน่าย,หุ้น,28.6583,11.6666,16.9916,27/05/2567,33.6333,11.6666,21.9666,ฉบับแก้ไข,https://web-r246-api.sec.or.th/api/forms/pdf/publish/665e82665b448b0f69d12383,246029972405-2
CHO,นาย สุกฤตย์ สุรบถโสภณ,ได้มา,หุ้น,4.9246,0.091,5.0157,27/05/2567,4.9246,0.091,5.0157,,https://web-r246-api.sec.or.th/api/forms/pdf/publish/6667a02fff324e455a945974,246030192406-1
CHIC,นาย กิจจา ปัทมสัตยาสนธิ,จำหน่าย,หุ้น,38.722,4.4117,34.3102,24/05/2567,38.722,4.4117,34.3102,,https://web-r246-api.sec.or.th/api/forms/pdf/publish/665060e9d72060666fa67a89,246029822405-1
CMO,นางสาว ณิชา ชัยศิลป์วัฒนา,ได้มา,หุ้น,6.57,0.7977,7.3678,24/05/2567,9.3858,0.7977,10.1836,,https://web-r246-api.sec.or.th/api/forms/pdf/publish/66505e82d72060666fa67a88,246029812405-1
MITSIB,นาย ณัชชา ยงค์สงวนชัย,ได้มา,หุ้น,1.8365,4.3201,5.3743,24/05/2567,1.8389,4.3215,5.377,จะลดสัดส่วนการถือหุ้น,https://web-r246-api.sec.or.th/api/forms/pdf/publish/66502df6bc795af70bd26bd7,246029802405-1
MITSIB,นาย ดำรงค์ ยงค์สงวนชัย,ได้มา,หุ้น,6.7466,7.1395,11.012,24/05/2567,6.7466,7.1395,11.012,,https://web-r246-api.sec.or.th/api/forms/pdf/publish/6651ab89d72060666fa67a8b,246029842405-1
MITSIB,นาย นิติพัทญ์ ยงค์สงวนชัย,ได้มา,หุ้น,4.2379,5.697,8.1296,24/05/2567,6.0145,6.7168,10.1691,,https://web-r246-api.sec.or.th/api/forms/pdf/publish/665049d0bc795af70bd26bda,246029832405-1
PICO,นาง ณัฎฐ์ญาณี บรรยงพงศ์เลิศ,จำหน่าย,หุ้น,4.0901,2.0437,2.0464,24/05/2567,16.4228,2.043,14.3797,,https://web-r246-api.sec.or.th/api/forms/pdf/publish/6654182f913628b6936ecab7,246030012406-1
UREKA,นางสาว ภิญญลักษน์ กีรติพัฒนนันท์,ได้มา,หุ้น,15.2213,6.6092,21.8305,24/05/2567,15.2213,6.6092,21.8305,,https://web-r246-api.sec.or.th/api/forms/pdf/publish/6655ab880244addcb6f3f0d6,246029922405-1
GIFT,บริษัท เชษฐโชติ โฮลดิ้งส์ จำกัด,จำหน่าย,หุ้น,25.2305,0.2487,24.9818,23/05/2567,50.0104,0.2487,49.7617,,https://web-r246-api.sec.or.th/api/forms/pdf/publish/66554eba0244addcb6f3f0d4,246029912405-1
KLINIQ,ด๊อกเตอร์ ไพบูลย์ เสรีวิวัฒนา,ได้มา,หุ้น,4.8727,0.034,4.9068,23/05/2567,4.9703,0.034,5.0044,,https://web-r246-api.sec.or.th/api/forms/pdf/publish/664ff9b6bc795af70bd26bd4,246029792405-1
NEX,นางสาว อินทิรา ช่วยสนิท,จำหน่าย,หุ้น,5.3682,2.4636,2.9046,23/05/2567,5.3682,2.4636,2.9046,ฉบับแก้ไข,https://web-r246-api.sec.or.th/api/forms/pdf/publish/66cc7550190107232a4d374d,246030302406-3
NEX,นาย คณิสสร์ ศรีวชิระประภา,จำหน่าย,หุ้น,9.1869,5.2695,3.9173,23/05/2567,9.1869,5.2695,3.9173,,https://web-r246-api.sec.or.th/api/forms/pdf/publish/66cc8363190107232a4d374f,246031572408-1
THREL,บริษัท หลักทรัพย์จัดการกองทุนรวมบัวหลวง จำกัด,จำหน่าย,หุ้น,5.7084,0.7904,4.918,23/05/2567,5.7084,0.7904,4.918,,https://web-r246-api.sec.or.th/api/forms/pdf/publish/6653f595913628b6936ecaae,246029852405-1
CPT,"REAL D&C CO.,LTD.",ได้มา,หุ้น,0.0,17.7493,17.7493,21/05/2567,0.0,17.7493,17.7493,,https://web-r246-api.sec.or.th/api/forms/pdf/publish/66541441913628b6936ecab3,246029882405-1
CPT,นางสาว หฤทัย หลิมประเสริฐ,จำหน่าย,หุ้น,12.7855,12.7855,0.0,21/05/2567,12.7855,12.7855,0.0,,https://web-r246-api.sec.or.th/api/forms/pdf/publish/664c5ef52469ce050514191f,246029772405-1
CPT,นาย นพดล วิเชียรเกื้อ,จำหน่าย,หุ้น,8.8888,4.9638,3.925,21/05/2567,8.8888,4.9638,3.925,,https://web-r246-api.sec.or.th/api/forms/pdf/publish/664c811c2469ce0505141923,246029782405-1
NEX,นาย คณิสสร์ ศรีวชิระประภา,จำหน่าย,หุ้น,12.2505,3.0636,9.1869,21/05/2567,12.2505,3.0636,9.1869,ฉบับแก้ไข,https://web-r246-api.sec.or.th/api/forms/pdf/publish/66cc823c190107232a4d374e,246030292406-2
GIFT,นาย วีรพัฒน์ พูนศักดิ์อุดมสิน,ได้มา,หุ้น,10.3362,4.6946,15.0308,20/05/2567,10.3362,4.6946,15.0308,,https://web-r246-api.sec.or.th/api/forms/pdf/publish/664c7e0f2469ce0505141921,246029742405-1
SICT,นาย อภินันท์ ธนชยานนท์,จำหน่าย,หุ้น,5.0143,0.0521,4.9622,20/05/2567,5.0143,0.0521,4.9622,,https://web-r246-api.sec.or.th/api/forms/pdf/publish/664b57abec7d58d9939eedb5,246029722405-1
VL,บริษัท บงกช โฮลดิงส์ จำกัด,ได้มา,หุ้น,9.998,0.0171,10.0151,20/05/2567,9.998,0.0171,10.0151,,https://web-r246-api.sec.or.th/api/forms/pdf/publish/664c1ba62469ce050514191e,246029752405-1
HPT,นาย ธีรนาท งามจิตรเจริญ,ได้มา,หุ้น,4.9845,0.302,5.2866,17/05/2567,4.9845,0.302,5.2866,,https://web-r246-api.sec.or.th/api/forms/pdf/publish/664ee86fbc795af70bd26bd0,246029762405-1
PSTC,นาง วัลลภา ไตรโสรัส,ได้มา,หุ้น,4.782,3.2738,6.5476,17/05/2567,13.1372,8.9938,17.9877,อื่นๆ,https://web-r246-api.sec.or.th/api/forms/pdf/publish/6647146ab04c2db1f073c612,246029682405-1
PSTC,นาย โสมพัฒน์ ไตรโสรัส,ได้มา,หุ้น,8.3551,5.72,11.44,17/05/2567,13.1372,8.9938,17.9877,อื่นๆ,https://web-r246-api.sec.or.th/api/forms/pdf/publish/664711fbb04c2db1f073c610,246029692405-1
JPARK,นาย สันติพล เจนวัฒนไพศาล,จำหน่าย,หุ้น,70.8888,3.156,67.7328,16/05/2567,70.8888,3.156,67.7328,,https://web-r246-api.sec.or.th/api/forms/pdf/publish/664ac2c1ec7d58d9939eedad,246029702405-1
RML,วู้ดเชสเตอร์ อินเวสติ้ง แคปปิตอล ลิมิเต็ด,ได้มา,หุ้น,0.0,24.8666,24.8666,16/05/2567,23.9728,24.8666,42.8782,ได้รับการผ่อนผัน,https://web-r246-api.sec.or.th/api/forms/pdf/publish/664ad5cfec7d58d9939eedaf,246029712405-1
SABUY,นาย ชูเกียรติ รุจนพรพจี,จำหน่าย,หุ้น,10.7072,2.3328,8.3743,16/05/2567,10.7072,2.3328,8.3743,,https://web-r246-api.sec.or.th/api/forms/pdf/publish/6645856c3778ba6ed20082ee,246029662405-1
SIMAT,นาย อภิสิทธิ์ หงส์ลาวัณย์,ได้มา,หุ้น,4.4143,1.6746,6.089,16/05/2567,4.4143,1.6746,6.089,,https://web-r246-api.sec.or.th/api/forms/pdf/publish/664700ebb04c2db1f073c60e,246029672405-1
NEX,นางสาว อินทิรา ช่วยสนิท,จำหน่าย,หุ้น,5.83,5.83,0.0,15/05/2567,5.83,5.83,0.0,,https://web-r246-api.sec.or.th/api/forms/pdf/publish/66717aa9ad23208891669cb1,246030302406-1
NEX,นางสาว อินทิรา ช่วยสนิท,จำหน่าย,หุ้น,5.83,5.83,0.0,15/05/2567,5.83,5.83,0.0,ฉบับแก้ไข,https://web-r246-api.sec.or.th/api/forms/pdf/publish/6672b8db9d3d2ce1ac72f5cf,246030302406-2
NEX,นาย คณิสสร์ ศรีวชิระประภา,จำหน่าย,หุ้น,16.2722,15.7713,0.5008,15/05/2567,16.2722,15.7713,0.5008,,https://web-r246-api.sec.or.th/api/forms/pdf/publish/66717966ad23208891669cb0,246030292406-1
NEX,นาย คณิสสร์ ศรีวชิระประภา,จำหน่าย,หุ้น,15.9641,4.1038,11.8603,15/05/2567,15.9641,4.1038,11.8603,,https://web-r246-api.sec.or.th/api/forms/pdf/publish/66e3f54e9f2356970f9cab2d,246031792409-1
APO,นาง คณิตา อุดมผลกุล,ได้มา,หุ้น,7.0588,0.0,7.0588,14/05/2567,9.3543,2.0253,11.3797,,https://web-r246-api.sec.or.th/api/forms/pdf/publish/6a8698b7a06a7961be119e64,246043342608-1
APO,นาง คณิตา อุดมผลกุล,ได้มา,หุ้น,7.0588,0.0,7.0588,14/05/2567,9.3543,2.0253,11.3797,ฉบับแก้ไข,https://web-r246-api.sec.or.th/api/forms/pdf/publish/6a8bfbdda06a7961be119e7f,246043342608-2
APO,นาง คณิตา อุดมผลกุล,จำหน่าย,หุ้น,11.3285,1.9742,9.3543,13/05/2567,11.3285,1.9742,9.3543,,https://web-r246-api.sec.or.th/api/forms/pdf/publish/6a840dd3a06a7961be119e3f,246043142608-1
APO,นาง คณิตา อุดมผลกุล,จำหน่าย,หุ้น,7.0588,0.0,7.0588,13/05/2567,10.7293,1.3749,9.3543,,https://web-r246-api.sec.or.th/api/forms/pdf/publish/6a8696f1a06a7961be119e63,246043332608-1
AS,นาย ยรรยง พันธุ์วงศ์กล่อม,ได้มา,หุ้น,4.8777,0.1283,5.0061,13/05/2567,4.8777,0.1283,5.0061,,https://web-r246-api.sec.or.th/api/forms/pdf/publish/6644162bd2008be8acd1fcc5,246029652405-1
BVG,นาย สมพงษ์ ชลคดีดำรงกุล,ได้มา,หุ้น,4.9131,0.16,5.0731,10/05/2567,4.9131,0.16,5.0731,,https://web-r246-api.sec.or.th/api/forms/pdf/publish/664186251e286997d5afabee,246029622405-1
BDMS,นาย ปราเสริฐ ปราสาททองโอสถ,จำหน่าย,หุ้น,9.8746,0.1612,9.7133,09/05/2567,10.0004,0.1612,9.8392,,https://web-r246-api.sec.or.th/api/forms/pdf/publish/67c80af31f694d951a93a933,246035012503-1
RJH,FIL LIMITED,จำหน่าย,หุ้น,5.0011,0.0601,4.941,09/05/2567,5.0011,0.0601,4.941,,https://web-r246-api.sec.or.th/api/forms/pdf/publish/663df524965825e6d86bfaf1,246029612405-1
APO,นาง คณิตา อุดมผลกุล,ได้มา,หุ้น,7.0588,0.0,7.0588,08/05/2567,9.8356,1.4928,11.3285,,https://web-r246-api.sec.or.th/api/forms/pdf/publish/6a86950ba06a7961be119e62,246043322608-1
APO,นาง คณิตา อุดมผลกุล,ได้มา,หุ้น,7.0588,0.0,7.0588,08/05/2567,9.8356,1.4928,11.3285,ฉบับแก้ไข,https://web-r246-api.sec.or.th/api/forms/pdf/publish/6a8bfb67a06a7961be119e7e,246043322608-2
CIG,SYCAMORE CAPITAL SPC,ได้มา,หุ้น,10.3345,10.255,19.5297,08/05/2567,10.3345,10.255,19.5297,,https://web-r246-api.sec.or.th/api/forms/pdf/publish/663b4bab86193607247c1b40,246029592405-1
CPT,นาง กันยา หลิมประเสริฐ,ได้มา,หุ้น,10.9611,5.4024,16.3635,08/05/2567,10.9611,5.4024,16.3635,,https://web-r246-api.sec.or.th/api/forms/pdf/publish/663c7981c87091c631d7da4a,246029602405-1
GREEN,นาย พิชิต วิริยะเมตตากุล,ได้มา,หุ้น,9.9935,0.0244,10.018,03/05/2567,9.9935,0.0244,10.018,,https://web-r246-api.sec.or.th/api/forms/pdf/publish/666132e6365d67df31adf34d,246030092406-1
JR,นาย ภาวีร์ วิวัฒน์เจษฎาวุฒิ,ได้มา,หุ้น,9.9972,0.0065,10.0038,03/05/2567,9.9972,0.0065,10.0038,,https://web-r246-api.sec.or.th/api/forms/pdf/publish/6634c2173f15f1d1b037e5d1,246029572405-1
APO,นาง คณิตา อุดมผลกุล,จำหน่าย,หุ้น,10.728,2.701,8.0269,02/05/2567,10.728,2.701,8.0269,,https://web-r246-api.sec.or.th/api/forms/pdf/publish/6a840d0ea06a7961be119e3d,246043132608-1
APO,นาง คณิตา อุดมผลกุล,จำหน่าย,หุ้น,7.0588,0.0,7.0588,02/05/2567,10.728,2.701,8.0269,,https://web-r246-api.sec.or.th/api/forms/pdf/publish/6a86906ea06a7961be119e61,246043312608-1
KK,นาง ภาวิณีย์ สิริธนนนท์สกุล,จำหน่าย,หุ้น,0.894,0.894,0.0,02/05/2567,10.1556,0.894,9.2615,,https://web-r246-api.sec.or.th/api/forms/pdf/publish/663490f33f15f1d1b037e5ce,246029552405-1
APO,นาง คณิตา อุดมผลกุล,ได้มา,หุ้น,8.6583,2.0696,10.728,30/04/2567,8.6583,2.0696,10.728,,https://web-r246-api.sec.or.th/api/forms/pdf/publish/6a840ca0a06a7961be119e3c,246043162608-1
APO,นาง คณิตา อุดมผลกุล,ได้มา,หุ้น,7.0588,0.0,7.0588,30/04/2567,9.664,1.0639,10.728,,https://web-r246-api.sec.or.th/api/forms/pdf/publish/6a868d2ba06a7961be119e60,246043302608-1
APO,นาง คณิตา อุดมผลกุล,ได้มา,หุ้น,7.0588,0.0,7.0588,30/04/2567,9.664,1.0639,10.728,ฉบับแก้ไข,https://web-r246-api.sec.or.th/api/forms/pdf/publish/6a8e7bed3b0bc43579425100,246043302608-2
SLM,นาง รัสรินทร์ โภคินจารุรัศมิ์,ได้มา,หุ้น,12.3256,11.6781,24.0038,29/04/2567,12.3256,11.6781,24.0038,,https://web-r246-api.sec.or.th/api/forms/pdf/publish/66349c8a3f15f1d1b037e5cf,246029562405-1
SLM,นาง รัสรินทร์ โภคินจารุรัศมิ์,ได้มา,หุ้น,12.3256,11.6781,24.0038,29/04/2567,12.3256,11.6781,24.0038,ฉบับแก้ไข,https://web-r246-api.sec.or.th/api/forms/pdf/publish/66b1de9c8616bc085a021c72,246029562405-2
TSR,"เอกรัตน์ แจ้งอยู่, นาย วีรวัฒน์ แจ้งอยู่, นางสาว เธียรวรรณี แจ้งอยู่, นางสาว สวิตา แจ้งอยู่, บริษัท ดับบลิว เอส โอ แอล จำกัด (มหาชน), บริษัท เบตเตอร์ ดรีมส์ จำกัด",สิ้นสุด Concert Party,หุ้น,48.9071,0.0,48.9071,26/04/2567,48.9071,0.0,48.9071,อื่นๆ,https://web-r246-api.sec.or.th/api/forms/pdf/publish/6a508dcb9657a11387b9247a,246042772607-1
TSR,"เอกรัตน์ แจ้งอยู่, นาย วีรวัฒน์ แจ้งอยู่, นางสาว เธียรวรรณี แจ้งอยู่, นางสาว สวิตา แจ้งอยู่, บริษัท ดับบลิว เอส โอ แอล จำกัด (มหาชน), บริษัท เบตเตอร์ ดรีมส์ จำกัด",สิ้นสุด Concert Party,หุ้น,48.9071,0.0,48.9071,26/04/2567,48.9071,0.0,48.9071,ฉบับแก้ไข อื่นๆ,https://web-r246-api.sec.or.th/api/forms/pdf/publish/6a55e6be0d4e433792db336e,246042772607-2
TSR,"นาย เอกรัตน์ แจ้งอยู่, นาย วีรวัฒน์ แจ้งอยู่, นางสาว เธียรวรรณี แจ้งอยู่, นางสาว สวิตา แจ้งอยู่, บริษัท ดับบลิว เอส โอ แอล จำกัด (มหาชน)",สิ้นสุด Concert Party,หุ้น,29.5655,0.0,29.5655,26/04/2567,48.9071,0.0,48.9071,อื่นๆ,https://web-r246-api.sec.or.th/api/forms/pdf/publish/69a0577530554da3345de31d,246040912602-1
TSR,"นาย เอกรัตน์ แจ้งอยู่, นาย วีรวัฒน์ แจ้งอยู่, นางสาว เธียรวรรณี แจ้งอยู่, นางสาว สวิตา แจ้งอยู่, บริษัท ดับบลิว เอส โอ แอล จำกัด (มหาชน)",สิ้นสุด Concert Party,หุ้น,29.5655,0.0,29.5655,26/04/2567,48.9071,0.0,48.9071,อื่นๆ,https://web-r246-api.sec.or.th/api/forms/pdf/publish/69a279b730554da3345de32a,246041002602-1
TSR,"นาย เอกรัตน์ แจ้งอยู่, นาย วีรวัฒน์ แจ้งอยู่, นางสาว เธียรวรรณี แจ้งอยู่, นางสาว สวิตา แจ้งอยู่, บริษัท ดับบลิว เอส โอ แอล จำกัด (มหาชน)",สิ้นสุด Concert Party,หุ้น,29.5655,0.0,29.5655,26/04/2567,48.9071,0.0,48.9071,ฉบับแก้ไข อื่นๆ,https://web-r246-api.sec.or.th/api/forms/pdf/publish/6a105d307f39376f1afc98ad,246041002602-2
APO,นาง คณิตา อุดมผลกุล,จำหน่าย,หุ้น,10.3629,1.7046,8.6583,25/04/2567,10.3629,1.7046,8.6583,,https://web-r246-api.sec.or.th/api/forms/pdf/publish/6a840bb0a06a7961be119e3b,246043122608-1
APO,นาง คณิตา อุดมผลกุล,จำหน่าย,หุ้น,7.0588,0.0,7.0588,25/04/2567,10.5627,1.9043,8.6583,,https://web-r246-api.sec.or.th/api/forms/pdf/publish/6a8686ada06a7961be119e5f,246043292608-1
APO,นาง คณิตา อุดมผลกุล,จำหน่าย,หุ้น,7.0588,0.0,7.0588,25/04/2567,10.5627,1.9043,8.6583,ฉบับแก้ไข,https://web-r246-api.sec.or.th/api/forms/pdf/publish/6a8bfae4a06a7961be119e7d,246043292608-2
CHOTI,นาย เฉลิม เหล่าเทพพิทักษ์,จำหน่าย,หุ้น,7.0128,2.1844,4.8283,25/04/2567,7.0128,2.1844,4.8283,,https://web-r246-api.sec.or.th/api/forms/pdf/publish/662f26a7ae2936e53a7cf955,246029542404-1
PICO,PICO ART INTERNATIONAL PTE. LTD,ได้มา,หุ้น,42.687,4.0177,46.7048,22/04/2567,42.687,4.0177,46.7048,,https://web-r246-api.sec.or.th/api/forms/pdf/publish/66275e43e41fb81b39fe2f5b,246029522404-1
PICO,นาง ณัฎฐ์ญาณี บรรยงพงศ์เลิศ,จำหน่าย,หุ้น,10.8344,4.0177,6.8167,22/04/2567,23.1472,4.0177,19.1294,,https://web-r246-api.sec.or.th/api/forms/pdf/publish/6627638de41fb81b39fe2f5d,246029442404-1
PR9,บริษัท หลักทรัพย์จัดการกองทุนกรุงศรี จำกัด,จำหน่าย,หุ้น,5.0776,0.0949,4.9826,22/04/2567,5.0776,0.0949,4.9826,,https://web-r246-api.sec.or.th/api/forms/pdf/publish/66277550e41fb81b39fe2f61,246029452404-1
RJH,FIL LIMITED,ได้มา,หุ้น,4.9963,0.0191,5.0154,22/04/2567,4.9963,0.0191,5.0154,,https://web-r246-api.sec.or.th/api/forms/pdf/publish/66289fbd2422d5d6aa1beac6,246029512404-1
XPG,ELEVATED RETURNS LLC,ได้มา,หุ้น,2.0653,5.3523,7.4177,22/04/2567,4.4017,5.3523,9.7541,,https://web-r246-api.sec.or.th/api/forms/pdf/publish/66277418e41fb81b39fe2f60,246029472404-1
WELL,นางสาว สุพัฒตรา วิวัฒนชัยพงษ์,ได้มา,หุ้น,0.0,5.0836,5.0836,20/04/2567,0.0,5.0836,5.0836,,https://web-r246-api.sec.or.th/api/forms/pdf/publish/6628c60d2422d5d6aa1beac8,246029482404-1
APO,นาง คณิตา อุดมผลกุล,ได้มา,หุ้น,7.0588,3.3041,10.3629,19/04/2567,7.0588,3.3041,10.3629,,https://web-r246-api.sec.or.th/api/forms/pdf/publish/6a841daea06a7961be119e44,246043172608-1
APO,นาง คณิตา อุดมผลกุล,ได้มา,หุ้น,7.0588,0.0,7.0588,19/04/2567,9.2498,1.1131,10.3629,,https://web-r246-api.sec.or.th/api/forms/pdf/publish/6a8682dda06a7961be119e5e,246043282608-1
APO,นาง คณิตา อุดมผลกุล,ได้มา,หุ้น,7.0588,0.0,7.0588,19/04/2567,9.2498,1.1131,10.3629,ฉบับแก้ไข,https://web-r246-api.sec.or.th/api/forms/pdf/publish/6a8bfa57a06a7961be119e7c,246043282608-2
GIFT,นาย เชษฐ เชษฐโชติศักดิ์,จำหน่าย,หุ้น,2.9887,0.3821,2.6066,19/04/2567,55.0029,0.3821,54.6208,,https://web-r246-api.sec.or.th/api/forms/pdf/publish/66287c882422d5d6aa1beac3,246029492404-1
NRF,บริษัท เอเชี่ยน ฟู้ด คอร์ปอร์เรชั่น จำกัด,จำหน่าย,หุ้น,35.0531,0.0705,34.9825,19/04/2567,35.0531,0.0705,34.9825,,https://web-r246-api.sec.or.th/api/forms/pdf/publish/66279876e41fb81b39fe2f66,246029462404-1
APO,นาย สิทธิภาส อุดมผลกุล,ได้มา,หุ้น,3.8235,0.0,3.8235,18/04/2567,4.8944,1.044,5.9385,,https://web-r246-api.sec.or.th/api/forms/pdf/publish/6a8c0295a06a7961be119e84,246043472608-1
ERW,บริษัท หลักทรัพย์จัดการกองทุนกสิกรไทย จำกัด,ได้มา,หุ้น,4.9336,0.0896,5.0232,18/04/2567,4.9336,0.0896,5.0232,,https://web-r246-api.sec.or.th/api/forms/pdf/publish/6625d8687c46838386c997a2,246029382404-1
TPS,นาย มงคล ประกิตชัยวัฒนา,ได้มา,หุ้น,8.7071,3.7329,11.1521,17/04/2567,8.7071,3.7329,11.1521,,https://web-r246-api.sec.or.th/api/forms/pdf/publish/663a6f8086193607247c1b3f,246029582405-1
XPG,นางสาว รวิพรรณ จารุทวี,ได้มา,หุ้น,0.1283,3.2709,3.3993,17/04/2567,2.2457,3.2709,5.5166,,https://web-r246-api.sec.or.th/api/forms/pdf/publish/662610597c46838386c997a9,246029402404-1
TVDH,นาย วโรตม์ หน่อแก้ว,จำหน่าย,หุ้น,7.0885,2.5108,4.5776,11/04/2567,7.0885,2.5108,4.5776,,https://web-r246-api.sec.or.th/api/forms/pdf/publish/6620cf48cd316f5fc2b573dd,246029372404-1
APO,นาย สิทธิภาส อุดมผลกุล,จำหน่าย,หุ้น,3.8235,0.0,3.8235,10/04/2567,5.647,1.4411,4.2058,,https://web-r246-api.sec.or.th/api/forms/pdf/publish/6a8c0112a06a7961be119e83,246043462608-1
SABUY,นาย ชูเกียรติ รุจนพรพจี,จำหน่าย,หุ้น,15.7235,0.777,14.9464,10/04/2567,15.7235,0.777,14.9464,,https://web-r246-api.sec.or.th/api/forms/pdf/publish/662636b57c46838386c997aa,246029412404-1
XPG,ELEVATED RETURNS LLC,จำหน่าย,หุ้น,5.7981,3.554,2.2441,10/04/2567,8.3367,3.554,4.7826,,https://web-r246-api.sec.or.th/api/forms/pdf/publish/66162d51e23856b9179ccd39,246029362404-1
AUCT,BOX HOLDINGS LP,ได้มา,หุ้น,4.9527,0.0685,5.0212,09/04/2567,4.9527,0.0685,5.0212,,https://web-r246-api.sec.or.th/api/forms/pdf/publish/66154bf1e23856b9179ccd34,246029342404-1
SAMART,นาง จารุณี ชินวงศ์วรกุล,ได้มา,หุ้น,4.5908,0.0198,4.6106,09/04/2567,4.9931,0.0198,5.013,,https://web-r246-api.sec.or.th/api/forms/pdf/publish/661f30954f0ada1b8b202fa4,246029352404-1
WSOL,บริษัท ทีเอสอาร์ ลิฟวิ่ง โซลูชั่น จำกัด (มหาชน),จำหน่าย,หุ้น,5.425,0.658,4.7669,09/04/2567,5.425,0.658,4.7669,,https://web-r246-api.sec.or.th/api/forms/pdf/publish/69771c3630554da3345de2a1,246040452601-1
APO,นาย สิทธิภาส อุดมผลกุล,ได้มา,หุ้น,3.8235,0.0,3.8235,05/04/2567,3.8235,1.5294,5.3529,,https://web-r246-api.sec.or.th/api/forms/pdf/publish/6a8c0013a06a7961be119e82,246043452608-1
CIG,นาย ชาญยุทธ บุณยเกตุ,ได้มา,หุ้น,4.98,0.617,5.5971,05/04/2567,4.98,0.617,5.5971,,https://web-r246-api.sec.or.th/api/forms/pdf/publish/660fd0f7016c110c0657202b,246029282404-1
QTCG,นาย ยศวีย์ วัฒนธีระกิจจา,จำหน่าย,หุ้น,7.0,5.9166,1.0833,05/04/2567,7.0,5.9166,1.0833,,https://web-r246-api.sec.or.th/api/forms/pdf/publish/66150b7fe23856b9179ccd31,246029332404-1
SABUY,นาย ชูเกียรติ รุจนพรพจี,จำหน่าย,หุ้น,21.3489,2.4385,18.9104,05/04/2567,21.3489,2.4385,18.9104,,https://web-r246-api.sec.or.th/api/forms/pdf/publish/66101e08ac29b9e4c5fff8df,246029322404-1
BPS,ทรัสต์เพื่อกิจการเงินร่วมลงทุน กองทุนร่วมลงทุนในกิจการ SMES (กองทุนย่อยกองที่ 2),จำหน่าย,หุ้น,13.5483,13.5483,0.0,03/04/2567,13.5483,13.5483,0.0,,https://web-r246-api.sec.or.th/api/forms/pdf/publish/660f5560016c110c0657201f,246029252404-1
BPS,นายแพทย์ รัชต์ชยุตม์ จีระพรประภา,จำหน่าย,หุ้น,7.3542,7.3542,0.0,03/04/2567,7.3542,7.3542,0.0,,https://web-r246-api.sec.or.th/api/forms/pdf/publish/660fa4a4016c110c06572029,246029272404-1
TAPAC,นาง อรทัย แซ่ตั้ง,ได้มา,หุ้น,4.6654,0.4034,5.0688,03/04/2567,4.6654,0.4034,5.0688,,https://web-r246-api.sec.or.th/api/forms/pdf/publish/660f83b3016c110c06572023,246029262404-1
TPL,บริษัท อควา คอร์เปอเรชั่น จำกัด (มหาชน),ได้มา,หุ้น,19.9157,0.2326,20.1484,03/04/2567,19.9157,0.2326,20.1484,,https://web-r246-api.sec.or.th/api/forms/pdf/publish/660fd437016c110c0657202c,246029292404-1
APO,นาง คณิตา อุดมผลกุล,จำหน่าย,หุ้น,10.8823,3.8235,7.0588,02/04/2567,10.8823,3.8235,7.0588,,https://web-r246-api.sec.or.th/api/forms/pdf/publish/6a8405dca06a7961be119e38,246043102608-1
APO,นาง คณิตา อุดมผลกุล,จำหน่าย,หุ้น,7.0588,0.0,7.0588,02/04/2567,10.8823,3.8235,7.0588,,https://web-r246-api.sec.or.th/api/forms/pdf/publish/6a867dfea06a7961be119e5d,246043272608-1
APO,นาง คณิตา อุดมผลกุล,จำหน่าย,หุ้น,7.0588,0.0,7.0588,02/04/2567,10.8823,3.8235,7.0588,ฉบับแก้ไข,https://web-r246-api.sec.or.th/api/forms/pdf/publish/6a8bf9eaa06a7961be119e7b,246043272608-2
APO,นาย สิทธิภาส อุดมผลกุล,จำหน่าย,หุ้น,3.8235,0.0,3.8235,02/04/2567,6.4705,2.647,3.8235,,https://web-r246-api.sec.or.th/api/forms/pdf/publish/6a8c0a9da06a7961be119e8a,246043492608-1
SABUY,นาย ชูเกียรติ รุจนพรพจี,จำหน่าย,หุ้น,24.2238,1.7947,22.429,02/04/2567,26.1472,1.7947,24.3524,,https://web-r246-api.sec.or.th/api/forms/pdf/publish/660bcbf7e12e3764dc7d7902,246029232404-1
GIFT,นาย วีรพัฒน์ พูนศักดิ์อุดมสิน,ได้มา,หุ้น,5.2955,5.0406,10.3362,29/03/2567,5.2955,5.0406,10.3362,,https://web-r246-api.sec.or.th/api/forms/pdf/publish/660bafa5e12e3764dc7d7900,246029212404-1
NAM,บริษัท อินโน สเปราท์ โฮลดิ้ง จำกัด,ได้มา,หุ้น,4.9858,1.7885,6.7743,29/03/2567,4.9858,1.7885,6.7743,,https://web-r246-api.sec.or.th/api/forms/pdf/publish/660b805fe12e3764dc7d78fc,246029202404-1
TPL,นาง วัสสา จีนะวิจารณะ,จำหน่าย,หุ้น,35.8759,2.4809,33.395,29/03/2567,35.8759,2.4809,33.395,,https://web-r246-api.sec.or.th/api/forms/pdf/publish/660b8a45e12e3764dc7d78fd,246029192404-1
ABM,บริษัท เอเชีย กรีน เอนเนอจี จำกัด (มหาชน),ได้มา,หุ้น,4.9598,0.2802,5.24,28/03/2567,4.9598,0.2802,5.24,,https://web-r246-api.sec.or.th/api/forms/pdf/publish/660a5af8e12e3764dc7d78f6,246029172404-1
ABM,บริษัท เอเชีย กรีน เอนเนอจี จำกัด (มหาชน),ได้มา,หุ้น,4.9598,0.1042,5.064,28/03/2567,4.9598,0.1042,5.064,ฉบับแก้ไข,https://web-r246-api.sec.or.th/api/forms/pdf/publish/660b6430e12e3764dc7d78f8,246029172404-2
HPT,นาย ธีรนาท งามจิตรเจริญ,จำหน่าย,หุ้น,5.1356,0.7551,4.3804,27/03/2567,5.1356,0.7551,4.3804,,https://web-r246-api.sec.or.th/api/forms/pdf/publish/66064a51e71922b7d168cbea,246029142403-1
GLOCON,บริษัท ไทรทัน โฮลดิ้ง จำกัด (มหาชน),ได้มา,หุ้น,9.9759,1.9503,11.9262,26/03/2567,9.9759,1.9503,11.9262,,https://web-r246-api.sec.or.th/api/forms/pdf/publish/66067f95920baedcb8f4f0d2,246029162403-1
KEX,ALPHA MODEL LIMITED,ได้มา,หุ้น,0.0,0.0408,0.0408,26/03/2567,0.0,5.8652,5.8652,,https://web-r246-api.sec.or.th/api/forms/pdf/publish/65fc0cb7bc70e454e32a6907,246029012403-1
KEX,CANINCO INVESTMENTS LIMITED,ได้มา,หุ้น,0.0,2.4522,2.4522,26/03/2567,0.0,5.5624,5.5624,,https://web-r246-api.sec.or.th/api/forms/pdf/publish/65fceb7dbc70e454e32a6916,246029052403-1
KEX,CRYSTAL WHITE LIMITED,ได้มา,หุ้น,0.0,0.0563,0.0563,26/03/2567,0.0,5.8652,5.8652,,https://web-r246-api.sec.or.th/api/forms/pdf/publish/65fc108bbc70e454e32a6908,246029022403-1
KEX,DARMEX HOLDINGS LIMITED,ได้มา,หุ้น,0.0,1.7705,1.7705,26/03/2567,0.0,5.5624,5.5624,,https://web-r246-api.sec.or.th/api/forms/pdf/publish/65fcf359bc70e454e32a691b,246029062403-1
KEX,GLORY VOICE INTERNATIONAL LIMITED,ได้มา,หุ้น,0.0,0.1231,0.1231,26/03/2567,0.0,5.5624,5.5624,,https://web-r246-api.sec.or.th/api/forms/pdf/publish/65fcf5c6bc70e454e32a691c,246029072403-1
KEX,KERRY PROPERTIES LIMITED,ได้มา,หุ้น,0.0,10.8498,10.8498,26/03/2567,0.0,10.8498,10.8498,,https://web-r246-api.sec.or.th/api/forms/pdf/publish/65fd57c3bc70e454e32a6922,246029102403-1
KEX,MACROMIND INVESTMENTS LIMITED,ได้มา,หุ้น,0.0,0.0155,0.0155,26/03/2567,0.0,5.8652,5.8652,,https://web-r246-api.sec.or.th/api/forms/pdf/publish/65fc11d8bc70e454e32a6909,246029032403-1
KEX,MOSLANE LIMITED,ได้มา,หุ้น,0.0,0.5797,0.5797,26/03/2567,0.0,5.5624,5.5624,,https://web-r246-api.sec.or.th/api/forms/pdf/publish/65fcf72bbc70e454e32a691d,246029082403-1
KEX,NOBLESPIRIT CORPORATION,ได้มา,หุ้น,0.0,0.1899,0.1899,26/03/2567,0.0,5.8652,5.8652,,https://web-r246-api.sec.or.th/api/forms/pdf/publish/65fc17f4bc70e454e32a690c,246029042403-1
KEX,PARUNI LIMITED,ได้มา,หุ้น,0.0,0.2017,0.2017,26/03/2567,0.0,5.5624,5.5624,,https://web-r246-api.sec.or.th/api/forms/pdf/publish/65fcf7cebc70e454e32a691e,246029092403-1
KEX,บริษัท เคแอลเอ็น โลจิสติคส์ (ประเทศไทย) จำกัด,จำหน่าย,หุ้น,52.0608,52.0608,0.0,26/03/2567,52.0608,52.0608,0.0,,https://web-r246-api.sec.or.th/api/forms/pdf/publish/65f93b8f3126ad39a1f34dc1,246029112403-1
VL,บริษัท บงกช โฮลดิงส์ จำกัด,ได้มา,หุ้น,4.3672,0.6648,5.032,26/03/2567,4.3672,0.6648,5.032,,https://web-r246-api.sec.or.th/api/forms/pdf/publish/660525d82d4c0e70995484b7,246029132403-1
AWC,TCC GROUP INTERNATIONAL LIMITED,สิ้นสุดนิติบุคคลตามมาตรา 258,หุ้น,0.0,74.9945,-74.9945,22/03/2567,0.0,74.9945,0.0,,https://web-r246-api.sec.or.th/api/forms/pdf/publish/66024bc7002f8c7020d28445,246028992403-1
AWC,บริษัท ไทยเจริญ คอมเมอร์เชี่ยล จำกัด,ได้มา Chain principle,หุ้น,0.0,74.9945,74.9945,22/03/2567,74.9945,0.0,74.9945,,https://web-r246-api.sec.or.th/api/forms/pdf/publish/66024e2d002f8c7020d28448,246029002403-1
KEX,บริษัท บีทีเอส กรุ๊ป โฮลดิ้งส์ จำกัด (มหาชน),จำหน่าย,หุ้น,5.6765,2.7176,2.9589,22/03/2567,5.6765,2.7176,2.9589,,https://web-r246-api.sec.or.th/api/forms/pdf/publish/65fd5ebfbc70e454e32a6923,246028952403-1
KEX,บริษัท วีจีไอ จำกัด (มหาชน),จำหน่าย,หุ้น,15.4501,15.4501,0.0,22/03/2567,21.1267,18.1677,2.9589,,https://web-r246-api.sec.or.th/api/forms/pdf/publish/65fd71ecbc70e454e32a6926,246028962403-1
LHK,นาย ประเสริฐ อัครพงศ์พิศักดิ์,ได้มา,หุ้น,16.543,4.1253,20.6684,22/03/2567,16.543,4.1253,20.6684,,https://web-r246-api.sec.or.th/api/forms/pdf/publish/6600d8d0002f8c7020d2843a,246028972403-1
POLY,นาย ทวีรัช ปรุงพัฒนสกุล,จำหน่าย,หุ้น,5.0001,0.0002,4.9998,21/03/2567,5.0001,0.0002,4.9998,,https://web-r246-api.sec.or.th/api/forms/pdf/publish/6600e3cd002f8c7020d2843d,246028982403-1
AWC,TCC GROUP INTERNATIONAL LIMITED,จำหน่าย,หุ้น,14.154,14.154,0.0,20/03/2567,14.154,14.154,0.0,,https://web-r246-api.sec.or.th/api/forms/pdf/publish/65fc02d5bc70e454e32a68ff,246028852403-1
AWC,บริษัท ทีซีซี รีเทล จำกัด,ได้มา,หุ้น,15.8412,14.154,29.9953,20/03/2567,15.8412,14.154,29.9953,ได้รับยกเว้นทำคำเสนอซื้อ,https://web-r246-api.sec.or.th/api/forms/pdf/publish/65fc0537bc70e454e32a6904,246028872403-1
PHG,นางสาว สุดา อัศวโภคิน,ได้มา,หุ้น,3.88,1.5589,5.4389,20/03/2567,3.88,1.5589,5.4389,,https://web-r246-api.sec.or.th/api/forms/pdf/publish/65fced14bc70e454e32a6918,246028932403-1
PHG,นาย รณชิต แย้มสอาด,จำหน่าย,หุ้น,6.4182,1.5589,4.8593,20/03/2567,6.4182,1.5589,4.8593,,https://web-r246-api.sec.or.th/api/forms/pdf/publish/65fcf2aebc70e454e32a691a,246028942403-1
WELL,นางสาว วัชรี น้อยยาโน,ได้มา,หุ้น,0.0,10.7022,10.7022,20/03/2567,0.0,10.7022,10.7022,,https://web-r246-api.sec.or.th/api/forms/pdf/publish/6628c99b2422d5d6aa1beaca,246029502404-1
WELL,นาย สุธี เหลืองรัตนเจริญ,ได้มา,หุ้น,7.0046,7.0046,14.0092,20/03/2567,7.0046,7.0046,14.0092,,https://web-r246-api.sec.or.th/api/forms/pdf/publish/69a1355330554da3345de323,246040942602-1
WELL,นาย สุธี เหลืองรัตนเจริญ,ได้มา,หุ้น,0.0,7.0046,7.0046,20/03/2567,0.0,7.0046,7.0046,ฉบับแก้ไข,https://web-r246-api.sec.or.th/api/forms/pdf/publish/6a2baa3c7f39376f1afc98e8,246040942602-2
WELL,นาย สุสิชณ์ทักษ์ อัจฉริยะสมบัติ,ได้มา,หุ้น,5.0916,15.9522,21.0439,20/03/2567,5.0916,15.9522,21.0439,,https://web-r246-api.sec.or.th/api/forms/pdf/publish/662a167a3d3840362a864a45,246029532404-1
WELL,นาย อาทิตย์ โอว์,ได้มา,หุ้น,13.3764,13.3764,26.7529,20/03/2567,13.3764,13.3764,26.7529,ได้รับยกเว้นทำคำเสนอซื้อ,https://web-r246-api.sec.or.th/api/forms/pdf/publish/699eac7430554da3345de304,246040852602-1
WELL,นาย อาทิตย์ โอว์,ได้มา,หุ้น,0.0,13.3764,13.3764,20/03/2567,0.0,13.3764,13.3764,ฉบับแก้ไข,https://web-r246-api.sec.or.th/api/forms/pdf/publish/6a2ba72b7f39376f1afc98e7,246040852602-2
AWC,TCC GROUP INTERNATIONAL LIMITED,จำหน่าย,หุ้น,28.3081,14.154,14.154,19/03/2567,28.3081,14.154,14.154,,https://web-r246-api.sec.or.th/api/forms/pdf/publish/65fc00f5bc70e454e32a68fd,246028842403-1
AWC,บริษัท ทีซีซี รีเทล จำกัด,ได้มา,หุ้น,1.6872,14.154,15.8412,19/03/2567,1.6872,14.154,15.8412,,https://web-r246-api.sec.or.th/api/forms/pdf/publish/65fc03b6bc70e454e32a6901,246028862403-1
SABINA,บริษัท หลักทรัพย์จัดการกองทุนกรุงศรี จำกัด,จำหน่าย,หุ้น,5.0257,4.9844,0.0413,19/03/2567,5.0257,4.9844,0.0413,,https://web-r246-api.sec.or.th/api/forms/pdf/publish/65fa4ce0c62e54b4f09ac909,246028792403-1
BCP,สำนักงานประกันสังคม,จำหน่าย,หุ้น,15.002,0.1106,14.8913,18/03/2567,15.002,0.1106,14.8913,,https://web-r246-api.sec.or.th/api/forms/pdf/publish/65f94c553126ad39a1f34dc3,246028822403-1
CHO,นาย สุรเดช ทวีแสงสกุลไทย,ได้มา,หุ้น,11.2031,18.9988,28.0207,18/03/2567,11.3075,18.9988,28.1047,ผู้รายงานแจ้งยกเลิก ได้รับยกเว้นทำคำเสนอซื้อ,https://web-r246-api.sec.or.th/api/forms/pdf/publish/65f828e4344ebf8655032b0b,246028752403-1
HL,นาย สุเมธ มโนสุทธิ,จำหน่าย,หุ้น,10.0966,0.1478,9.9487,18/03/2567,10.0966,0.1478,9.9487,,https://web-r246-api.sec.or.th/api/forms/pdf/publish/65fbf55bbc70e454e32a68fc,246028832403-1
TGH,บริษัท ไทยเจริญ คอมเมอร์เชี่ยล จำกัด,ได้มา Chain principle,หุ้น,0.0,80.8416,80.8416,18/03/2567,80.8416,0.0,80.8416,,https://web-r246-api.sec.or.th/api/forms/pdf/publish/65fa5278c62e54b4f09ac90c,246028802403-1
TGH,บริษัท สิริสัมพันธ์ จำกัด,สิ้นสุดนิติบุคคลตามมาตรา 258,หุ้น,0.0,80.8416,-80.8416,18/03/2567,0.0,80.8416,0.0,,https://web-r246-api.sec.or.th/api/forms/pdf/publish/65fa54dec62e54b4f09ac90e,246028812403-1
TMD,นาย เนตร จรัญวาศน์,ได้มา,หุ้น,32.6352,2.614,35.2492,18/03/2567,32.6352,2.614,35.2492,,https://web-r246-api.sec.or.th/api/forms/pdf/publish/65f8eb363126ad39a1f34dbb,246028762403-1
HANA,บริษัท หลักทรัพย์จัดการกองทุนกสิกรไทย จำกัด,ได้มา,หุ้น,4.9311,0.0989,5.0301,15/03/2567,4.9311,0.0989,5.0301,,https://web-r246-api.sec.or.th/api/forms/pdf/publish/65f95efc5a18a50d61eb217a,246028782403-1
BCP,สำนักงานประกันสังคม,ได้มา,หุ้น,14.9677,0.0342,15.002,14/03/2567,14.9677,0.0342,15.002,,https://web-r246-api.sec.or.th/api/forms/pdf/publish/65f40ea60f197e87f7c49c11,246028772403-1
TRITN,นาย ภสุ วชิรพงศ์,ได้มา,หุ้น,4.9876,0.0449,5.0325,13/03/2567,4.9876,0.0449,5.0325,,https://web-r246-api.sec.or.th/api/forms/pdf/publish/65f2c71ba4146b3489b148a1,246028722403-1
CIG,SYCAMORE CAPITAL SPC,จำหน่าย,หุ้น,16.2469,2.7458,13.501,08/03/2567,16.2469,2.7458,13.501,,https://web-r246-api.sec.or.th/api/forms/pdf/publish/65ee7605202bb6c1b1fcd5ca,246028692403-1
JMT,บริษัท หลักทรัพย์จัดการกองทุนรวมบัวหลวง จำกัด,จำหน่าย,หุ้น,5.1494,0.214,4.9354,08/03/2567,5.1494,0.214,4.9354,,https://web-r246-api.sec.or.th/api/forms/pdf/publish/65ee770d202bb6c1b1fcd5cb,246028682403-1
PJW,นาย คงศักดิ์ เหมมณฑารพ,จำหน่าย,หุ้น,6.2278,3.2235,3.0043,08/03/2567,17.6119,3.2235,14.3883,,https://web-r246-api.sec.or.th/api/forms/pdf/publish/65f437ae0f197e87f7c49c12,246028732403-1
TGE,นาง สรรธีรา จันทรเสโน,ได้มา,หลักทรัพย์แปลงสภาพ,0.8774,4.4493,5.3268,08/03/2567,0.8774,4.4493,5.3268,,https://web-r246-api.sec.or.th/api/forms/pdf/publish/65ead2d89c2a28ab556ebf74,246028672403-1
TGE,นางสาว ธันต์ชนก วนสุวรรณกุล,ได้มา,หลักทรัพย์แปลงสภาพ,1.9151,3.1779,5.0931,08/03/2567,1.9151,3.1779,5.0931,,https://web-r246-api.sec.or.th/api/forms/pdf/publish/65eafdc39c2a28ab556ebf76,246028662403-1
BBGI,บริษัท บางจาก คอร์ปอเรชั่น จำกัด (มหาชน),ได้มา,หุ้น,44.9993,0.0021,45.0014,07/03/2567,44.9993,0.0021,45.0014,,https://web-r246-api.sec.or.th/api/forms/pdf/publish/65ee79a8202bb6c1b1fcd5cd,246028702403-1
SPA,บริษัท หลักทรัพย์จัดการกองทุนรวมบัวหลวง จำกัด,จำหน่าย,หุ้น,5.0173,0.2025,4.8148,07/03/2567,5.0173,0.2025,4.8148,,https://web-r246-api.sec.or.th/api/forms/pdf/publish/65ea75379c2a28ab556ebf6e,246028652403-1
AMARIN,บริษัท สิริวัฒนภักดี จำกัด,ได้มา,หุ้น,0.0,7.9055,7.9055,05/03/2567,74.2089,7.9055,82.1145,จะทำคำเสนอซื้อ,https://web-r246-api.sec.or.th/api/forms/pdf/publish/65e6f8e7404990da39d6ee5d,246028632403-1
B,นาง อารีรัตน์ ลีสวัสดิ์ตระกูล,ได้มา,หุ้น,4.9803,0.0495,5.0298,05/03/2567,4.9803,0.0495,5.0298,,https://web-r246-api.sec.or.th/api/forms/pdf/publish/65eed356202bb6c1b1fcd5d0,246028712403-1
CIG,SYCAMORE CAPITAL SPC,ได้มา,หุ้น,11.1133,7.7131,17.9693,05/03/2567,11.1133,7.7131,17.9693,,https://web-r246-api.sec.or.th/api/forms/pdf/publish/65e6dea0404990da39d6ee58,246028612403-1
TPS,นาย มงคล ประกิตชัยวัฒนา,ได้มา,หุ้น,4.99,0.3185,5.3086,05/03/2567,4.99,0.3185,5.3086,,https://web-r246-api.sec.or.th/api/forms/pdf/publish/65e6e9c0404990da39d6ee5a,246028622403-1
PM,APG ASSET MANAGEMENT N.V.,จำหน่าย,หุ้น,5.0178,0.2008,4.8169,04/03/2567,5.0178,0.2008,4.8169,,https://web-r246-api.sec.or.th/api/forms/pdf/publish/65e926ed705477b314bdc72e,246028642403-1
WELL,นาย สุธี เหลืองรัตนเจริญ,ได้มา,หุ้น,19.5734,19.5734,39.1468,01/03/2567,19.5734,19.5734,39.1468,ผู้รายงานแจ้งยกเลิก ได้รับยกเว้นทำคำเสนอซื้อ,https://web-r246-api.sec.or.th/api/forms/pdf/publish/699d581b30554da3345de2f1,246040802602-1
WSOL,บริษัท ทีเอสอาร์ ลิฟวิ่ง โซลูชั่น จำกัด (มหาชน),ได้มา,หุ้น,4.8667,0.2497,5.1164,01/03/2567,4.8667,0.2497,5.1164,,https://web-r246-api.sec.or.th/api/forms/pdf/publish/69771ac030554da3345de2a0,246040442601-1
LANNA,นาย ทวีฉัตร จุฬางกูร,จำหน่าย,หุ้น,5.0095,0.0576,4.9518,29/02/2567,5.0095,0.0576,4.9518,,https://web-r246-api.sec.or.th/api/forms/pdf/publish/65e53536413ec4cc470ae060,246028572403-1
MOONG,นาย สุเมธ เลอสุมิตรกุล,ได้มา,หุ้น,51.4019,2.3707,53.7727,29/02/2567,52.79,4.7415,57.5315,,https://web-r246-api.sec.or.th/api/forms/pdf/publish/686530ba4f3bf658c33c6cdf,246037252507-1
ONEE,นางสาว ปรมาภรณ์ ปราสาททองโอสถ,จำหน่าย,หุ้น,25.0498,25.0498,0.0,28/02/2567,25.0498,25.0498,0.0,,https://web-r246-api.sec.or.th/api/forms/pdf/publish/65dfdf79d747662b77ac3f91,246028532402-1
ONEE,นาย พิธาน องค์โฆษิต,ได้มา,หุ้น,0.0,14.8398,14.8398,28/02/2567,0.0,24.8398,24.8398,,https://web-r246-api.sec.or.th/api/forms/pdf/publish/65def2fe516a330e35792251,246028512402-1
ONEE,บริษัท วันทอง โฮลดิ้งส์ จำกัด,ได้มา,หุ้น,0.0,10.0,10.0,28/02/2567,0.0,24.8398,24.8398,,https://web-r246-api.sec.or.th/api/forms/pdf/publish/65def5ef516a330e35792252,246028522402-1
TRUE,TELENOR THAILAND INVESTMENTS PTE LTD,ได้มานิติบุคคลตามมาตรา 258,หุ้น,26.3212,0.0,26.3212,28/02/2567,60.6005,0.0,60.6005,,https://web-r246-api.sec.or.th/api/forms/pdf/publish/65e13bf4a85266d2adace6c8,246028562403-1
TRUE,เทเลนอร์ เอเชีย พีทีอี แอลทีดี,สิ้นสุดนิติบุคคลตามมาตรา 258,หุ้น,0.0,0.0,0.0,28/02/2567,60.6005,0.0,60.6005,,https://web-r246-api.sec.or.th/api/forms/pdf/publish/65e138eca85266d2adace6c6,246028552403-1
COM7,นาย พงศ์ศักดิ์ ธรรมธัชอารี,จำหน่าย,หุ้น,20.1601,0.4598,19.7003,23/02/2567,20.1601,0.4598,19.7003,,https://web-r246-api.sec.or.th/api/forms/pdf/publish/65dd72e8de537f0a39c51e56,246028502402-1
GGC,นาย สำเริง มนูญผล,ได้มา,หุ้น,10.015,4.9946,15.0097,22/02/2567,10.015,4.9946,15.0097,,https://web-r246-api.sec.or.th/api/forms/pdf/publish/65d70aeff91a23c57769d990,246028432402-1
BJC,บริษัท ทีซีซี ท็อป เอนเตอร์ไพรซ์ จำกัด,สิ้นสุดนิติบุคคลตามมาตรา 258,หุ้น,75.0,75.0,0.0,20/02/2567,75.0,0.0,75.0,ผู้รายงานแจ้งยกเลิก,https://web-r246-api.sec.or.th/api/forms/pdf/publish/65d8286ef91a23c57769d997,246028462402-1
BJC,บริษัท ทีซีซี ท็อป เอนเตอร์ไพรซ์ จำกัด,สิ้นสุดนิติบุคคลตามมาตรา 258,หุ้น,0.0,74.9993,-74.9993,20/02/2567,0.0,74.9993,0.0,,https://web-r246-api.sec.or.th/api/forms/pdf/publish/65e038e7d747662b77ac3f96,246028542402-1
BJC,บริษัท ไทยเจริญ คอมเมอร์เชี่ยล จำกัด,ได้มา Chain principle,หุ้น,0.0,75.0,75.0,20/02/2567,75.0,0.0,75.0,,https://web-r246-api.sec.or.th/api/forms/pdf/publish/65d832b7f91a23c57769d998,246028472402-1
BJC,บริษัท ไทยเจริญ คอมเมอร์เชี่ยล จำกัด,ได้มา Chain principle,หุ้น,0.0,75.0,75.0,20/02/2567,0.0,75.0,75.0,ฉบับแก้ไข,https://web-r246-api.sec.or.th/api/forms/pdf/publish/65e03b9fd747662b77ac3f99,246028472402-2
HYDRO,นางสาว ภริษา ฉายาวสันต์,ได้มา,หลักทรัพย์แปลงสภาพ,0.0,7.2454,7.2454,20/02/2567,0.0,7.2454,7.2454,จะลดสัดส่วนการถือหุ้น,https://web-r246-api.sec.or.th/api/forms/pdf/publish/65e5b8bd404990da39d6ee55,246028592403-1
HYDRO,นาย สมประสงค์ ปัญจะลักษณ์,ได้มา,หลักทรัพย์แปลงสภาพ,0.0,11.2463,11.2463,20/02/2567,0.0,11.2463,11.2463,จะลดสัดส่วนการถือหุ้น,https://web-r246-api.sec.or.th/api/forms/pdf/publish/65e5b5da404990da39d6ee54,246028602403-1
NETBAY,นาย พิชิต วิวัฒน์รุจิราพงศ์,จำหน่าย,หุ้น,24.9,24.9,0.0,20/02/2567,24.9,24.9,0.0,,https://web-r246-api.sec.or.th/api/forms/pdf/publish/65d47d73557f80fc3cc71056,246028332402-1
NETBAY,บริษัท ดิทโต้ (ประเทศไทย) จำกัด (มหาชน),ได้มา,หุ้น,0.0,24.9,24.9,20/02/2567,0.0,24.9,24.9,,https://web-r246-api.sec.or.th/api/forms/pdf/publish/65d5b468620af44c103a6030,246028372402-1
ROCK,นางสาว ณัฐิกา พงษ์สุทธิมนัส,จำหน่าย,หุ้น,9.1,8.1,1.0,20/02/2567,11.1,9.6,1.5,,https://web-r246-api.sec.or.th/api/forms/pdf/publish/65d5ea1f620af44c103a6038,246028402402-1
ROCK,นาย ชาคริต วรชาครียนันท์,จำหน่าย,หุ้น,2.0,1.5,0.5,20/02/2567,11.1,9.6,1.5,,https://web-r246-api.sec.or.th/api/forms/pdf/publish/65d5eb5d620af44c103a603a,246028412402-1
ROCK,นาย ดุษฎี พงษ์สุทธิมนัส,จำหน่าย,หุ้น,9.5,8.5,1.0,20/02/2567,9.5,8.5,1.0,,https://web-r246-api.sec.or.th/api/forms/pdf/publish/65d5e8de620af44c103a6036,246028392402-1
ROCK,บริษัท ซีเจ ไพร์ม จำกัด,ได้มา,หุ้น,20.2254,30.7745,51.0,20/02/2567,20.2254,30.7745,51.0,จะทำคำเสนอซื้อ,https://web-r246-api.sec.or.th/api/forms/pdf/publish/65d5e318620af44c103a6032,246028382402-1
SABINA,บริษัท หลักทรัพย์จัดการกองทุนรวมบัวหลวง จำกัด,จำหน่าย,หุ้น,10.0995,0.1143,9.9852,20/02/2567,10.0995,0.1143,9.9852,,https://web-r246-api.sec.or.th/api/forms/pdf/publish/65d57b76620af44c103a6028,246028352402-1
JTS,บริษัท จัสมิน อินเตอร์เนชั่นแนล จำกัด (มหาชน),ได้มา,หุ้น,41.7203,0.1415,41.8619,19/02/2567,69.9301,0.1415,70.0716,,https://web-r246-api.sec.or.th/api/forms/pdf/publish/65cb3e96201b4a4cec90610b,246028422402-1
TQM,นาง จารุณี ชินวงศ์วรกุล,ได้มา,หุ้น,9.4648,0.0765,9.5413,16/02/2567,9.9981,0.0765,10.0746,,https://web-r246-api.sec.or.th/api/forms/pdf/publish/65cecd571b005795479da961,246028262402-1
ISTORE22,นาย ธีรัส บุญ-หลง,ได้มา,หุ้น,0.04,0.0391,0.0791,15/02/2567,0.04,0.0391,0.0791,,https://web-r246-api.sec.or.th/api/forms/pdf/publish/65cf17990d7876ac7cbcc09c,246028302402-1
ISTORE22,นาย สมพงษ์ ชลคดีดำรงกุล,ได้มา,หุ้น,4.688,4.688,9.375,15/02/2567,4.688,4.688,9.375,,https://web-r246-api.sec.or.th/api/forms/pdf/publish/65ceef8a0d7876ac7cbcc096,246028282402-1
HPT,นาย ธีรนาท งามจิตรเจริญ,ได้มา,หุ้น,5.1969,5.1969,10.3939,14/02/2567,5.1969,5.1969,10.3939,,https://web-r246-api.sec.or.th/api/forms/pdf/publish/65cc7bf5df3d27314c6d4565,246028212402-1
HPT,นาย ธีรนาท งามจิตรเจริญ,ได้มา,หุ้น,4.9854,0.2114,5.1969,14/02/2567,4.9854,0.2114,5.1969,ฉบับแก้ไข,https://web-r246-api.sec.or.th/api/forms/pdf/publish/65cc81c1df3d27314c6d4566,246028212402-2
ROCK,นางสาว รัชนี พงษ์สุทธิมนัส,จำหน่าย,หุ้น,8.964,7.964,1.0,14/02/2567,8.964,7.964,1.0,,https://web-r246-api.sec.or.th/api/forms/pdf/publish/65cdc3a5360fae1173f4258e,246028242402-1
ROCK,นางสาว สวรรญา พงษ์สุทธิมนัส,จำหน่าย,หุ้น,5.6565,5.4065,0.25,14/02/2567,14.7185,12.2614,2.457,,https://web-r246-api.sec.or.th/api/forms/pdf/publish/65d495d6557f80fc3cc71059,246028342402-1
ROCK,นาย วรินทร พงษ์สุทธิมนัส,จำหน่าย,หุ้น,9.062,6.8549,2.207,14/02/2567,14.7185,12.2614,2.457,,https://web-r246-api.sec.or.th/api/forms/pdf/publish/65cdbdfa360fae1173f4258d,246028232402-1
ROCK,บริษัท ซีเจ ไพร์ม จำกัด,ได้มา,หุ้น,0.0,20.2254,20.2254,14/02/2567,0.0,20.2254,20.2254,,https://web-r246-api.sec.or.th/api/forms/pdf/publish/65cdc6e7360fae1173f4258f,246028252402-1
BCPG,CAPITAL ASIA INVESTMENTS PTE LTD,ได้มา,หุ้น,3.5551,1.7207,5.2759,13/02/2567,3.5551,1.7207,5.2759,,https://web-r246-api.sec.or.th/api/forms/pdf/publish/65cb37c5201b4a4cec90610a,246028202402-1
CIG,SYCAMORE CAPITAL SPC,ได้มา,หุ้น,6.9663,4.1409,10.8189,13/02/2567,6.9663,4.1409,10.8189,,https://web-r246-api.sec.or.th/api/forms/pdf/publish/65cef89c0d7876ac7cbcc097,246028292402-1
CHO,นาย สุรเดช ทวีแสงสกุลไทย,ได้มา,หุ้น,7.8004,2.8563,10.6568,12/02/2567,7.9048,2.8563,10.7612,,https://web-r246-api.sec.or.th/api/forms/pdf/publish/65cb16eb201b4a4cec906108,246028192402-1
POMPUI,ธนาคารกรุงไทย จำกัด (มหาชน),จำหน่าย,หุ้น,12.4168,2.4975,9.9192,12/02/2567,12.4168,2.4975,9.9192,,https://web-r246-api.sec.or.th/api/forms/pdf/publish/65c9c848db7fb36b4bf97f64,246028172402-1
CHO,ADVANCE OPPORTUNITIES FUND,จำหน่าย,หุ้น,12.1672,0.6141,11.5531,07/02/2567,24.5843,5.5461,19.0381,,https://web-r246-api.sec.or.th/api/forms/pdf/publish/65c44d46f34e505b20966f3c,246028152402-1
CHO,ADVANCE OPPORTUNITIES FUND I,จำหน่าย,หุ้น,12.417,4.932,7.485,07/02/2567,24.5843,5.5461,19.0381,,https://web-r246-api.sec.or.th/api/forms/pdf/publish/65c459a5f34e505b20966f3f,246028162402-1
J,บริษัท เจมาร์ท กรุ๊ป โฮลดิ้งส์ จำกัด (มหาชน),ได้มา,หุ้น,66.6927,20.8266,72.8934,07/02/2567,66.6927,20.8266,72.8934,,https://web-r246-api.sec.or.th/api/forms/pdf/publish/68ad69b9187c831f74c93398,246038062508-1
GIFT,นาย วีรพัฒน์ พูนศักดิ์อุดมสิน,ได้มา,หุ้น,5.2955,5.2955,10.5911,06/02/2567,5.2955,5.2955,10.5911,,https://web-r246-api.sec.or.th/api/forms/pdf/publish/65c3080ac1112da67a73ba94,246028122402-1
GIFT,นาย วีรพัฒน์ พูนศักดิ์อุดมสิน,ได้มา,หุ้น,0.0,5.2955,5.2955,06/02/2567,0.0,5.2955,5.2955,ฉบับแก้ไข,https://web-r246-api.sec.or.th/api/forms/pdf/publish/660bab23e12e3764dc7d78ff,246028122402-2
VGI,บริษัท หลักทรัพย์จัดการกองทุนรวมบัวหลวง จำกัด,จำหน่าย,หุ้น,5.0028,0.0893,4.9135,06/02/2567,5.0028,0.0893,4.9135,,https://web-r246-api.sec.or.th/api/forms/pdf/publish/65c32f8ec1112da67a73ba95,246028132402-1
ANI,บริษัท เอสซีจี เจดับเบิ้ลยูดี โลจิสติกส์ จำกัด (มหาชน),ได้มา,หุ้น,7.6194,12.5,20.1194,05/02/2567,7.6194,12.5,20.1194,,https://web-r246-api.sec.or.th/api/forms/pdf/publish/65c1b43fc57dfc8807429c21,246028062402-1
BCH,CAPITAL RESEARCH AND MANAGEMENT COMPANY,ได้มา,หุ้น,4.7114,0.401,5.1124,05/02/2567,4.7114,0.401,5.1124,,https://web-r246-api.sec.or.th/api/forms/pdf/publish/65c28038c1112da67a73ba92,246028112402-1
KEX,บริษัท เอสเอฟ อินเตอร์เนชั่นแนล โฮลดิ้ง (ประเทศไทย) จำกัด,ได้มา,หุ้น,0.0,26.8208,26.8209,05/02/2567,0.0,26.8208,26.8209,จะทำคำเสนอซื้อ,https://web-r246-api.sec.or.th/api/forms/pdf/publish/65bf3753380522e9566a0c40,246028052402-1
CIG,SYCAMORE CAPITAL SPC,ได้มา,หุ้น,3.9542,3.8878,7.8421,02/02/2567,3.9542,3.8878,7.8421,,https://web-r246-api.sec.or.th/api/forms/pdf/publish/65c0747dfe3a25c8776bdc96,246028032402-1
CIG,SYCAMORE CAPITAL SPC,จำหน่าย,หุ้น,7.2087,3.0945,4.1141,31/01/2567,7.2087,3.0945,4.1141,,https://web-r246-api.sec.or.th/api/forms/pdf/publish/65c06bf6fe3a25c8776bdc90,246028022402-1
CIG,นาย ชาญยุทธ บุณยเกตุ,ได้มา,หุ้น,3.2127,2.9742,6.1869,31/01/2567,3.2127,2.9742,6.1869,,https://web-r246-api.sec.or.th/api/forms/pdf/publish/65c2176ec57dfc8807429c26,246028102402-1
GLOCON,บริษัท ไทรทัน โฮลดิ้ง จำกัด (มหาชน),จำหน่าย,หุ้น,10.9511,0.9751,9.9759,31/01/2567,10.9511,0.9751,9.9759,,https://web-r246-api.sec.or.th/api/forms/pdf/publish/66039f9d947955f1f09c0614,246029152403-1
CMO,นางสาว ณิชา ชัยศิลป์วัฒนา,ได้มา,หุ้น,2.8473,4.6929,6.57,29/01/2567,4.456,6.4481,9.3858,จะลดสัดส่วนการถือหุ้น,https://web-r246-api.sec.or.th/api/forms/pdf/publish/65b7521dfb434585908b99b0,246028012401-1
CMO,นาย ฐกูร เวชพาณิชย์,ได้มา,หุ้น,1.6086,1.7552,2.8157,29/01/2567,4.456,6.4481,9.3858,จะลดสัดส่วนการถือหุ้น,https://web-r246-api.sec.or.th/api/forms/pdf/publish/65b7451dfb434585908b99ad,246028002401-1
CMO,นาย กิตติ พัวถาวรสกุล,ได้มา,หุ้น,4.355,7.8606,10.7317,25/01/2567,14.2138,14.5652,23.9359,อื่นๆ,https://web-r246-api.sec.or.th/api/forms/pdf/publish/65b3a2b4463cc4b9690acd8b,246027992401-1
CMO,นาย กิตติ พัวถาวรสกุล,ได้มา,หุ้น,4.355,7.8606,10.7317,25/01/2567,14.2138,14.5652,23.9359,ฉบับแก้ไข,https://web-r246-api.sec.or.th/api/forms/pdf/publish/65bb5c25bb387a8abfc09ed8,246027992401-2
AMR,นางสาว อุไรวรรณ แซ่หลี,จำหน่าย,หุ้น,3.0556,0.5163,2.5393,23/01/2567,5.0955,0.4892,4.6063,,https://web-r246-api.sec.or.th/api/forms/pdf/publish/65af9842f55d508dea96a203,246027922401-1
B,บริษัท มิลล์คอน สตีล จำกัด (มหาชน),จำหน่าย,หุ้น,3.2754,2.8114,0.4639,22/01/2567,5.3506,2.8114,2.5391,,https://web-r246-api.sec.or.th/api/forms/pdf/publish/65af1c984070c69f8a0cb3a3,246027962401-1
KCG,บริษัท หลักทรัพย์จัดการกองทุนรวมบัวหลวง จำกัด,จำหน่าย,หุ้น,5.0079,0.0161,4.9918,22/01/2567,5.0079,0.0161,4.9918,,https://web-r246-api.sec.or.th/api/forms/pdf/publish/65af2e034070c69f8a0cb3a4,246027912401-1
THREL,นาย ชูเกียรติ รุจนพรพจี,จำหน่าย,หุ้น,5.2459,0.6557,4.5901,22/01/2567,5.2459,0.6557,4.5901,,https://web-r246-api.sec.or.th/api/forms/pdf/publish/65cf53d00d7876ac7cbcc09f,246028322402-1
CHO,ADVANCE OPPORTUNITIES FUND,ได้มา,หุ้น,0.9224,12.0743,12.1672,18/01/2567,0.9224,24.4914,24.5843,,https://web-r246-api.sec.or.th/api/forms/pdf/publish/65aa37053d03bf341b054834,246027902401-1
CHO,ADVANCE OPPORTUNITIES FUND I,ได้มา,หุ้น,0.0,12.417,12.417,18/01/2567,0.0928,24.4914,24.5843,,https://web-r246-api.sec.or.th/api/forms/pdf/publish/65aa447d3d03bf341b054835,246027892401-1
JTS,นางสาว พร้อมศิริ สหบุญธรรม,จำหน่าย,หุ้น,5.0859,0.1797,4.9061,16/01/2567,5.0859,0.1797,4.9061,,https://web-r246-api.sec.or.th/api/forms/pdf/publish/65a7d72e4126f8c7e53edbfe,246027872401-1
MASTER,นาย พงศ์ศักดิ์ ธรรมธัชอารี,จำหน่าย,หุ้น,5.0046,0.3409,4.6637,12/01/2567,5.0046,0.3409,4.6637,,https://web-r246-api.sec.or.th/api/forms/pdf/publish/65a74968be47fd377b434b9f,246027862401-1
NETBAY,นาย พิชิต วิวัฒน์รุจิราพงศ์,จำหน่าย,หุ้น,50.0499,25.1499,24.9,12/01/2567,50.0499,25.1499,24.9,,https://web-r246-api.sec.or.th/api/forms/pdf/publish/65a63a93be47fd377b434b9a,246027842401-1
NETBAY,บริษัท ทีม คอนซัลติ้ง เอนจิเนียริ่ง แอนด์ แมเนจเมนท์ จำกัด (มหาชน),ได้มา,หุ้น,0.0,6.0,6.0,12/01/2567,0.0,6.0,6.0,,https://web-r246-api.sec.or.th/api/forms/pdf/publish/65a5fe9bbe47fd377b434b97,246027852401-1
KC,นาย สรปรัชญ์ วีระกุล,จำหน่าย,หุ้น,6.5447,3.3346,3.21,10/01/2567,6.5447,3.3346,3.21,,https://web-r246-api.sec.or.th/api/forms/pdf/publish/659fc23065070aca5550de6e,246027822401-1
KC,นาย ธีระ ปัญจมะวัต,ได้มา,หุ้น,4.8371,1.7589,6.596,08/01/2567,4.8371,1.7589,6.596,,https://web-r246-api.sec.or.th/api/forms/pdf/publish/659c162e3e32b7a849fdbc65,246027812401-1
OTO,นาย ณัฐพงศ์ ศีตวรรัตน์,จำหน่าย,หุ้น,12.4111,8.9506,3.4605,08/01/2567,12.4111,8.9506,3.4605,,https://web-r246-api.sec.or.th/api/forms/pdf/publish/659b7f056356bc8959029d73,246027782401-1
OTO,นาย ณัฐพงศ์ ศีตวรรัตน์,จำหน่าย,หุ้น,12.4111,3.4605,8.9506,08/01/2567,12.4111,3.4605,8.9506,ฉบับแก้ไข,https://web-r246-api.sec.or.th/api/forms/pdf/publish/659cafee3e32b7a849fdbc66,246027782401-2
THREL,นาย ชูเกียรติ รุจนพรพจี,จำหน่าย,หุ้น,10.0328,0.1967,9.836,08/01/2567,10.0328,0.1967,9.836,,https://web-r246-api.sec.or.th/api/forms/pdf/publish/65cf52e90d7876ac7cbcc09e,246028312402-1
KC,นางสาว พิธานัญ นภาอำไพพร,จำหน่าย,หุ้น,5.2768,2.6384,2.6384,05/01/2567,5.2768,2.6384,2.6384,,https://web-r246-api.sec.or.th/api/forms/pdf/publish/659b7dfb6356bc8959029d72,246027802401-1
PSL,บริษัท หลักทรัพย์จัดการกองทุนกรุงศรี จำกัด,จำหน่าย,หุ้น,5.1194,0.1613,4.958,03/01/2567,5.1194,0.1613,4.958,,https://web-r246-api.sec.or.th/api/forms/pdf/publish/6596695eaf5167ba44adce67,246027762401-1
RABBIT,WAKATOBI LIMITED,จำหน่าย,หุ้น,15.0101,0.0394,14.9706,03/01/2567,15.0101,0.0394,14.9706,,https://web-r246-api.sec.or.th/api/forms/pdf/publish/65975e67c82345b87d8bcc96,246027772401-1
JTS,บริษัท จัสมิน อินเตอร์เนชั่นแนล จำกัด (มหาชน),ได้มา,หุ้น,36.5604,0.3114,36.8718,28/12/2566,64.7701,0.3114,65.0816,,https://web-r246-api.sec.or.th/api/forms/pdf/publish/658cdd23c63ddb204b213465,246027712401-1
PSL,"NKS PSL TRUST, นางสาว นิชิต้า ชาห์, นาย อิษฎ์ชาญ ชาห์, บริษัท โกลเบ๊กซ์ คอร์ปอเรชั่น จำกัด, บริษัท เกรนเทรด จำกัด, บริษัท ยูนิสเตรทช์ จำกัด, บริษัท อีสต์เทิร์น เอ็นเนอร์ยี พีทีอี ลิมิเตด, บริษัท เอ็นเคเอส อินเวสเมนท์ จำกัด",เริ่มต้น Concert Party,หุ้น,44.4444,0.0,44.4444,28/12/2566,44.4444,0.0,44.4444,,https://web-r246-api.sec.or.th/api/forms/pdf/publish/65961b9baf5167ba44adce63,246027752401-1
APEX,นาง ณิชาภา ลิ่วศิริ,จำหน่าย,หุ้น,23.0439,23.0439,0.0,27/12/2566,23.0439,23.0439,0.0,,https://web-r246-api.sec.or.th/api/forms/pdf/publish/658bf27ab4192587d26b9bee,246027662312-1
APEX,นาย ปุนภพ ปุณณกิติเกษม,ได้มา,หุ้น,0.0,23.0439,23.0439,27/12/2566,0.0,23.0439,23.0439,,https://web-r246-api.sec.or.th/api/forms/pdf/publish/658bef8cb4192587d26b9bec,246027652312-1
APEX,นาย ปุนภพ ปุณณกิติเกษม,ได้มา,หุ้น,0.0,23.0439,23.0439,27/12/2566,0.0,23.0439,23.0439,ฉบับแก้ไข,https://web-r246-api.sec.or.th/api/forms/pdf/publish/6597664ac82345b87d8bcc99,246027652312-2
PACO,นางสาว พิชญ์ชนก เลิศขจรกิตติ,ได้มา,หุ้น,4.9556,1.0,5.9556,27/12/2566,4.9556,1.0,5.9556,,https://web-r246-api.sec.or.th/api/forms/pdf/publish/6594fae5b214fbed362fd1dd,246027732401-1
PACO,นาย ธเนศ เลิศขจรกิตติ,ได้มา,หุ้น,4.9906,1.0,5.9906,27/12/2566,4.9906,1.0,5.9906,,https://web-r246-api.sec.or.th/api/forms/pdf/publish/65951883b214fbed362fd1e1,246027742401-1
CHIC,นางสาว ศริตา ปัทมสัตยาสนธิ,ได้มา,หุ้น,4.4229,1.0294,5.4523,26/12/2566,4.4229,1.0294,5.4523,,https://web-r246-api.sec.or.th/api/forms/pdf/publish/658bb6e5823be1c5d827d9f1,246027642312-1
CHIC,นางสาว ศินีนา ปัทมสัตยาสนธิ,ได้มา,หุ้น,4.4229,1.0294,5.4523,26/12/2566,4.4229,1.0294,5.4523,,https://web-r246-api.sec.or.th/api/forms/pdf/publish/658a83218243d10a73171e91,246027582312-1
CHIC,นาย กิจจา ปัทมสัตยาสนธิ,จำหน่าย,หุ้น,40.7808,2.0588,38.722,26/12/2566,40.7808,2.0588,38.722,,https://web-r246-api.sec.or.th/api/forms/pdf/publish/658a82c58243d10a73171e90,246027592312-1
CHO,ADVANCE OPPORTUNITIES FUND,จำหน่าย,หุ้น,3.4772,2.8261,0.6511,26/12/2566,11.3041,10.6529,0.6511,,https://web-r246-api.sec.or.th/api/forms/pdf/publish/658c2670b4192587d26b9bef,246027672312-1
